count	internal_path
161	scene.json
83	shaders/effects/waterwaves.frag
83	effects/waterwaves/effect.json
83	shaders/effects/waterwaves.vert
83	materials/effects/waterwaves.json
70	shaders/effects/opacity.vert
70	effects/opacity/effect.json
70	materials/effects/opacity.json
70	shaders/effects/opacity.frag
63	effects/shake/effect.json
63	materials/effects/shake.json
63	shaders/effects/shake.vert
63	shaders/effects/shake.frag
54	effects/foliagesway/effect.json
54	materials/effects/foliagesway.json
54	shaders/effects/foliagesway.vert
54	shaders/effects/foliagesway.frag
44	materials/effects/waterflowphase.tex
43	effects/waterflow/effect.json
43	materials/effects/waterflow.json
43	shaders/effects/waterflow.vert
43	shaders/effects/waterflow.frag
35	effects/pulse/effect.json
35	shaders/effects/pulse.vert
35	materials/effects/pulse.json
35	shaders/effects/pulse.frag
35	materials/workshop/2981960200/effects/blur_precise_gaussian_x.json
35	effects/workshop/2981960200/blurprecise/effect.json
35	shaders/workshop/2981960200/effects/blur_precise_gaussian.vert
35	shaders/workshop/2981960200/effects/blur_precise_gaussian.frag
35	materials/workshop/2981960200/effects/blur_precise_gaussian_y.json
35	shaders/workshop/3082978660/effects/Simple_Audio_Bars.frag
35	materials/workshop/3082978660/effects/Simple_Audio_Bars.json
35	shaders/workshop/3082978660/effects/Simple_Audio_Bars.vert
35	fonts/workshop/2981960200/Quicksand-Bold.otf
31	shaders/effects/blur_precise_gaussian.frag
31	effects/blurprecise/effect.json
31	materials/effects/blur_precise_gaussian_x.json
31	shaders/effects/blur_precise_gaussian.vert
31	materials/effects/blur_precise_gaussian_y.json
31	effects/workshop/3082978660/enhanced_simple_audio_bars/effect.json
30	shaders/effects/waterripple.vert
30	effects/waterripple/effect.json
30	materials/effects/waterripple.json
30	shaders/effects/waterripple.frag
30	materials/effects/waterripplenormal.tex
29	models/背景.json
29	materials/背景.json
29	materials/背景.tex
28	materials/workshop/2795521260/effects/color_grading.json
28	effects/workshop/2795521260/color_grading/effect.json
28	shaders/workshop/2795521260/effects/color_grading.vert
28	shaders/workshop/2795521260/effects/color_grading.frag
28	effects/scroll/effect.json
28	materials/effects/scroll.json
28	shaders/effects/scroll.vert
28	shaders/effects/scroll.frag
27	shaders/effects/tint.vert
27	shaders/effects/tint.frag
27	effects/tint/effect.json
27	materials/effects/tint.json
27	effects/lightshafts/effect.json
27	materials/effects/lightshafts.json
27	shaders/effects/lightshafts.vert
27	shaders/effects/lightshafts.frag
26	materials/presets/trail_1.json
26	particles/presets/trail_1.json
25	effects/iris/effect.json
25	materials/effects/iris.json
25	shaders/effects/iris.vert
25	shaders/effects/iris.frag
23	materials/particle/流星.tex
22	fonts/书法字体.ttf
21	materials/presets/snowperspective.json
21	particles/presets/snowperspective.json
21	materials/赞助.tex
21	scripts/camera_paths_1297271.json
20	materials/presets/ember.json
20	particles/presets/ember.json
20	models/新建画布2.json
20	materials/新建画布2.json
20	fonts/workshop/2981960200/Anurati-Regular.otf
20	shaders/effects/depthparallax.frag
20	effects/depthparallax/effect.json
20	materials/effects/depthparallax.json
20	shaders/effects/depthparallax.vert
19	materials/effects/godrays_downsample2.json
19	shaders/effects/godrays_downsample2.frag
19	shaders/effects/godrays_cast.vert
19	effects/godrays/effect.json
19	shaders/effects/godrays_gaussian.frag
19	shaders/effects/godrays_downsample2.vert
19	particles/presets/emberglow.json
19	materials/effects/godrays_cast.json
19	shaders/effects/godrays_cast.frag
19	shaders/effects/godrays_gaussian.vert
19	materials/effects/godrays_gaussian_x.json
19	materials/effects/godrays_gaussian_y.json
19	materials/effects/godrays_combine.json
19	shaders/effects/godrays_combine.vert
19	shaders/effects/godrays_combine.frag
19	materials/presets/emberglow.json
19	fonts/2.ttf
18	particles/presets/fireflies.json
18	materials/presets/fireflies.json
18	shaders/effects/blur_downsample4.frag
18	shaders/effects/blur_combine.vert
18	effects/blur/effect.json
18	materials/effects/blur_gaussian_x.json
18	materials/effects/blur_downsample4.json
18	materials/effects/blur_combine.json
18	shaders/effects/blur_downsample4.vert
18	shaders/effects/blur_gaussian.vert
18	shaders/effects/blur_gaussian.frag
18	materials/effects/blur_gaussian_y.json
18	shaders/effects/blur_combine.frag
17	materials/presets/firefliestrail.json
17	particles/presets/firefliestrail.json
17	particles/presets/leaves5.json
17	materials/presets/leaves5.json
17	materials/workshop/2718465779/effects/pulse_.json
17	effects/workshop/2718465779/pulse_/effect.json
17	shaders/workshop/2718465779/effects/pulse_.vert
17	shaders/workshop/2718465779/effects/pulse_.frag
17	materials/effects/filmgrain.json
17	effects/filmgrain/effect.json
17	shaders/effects/filmgrain.vert
17	shaders/effects/filmgrain.frag
17	shaders/effects/spin.frag
17	effects/spin/effect.json
17	materials/effects/spin.json
17	shaders/effects/spin.vert
16	effects/workshop/3219510589/tint/effect.json
16	materials/workshop/3219510589/effects/tint.json
16	shaders/workshop/3219510589/effects/tint.vert
16	shaders/workshop/3219510589/effects/tint.frag
15	particles/presets/fog1.json
15	materials/presets/fog1.json
14	effects/blend/effect.json
14	shaders/effects/blend.frag
14	materials/effects/blend.json
14	shaders/effects/blend.vert
13	materials/presets/rainperspective.json
13	particles/presets/rainperspective.json
12	materials/workshop/2084198056/effects/Simple_Audio_Bars.json
12	shaders/workshop/2084198056/effects/Simple_Audio_Bars.vert
12	effects/workshop/2084198056/Simple_Audio_Bars/effect.json
12	shaders/workshop/2084198056/effects/Simple_Audio_Bars.frag
12	materials/workshop/3219510589/effects/blendgradient.json
12	models/workshop/3219510589/corners.json
12	shaders/workshop/3219510589/effects/opacity.frag
12	materials/workshop/3219510589/corner4.tex
12	materials/workshop/3219510589/dragAndDropToggle.tex
12	models/workshop/3219510589/COGWHEEL.json
12	models/workshop/3219510589/corner5.json
12	models/workshop/3219510589/play.json
12	shaders/workshop/3219510589/effects/blendgradient.frag
12	materials/workshop/3219510589/corner5.json
12	materials/workshop/3219510589/corner5.tex
12	fonts/workshop/3219510589/LEMONMILK-Bold.otf
12	models/workshop/3219510589/corner4.json
12	models/workshop/3219510589/textOrientationToggle.json
12	materials/workshop/3219510589/corner4.json
12	materials/workshop/3219510589/textOrientationToggle.tex
12	models/workshop/3219510589/dragAndDropToggle.json
12	materials/workshop/3219510589/text_viss0.tex
12	models/workshop/3219510589/solid_instance_model_b5d59996.json
12	effects/workshop/3219510589/opacity/effect.json
12	materials/workshop/3219510589/effects/opacity.json
12	shaders/workshop/3219510589/effects/opacity.vert
12	materials/workshop/3219510589/corners.json
12	materials/workshop/3219510589/corners.tex
12	materials/workshop/3219510589/opacitymap1.tex
12	fonts/workshop/3219510589/LEMONMILK-Light.otf
12	materials/workshop/3219510589/dragAndDropToggle.json
12	models/workshop/3219510589/clockHideToggle.json
12	models/workshop/3219510589/clockOrientationToggle.json
12	materials/workshop/3219510589/clockHideToggle.json
12	materials/workshop/3219510589/clockHideToggle.tex
12	materials/workshop/3219510589/clockOrientationToggle.json
12	materials/workshop/3219510589/clockOrientationToggle.tex
12	materials/workshop/3219510589/textOrientationToggle.json
12	effects/workshop/3219510589/blendgradient/effect.json
12	shaders/workshop/3219510589/effects/blendgradient.vert
12	materials/workshop/3219510589/play.json
12	materials/workshop/3219510589/play.tex
12	models/workshop/3219510589/pause.json
12	materials/workshop/3219510589/pause.json
12	materials/workshop/3219510589/pause.tex
12	materials/workshop/3219510589/COGWHEEL.json
12	materials/workshop/3219510589/COGWHEEL.tex
12	models/workshop/3219510589/freem.json
12	materials/workshop/3219510589/freem.json
12	materials/workshop/3219510589/freem.tex
11	materials/workshop/2562725207/presets/shootingstarglow.json
11	particles/workshop/2562725207/presets/shootingstarglow.json
11	shaders/workshop/2822917890/effects/light_map.frag
11	shaders/workshop/2822917890/effects/light_map.vert
11	effects/workshop/2822917890/bloom/effect.json
11	materials/workshop/2822917890/effects/light_map.json
11	shaders/workshop/2822917890/effects/blur_gaussian.vert
11	materials/workshop/2822917890/effects/blur_gaussian_x.json
11	shaders/workshop/2822917890/effects/blur_gaussian.frag
11	materials/workshop/2822917890/effects/blur_gaussian_y.json
11	materials/workshop/2822917890/effects/apply.json
11	shaders/workshop/2822917890/effects/apply.vert
11	shaders/workshop/2822917890/effects/apply.frag
11	shaders/workshop/2798319181/effects/gaussian.vert
11	effects/workshop/2798319181/bokeh_blur/effect.json
11	materials/workshop/2798319181/effects/downsample.json
11	shaders/workshop/2798319181/effects/downsample.vert
11	shaders/workshop/2798319181/effects/downsample.frag
11	materials/workshop/2798319181/effects/coc.json
11	shaders/workshop/2798319181/effects/coc.vert
11	shaders/workshop/2798319181/effects/coc.frag
11	materials/workshop/2798319181/effects/gaussian_precise_x.json
11	shaders/workshop/2798319181/effects/gaussian.frag
11	materials/workshop/2798319181/effects/gaussian_precise_y.json
11	materials/workshop/2798319181/effects/bokeh.json
11	shaders/workshop/2798319181/effects/bokeh.vert
11	shaders/workshop/2798319181/effects/bokeh.frag
11	materials/workshop/2798319181/effects/gaussian_x.json
11	materials/workshop/2798319181/effects/gaussian_y.json
11	materials/workshop/3181337767/particle/halo_1_1.json
11	particles/workshop/3181337767/wind-blur.json
11	effects/workshop/3157623591/geometric_transform/effect.json
11	materials/workshop/3157623591/effects/geometric_transform.json
11	shaders/workshop/3157623591/effects/geometric_transform.vert
11	shaders/workshop/3157623591/effects/geometric_transform.frag
10	models/1.json
10	materials/1.json
10	materials/1.tex
10	shaders/effects/shine_combine.frag
10	effects/shine/effect.json
10	materials/effects/shine_downsample2.json
10	materials/effects/shine_combine.json
10	shaders/effects/shine_gaussian.frag
10	shaders/effects/shine_gaussian.vert
10	materials/workshop/2562725207/particle/halo_1_1.json
10	particles/workshop/2562725207/Star_01.json
10	materials/workshop/2562725207/particle/halo_1_1_4.json
10	materials/workshop/2562725207/particle/Star_04.tex
10	particles/workshop/2562725207/Star_04.json
10	shaders/effects/shine_downsample2.vert
10	shaders/effects/shine_downsample2.frag
10	materials/effects/shine_cast.json
10	shaders/effects/shine_cast.vert
10	shaders/effects/shine_cast.frag
10	materials/effects/shine_gaussian_x.json
10	materials/effects/shine_gaussian_y.json
10	shaders/effects/shine_combine.vert
10	models/人物.json
10	materials/人物.json
10	materials/人物.tex
9	materials/particle/halo_1.json
9	materials/workshop/2093672045/particle/halo_8_1.json
9	particles/workshop/2093672045/Cherry_Blossoms_2.json
9	shaders/effects/perspective.vert
9	shaders/effects/perspective.frag
9	effects/perspective/effect.json
9	materials/effects/perspective.json
9	shaders/effects/reflection.vert
9	effects/reflection/effect.json
9	materials/effects/reflection.json
9	shaders/effects/reflection.frag
9	particles/workshop/2232966846/Stars_copy1.json
9	materials/workshop/2232966846/particle/halo_1.json
9	models/网盘.json
9	materials/网盘.json
9	materials/网盘.tex
9	effects/twirl/effect.json
9	materials/effects/twirl.json
9	shaders/effects/twirl.vert
9	shaders/effects/twirl.frag
9	particles/new_particle_system.json
9	materials/effects/chromatic_aberration.json
9	effects/chromaticaberration/effect.json
9	shaders/effects/chromatic_aberration.vert
9	shaders/effects/chromatic_aberration.frag
9	materials/workshop/2562725207/particle/halo_1_1_1_2.json
9	particles/workshop/2562725207/Star_06.json
9	models/人物_puppet.mdl
9	models/workshop/3219510589/CircleXXXS.json
9	materials/workshop/3219510589/CircleXXXS.json
9	materials/workshop/3219510589/CircleXXXS.tex
9	particles/presets/fog2.json
9	materials/presets/fog2.json
9	materials/workshop/2822917890/effects/down_sample.json
9	shaders/workshop/2822917890/effects/down_sample.vert
9	shaders/workshop/2822917890/effects/down_sample.frag
9	materials/workshop/2822917890/effects/up_sample.json
9	shaders/workshop/2822917890/effects/up_sample.vert
9	shaders/workshop/2822917890/effects/up_sample.frag
9	shaders/workshop/3021673417/effects/Simple_Audio_Bars.vert
9	effects/workshop/3021673417/Simple_Audio_Bars/effect.json
9	materials/workshop/3021673417/effects/Simple_Audio_Bars.json
9	shaders/workshop/3021673417/effects/Simple_Audio_Bars.frag
9	effects/shimmer/effect.json
9	materials/effects/shimmer.json
9	shaders/effects/shimmer.vert
9	shaders/effects/shimmer.frag
8	particles/presets/snowflat.json
8	materials/presets/snowflat.json
8	materials/presets/light_shafts_1.json
8	particles/presets/light_shafts_1.json
8	materials/particle/halo_2.json
8	materials/presets/dust_motes_0.json
8	particles/presets/dust_motes_0.json
8	materials/workshop/2446129945/particle/particles 256x1280 blank.tex
8	materials/workshop/2446129945/particle/particles 256x1280N.tex
8	effects/workshop/2138904733/cutout_vignette/effect.json
8	materials/workshop/2138904733/effects/cutout_vignette.json
8	shaders/workshop/2138904733/effects/cutout_vignette.vert
8	shaders/workshop/2138904733/effects/cutout_vignette.frag
8	shaders/workshop/2978738836/effects/blend.vert
8	materials/workshop/2978738836/effects/spin.json
8	effects/workshop/2978738836/blendgradient/effect.json
8	shaders/workshop/2978738836/effects/blendgradient.frag
8	shaders/workshop/2978738836/effects/blur_precise_gaussian.frag
8	materials/workshop/2978738836/effects/blend.json
8	effects/workshop/2978738836/blend/effect.json
8	shaders/workshop/2978738836/effects/blend.frag
8	shaders/workshop/2978738836/effects/blur_precise_gaussian.vert
8	materials/workshop/2978738836/500x500.tex
8	materials/workshop/2978738836/effects/blendgradient.json
8	shaders/workshop/2978738836/effects/blendgradient.vert
8	effects/workshop/2978738836/spin/effect.json
8	shaders/workshop/2978738836/effects/spin.vert
8	shaders/workshop/2978738836/effects/spin.frag
8	effects/workshop/2978738836/blurprecise/effect.json
8	materials/workshop/2978738836/effects/blur_precise_gaussian_x.json
8	materials/workshop/2978738836/effects/blur_precise_gaussian_y.json
8	materials/presets/light_shafts_0.json
8	particles/presets/light_shafts_0.json
8	materials/workshop/2562725207/particle/Star_05.tex
8	particles/workshop/2562725207/Star_05.json
8	materials/workshop/2562725207/particle/halo_1_1_4_1.json
8	materials/workshop/2626112187/particle/halo_2.json
8	materials/workshop/2626112187/particle/birds_128x120x16.tex
8	particles/workshop/2626112187/birds.json
8	models/身体.json
8	materials/身体.json
8	materials/身体.tex
8	shaders/effects/colorkey.frag
8	materials/effects/colorkey.json
8	effects/colorkey/effect.json
8	shaders/effects/colorkey.vert
8	shaders/effects/cloudmotion.frag
8	effects/cloudmotion/effect.json
8	materials/effects/cloudmotion.json
8	shaders/effects/cloudmotion.vert
8	effects/cursorripple/effect.json
8	shaders/effects/cursorripple_simulate_force.frag
8	materials/effects/cursorripple_apply_force.json
8	shaders/effects/cursorripple_combine.frag
8	shaders/effects/cursorripple_apply_force.vert
8	shaders/effects/cursorripple_apply_force.frag
8	materials/effects/cursorripple_simulate_force.json
8	shaders/effects/cursorripple_simulate_force.vert
8	materials/effects/cursorripple_combine.json
8	shaders/effects/cursorripple_combine.vert
8	effects/workshop/3235948233/auto_sway/effect.json
8	materials/workshop/3235948233/effects/auto_sway.json
8	shaders/workshop/3235948233/effects/auto_sway.vert
8	shaders/workshop/3235948233/effects/auto_sway.frag
8	fonts/workshop/3184554659/Anurati-Regular.otf
8	fonts/workshop/3184554659/Quicksand-Bold.otf
8	effects/workshop/3184554659/blurprecise/effect.json
8	materials/workshop/3184554659/effects/blur_precise_gaussian_x.json
8	shaders/workshop/3184554659/effects/blur_precise_gaussian.vert
8	shaders/workshop/3184554659/effects/blur_precise_gaussian.frag
8	materials/workshop/3184554659/effects/blur_precise_gaussian_y.json
7	particles/workshop/2097513175/Stars.json
7	materials/图层 1.tex
7	materials/workshop/2097513175/particle/halo_1.json
7	materials/图层 2.tex
7	shaders/workshop/2098390419/effects/scroll.frag
7	particles/workshop/2562725207/Shooting_Star_01.json
7	models/workshop/2098390419/clouds2.json
7	materials/workshop/2098390419/clouds2.json
7	materials/workshop/2098390419/clouds2.tex
7	effects/workshop/2098390419/scroll/effect.json
7	materials/workshop/2098390419/effects/scroll.json
7	shaders/workshop/2098390419/effects/scroll.vert
7	materials/workshop/2562725207/particle/shootingstar_2_2.json
7	models/workshop/2978738836/pngfind.com-vinyl-disc-png-4611544.json
7	materials/workshop/2978738836/pngfind.com-vinyl-disc-png-4611544.json
7	shaders/effects/motionblur_combine.frag
7	effects/motionblur/effect.json
7	materials/effects/motionblur_accumulation.json
7	shaders/effects/motionblur_accumulation.vert
7	shaders/effects/motionblur_accumulation.frag
7	materials/effects/motionblur_combine.json
7	shaders/effects/motionblur_combine.vert
7	effects/workshop/3082978660/simple_audio_bars_modified/effect.json
7	materials/workshop/2978738836/coooorl.tex
7	models/workshop/2978738836/coooorl.json
7	materials/workshop/2978738836/coooorl.json
7	materials/头.tex
7	models/头.json
7	materials/头.json
7	materials/workshop/2914579837/particle/shootingstar_1.json
7	particles/workshop/2914579837/deku_twinkle_shootingstar.json
7	materials/workshop/2914579837/presets/shootingstarglow.json
7	particles/workshop/2914579837/presets/shootingstarglow.json
7	models/workshop/3573886911/solid_instance_model_2ddfb9d9.json
6	materials/图层 1.json
6	models/图层 1.json
6	materials/图层 2.json
6	models/图层 2.json
6	materials/effects/localcontrast_downsample4.json
6	shaders/effects/localcontrast_combine.vert
6	shaders/effects/localcontrast_downsample4.frag
6	effects/localcontrast/effect.json
6	shaders/effects/localcontrast_downsample4.vert
6	materials/effects/localcontrast_gaussian_x.json
6	shaders/effects/localcontrast_gaussian.vert
6	shaders/effects/localcontrast_gaussian.frag
6	materials/effects/localcontrast_gaussian_y.json
6	materials/effects/localcontrast_combine.json
6	shaders/effects/localcontrast_combine.frag
6	particles/workshop/2446129945/rain_on_the_glass_copy1.json
6	particles/workshop/2446129945/Rain2.json
6	materials/workshop/2446129945/particle/halo_50_1.json
6	materials/workshop/2446129945/particle/halo_16.json
6	models/2.json
6	materials/2.json
6	materials/2.tex
6	materials/presets/ash.json
6	particles/presets/ash.json
6	effects/workshop/2487531853/lens_flare_sun/effect.json
6	shaders/workshop/2487531853/effects/lens_flare_sun.frag
6	particles/presets/shootingstarglow.json
6	materials/presets/shootingstar.json
6	particles/presets/shootingstar.json
6	materials/presets/shootingstarglow.json
6	materials/workshop/2487531853/effects/lens_flare_sun.json
6	shaders/workshop/2487531853/effects/lens_flare_sun.vert
6	materials/effects/transform.json
6	shaders/effects/transform.vert
6	effects/transform/effect.json
6	shaders/effects/transform.frag
6	effects/swing/effect.json
6	materials/effects/swing.json
6	shaders/effects/swing.vert
6	shaders/effects/swing.frag
6	effects/vhs/effect.json
6	materials/effects/vhs.json
6	shaders/effects/vhs.vert
6	shaders/effects/vhs.frag
6	materials/workshop/2978738836/pngfind.com-vinyl-disc-png-4611544.tex
6	materials/workshop/2128373241/particle/halo_1_1_1_1.json
6	materials/workshop/2128373241/particle/halo_1_1.json
6	particles/workshop/2128373241/Rain_Splash_copy2.json
6	particles/workshop/2128373241/Rain_Splash_Drops_copy1.json
6	materials/workshop/2914579837/particle/halo_1_1.json
6	materials/workshop/2914579837/particle/[CITYPNG.COM]Golden Sparkle Light Star HD PNG-128.tex
6	particles/workshop/2914579837/deku_twinkle_star_shine.json
6	materials/workshop/2328851328/presets/snowperspective.json
6	particles/workshop/2328851328/presets/snowperspective.json
6	materials/particle/halo_1_1.json
6	materials/particle/halo_2_1.json
6	materials/主发.tex
6	models/主发.json
6	materials/主发.json
6	materials/workshop/3573886911/effects/frame_builder_by_gariam.json
6	materials/workshop/3573886911/effects/custom_user_texture.json
6	materials/workshop/3573886911/default_dock_icon.tex
6	shaders/workshop/3573886911/effects/user_texture_alpha_overwrite_workaround.vert
6	effects/workshop/3573886911/frame_builder_by_gariam/effect.json
6	shaders/workshop/3573886911/effects/frame_builder_by_gariam.vert
6	shaders/workshop/3573886911/effects/frame_builder_by_gariam.frag
6	effects/workshop/3573886911/custom_user_texture/effect.json
6	shaders/workshop/3573886911/effects/custom_user_texture.vert
6	shaders/workshop/3573886911/effects/custom_user_texture.frag
6	effects/workshop/3573886911/user_texture_alpha_overwrite_workaround/effect.json
6	materials/workshop/3573886911/effects/user_texture_alpha_overwrite_workaround.json
6	shaders/workshop/3573886911/effects/user_texture_alpha_overwrite_workaround.frag
5	shaders/workshop/2078835426/effects/pixelate.frag
5	effects/workshop/2078835426/pixelate/effect.json
5	materials/workshop/2078835426/effects/pixelate.json
5	shaders/workshop/2078835426/effects/pixelate.vert
5	fonts/Tourner (101).ttf
5	fonts/chaozishehaoxiashoushujianfan.ttf
5	fonts/Tourner (100).ttf
5	materials/workshop/2820123291/particle/halo_2_2.json
5	materials/workshop/2820123291/particle/Boke_hex_tex.tex
5	materials/workshop/2820123291/particle/halo_2_1.json
5	particles/workshop/2820123291/bokeh_Hex.json
5	materials/workshop/2820123291/particle/Bokeh_cir_tex.tex
5	particles/workshop/2820123291/Bokeh_Cir.json
5	shaders/workshop/2821337237/effects/shadow_map.frag
5	materials/workshop/2821337237/effects/crt_screen.json
5	shaders/workshop/2821337237/effects/crt_screen.frag
5	shaders/workshop/2821337237/effects/shadow_map.vert
5	materials/workshop/2821337237/effects/shadow_map.json
5	effects/workshop/2821337237/crt_screen/effect.json
5	shaders/workshop/2821337237/effects/crt_screen.vert
5	materials/workshop/2116673772/effects/crt_scan_line.json
5	shaders/workshop/2116673772/effects/crt_scan_line.frag
5	effects/workshop/2116673772/crt_scan_line/effect.json
5	shaders/workshop/2116673772/effects/crt_scan_line.vert
5	models/提示框2.json
5	materials/提示框2.json
5	particles/presets/ember_small.json
5	materials/presets/ember_small.json
5	materials/effects/skew.json
5	effects/skew/effect.json
5	shaders/effects/skew.vert
5	shaders/effects/skew.frag
5	shaders/workshop/2193274282/effects/hue_shift.vert
5	shaders/workshop/2193274282/effects/hue_shift.frag
5	materials/workshop/2799421411/effects/audio_responsive_oscilloscope.json
5	effects/workshop/2193274282/hue_shift/effect.json
5	materials/workshop/2193274282/effects/hue_shift.json
5	materials/presets/emberglow_small.json
5	particles/presets/emberglow_small.json
5	effects/workshop/2799421411/audio_responsive_oscilloscope/effect.json
5	shaders/workshop/2799421411/effects/audio_responsive_oscilloscope.vert
5	shaders/workshop/2799421411/effects/audio_responsive_oscilloscope.frag
5	materials/presets/magic_charge.json
5	particles/presets/magic_charge.json
5	materials/particle/leaves5_1.json
5	materials/workshop/3219510589/text_visso.tex
5	materials/workshop/2829005144/presets/fireworks_halo.json
5	materials/workshop/2829005144/presets/fireworks_halo_4.json
5	particles/workshop/2829005144/presets/fireworks1hit.json
5	materials/workshop/2829005144/presets/fireworks_hit_distort.json
5	particles/workshop/2829005144/presets/fireworks1.json
5	particles/workshop/2829005144/presets/fireworkshitdistort.json
5	materials/workshop/2478413376/particle/halo_1.json
5	materials/workshop/2478413376/particle/bird sprite sheet.tex
5	particles/workshop/2478413376/Bird.json
5	models/身体_puppet.mdl
5	materials/workshop/2491377235/presets/dust_motes_0.json
5	particles/workshop/2491377235/presets/dust_motes_0.json
5	models/眼睛_puppet.mdl
5	models/眼睛.json
5	materials/眼睛.json
5	materials/眼睛.tex
5	effects/workshop/2865559209/shine/effect.json
5	shaders/workshop/2865559209/effects/shine_downsample2.vert
5	materials/workshop/2865559209/effects/shine_downsample2.json
5	shaders/workshop/2865559209/effects/shine_downsample2.frag
5	materials/workshop/2865559209/effects/shine_cast.json
5	shaders/workshop/2865559209/effects/shine_cast.vert
5	shaders/workshop/2865559209/effects/shine_cast.frag
5	materials/workshop/2865559209/effects/shine_gaussian_x.json
5	shaders/workshop/2865559209/effects/shine_gaussian.vert
5	shaders/workshop/2865559209/effects/shine_gaussian.frag
5	materials/workshop/2865559209/effects/shine_gaussian_y.json
5	materials/workshop/2865559209/effects/shine_combine.json
5	shaders/workshop/2865559209/effects/shine_combine.vert
5	shaders/workshop/2865559209/effects/shine_combine.frag
5	models/workshop/2183623986/second lense.json
5	materials/workshop/2183623986/second lense.json
5	materials/workshop/2183623986/second lense.tex
5	models/workshop/2183623986/4th lense.json
5	materials/workshop/2183623986/4th lense.json
5	materials/workshop/2183623986/4th lense.tex
5	fonts/千图马克手写体.ttf
5	materials/presets/rain_screen.json
5	particles/presets/rain_screen_4k.json
5	materials/presets/rain_screen_static.json
5	particles/presets/rain_screen_static_4k.json
5	materials/presets/rain_screen_fast.json
5	particles/presets/rain_screen_fast_4k.json
5	materials/presets/rain_screen_fast_child.json
5	particles/presets/rain_screen_fast_child.json
4	models/图层 10.json
4	materials/图层 10.json
4	materials/图层 10.tex
4	models/图层 4.json
4	materials/图层 4.json
4	materials/图层 4.tex
4	materials/三角.tex
4	effects/workshop/2423877731/chromatic_aberration/effect.json
4	shaders/workshop/2423877731/effects/chromatic_aberration.vert
4	materials/三角.json
4	materials/workshop/2423877731/effects/chromatic_aberration.json
4	shaders/workshop/2423877731/effects/chromatic_aberration.frag
4	models/三角.json
4	materials/workshop/2888067659/particle/wind_test.tex
4	materials/workshop/2888067659/particle/halo_1_1.json
4	particles/workshop/2888067659/wind-blur.json
4	shaders/workshop/2846660316/effects/_________________________________.frag
4	effects/workshop/2846660316/_________________________________/effect.json
4	materials/workshop/2846660316/effects/_________________________________.json
4	shaders/workshop/2846660316/effects/_________________________________.vert
4	materials/workshop/2511104820/particle/halo_3_1.json
4	materials/workshop/2511104820/particle/birdspritesheet1.tex
4	particles/workshop/2562725207/Star_02.json
4	materials/workshop/2562725207/particle/halo_1_1_1.json
4	particles/workshop/2511104820/Birds_parent.json
4	materials/workshop/2511104820/particle/halo_3_1_1.json
4	particles/workshop/2511104820/bird_child.json
4	particles/workshop/2446146941/notes1_simple_copy1.json
4	materials/workshop/2446146941/particle/halo_22_1.json
4	materials/workshop/2446146941/particle/notes_sprite_sheet_130x258_41.tex
4	materials/workshop/2761147720/particle/halo_3_1_1.json
4	particles/workshop/2761147720/sleep_arial-black.json
4	models/background.json
4	materials/background.json
4	effects/workshop/2978738836/opacity/effect.json
4	materials/workshop/2978738836/masks/opacity_mask_fbb39359.tex
4	materials/workshop/2978738836/effects/opacity.json
4	shaders/workshop/2978738836/effects/opacity.vert
4	shaders/workshop/2978738836/effects/opacity.frag
4	materials/workshop/2128373241/presets/raindownpour.json
4	particles/workshop/2128373241/presets/raindownpour.json
4	particles/presets/magic_charge_rays.json
4	materials/3.json
4	models/3.json
4	materials/3.tex
4	models/4.json
4	materials/4.json
4	materials/4.tex
4	materials/presets/magic_charge_rays.json
4	materials/左马尾.tex
4	shaders/effects/fisheye.frag
4	materials/effects/fisheye.json
4	models/左马尾.json
4	shaders/effects/fisheye.vert
4	materials/左马尾.json
4	models/右马尾.json
4	materials/右马尾.json
4	materials/右马尾.tex
4	models/脸.json
4	materials/脸.json
4	materials/脸.tex
4	effects/fisheye/effect.json
4	models/背景2.json
4	materials/背景2.json
4	materials/workshop/2328851328/particle/雪花.jpg.tex
4	materials/workshop/2779107487/workshop/2084198056/effects/Simple_Audio_Bars.json
4	shaders/workshop/2779107487/workshop/2084198056/effects/Simple_Audio_Bars.vert
4	effects/workshop/2779107487/workshop/2084198056/Simple_Audio_Bars/effect.json
4	shaders/workshop/2779107487/workshop/2084198056/effects/Simple_Audio_Bars.frag
4	fonts/刘欢卡通手书1.07.ttf
4	materials/presets/smoke1.json
4	particles/presets/smoke1.json
4	materials/workshop/2924967132/effects/procedural_noise.json
4	effects/workshop/2924967132/procedural_noise/effect.json
4	shaders/workshop/2924967132/effects/procedural_noise.vert
4	fonts/禹卫书法行书简体.ttf
4	shaders/workshop/2924967132/effects/procedural_noise.frag
4	effects/workshop/3083593512/rounded_mask/effect.json
4	shaders/workshop/3083593512/effects/rounded_mask.vert
4	shaders/workshop/3083593512/effects/rounded_mask.frag
4	materials/workshop/3083593512/effects/rounded_mask.json
4	fonts/Jost-Medium.ttf
4	models/头发.json
4	materials/头发.json
4	materials/头发.tex
4	models/头发_puppet.mdl
4	models/手.json
4	materials/手.json
4	materials/手.tex
4	fonts/Aa后浪行楷.ttf
4	fonts/方正琥珀简体.ttf
4	fonts/SmileySans-Oblique.ttf
4	fonts/汉仪彩云体简.ttf
4	fonts/李旭科书法.ttf
4	fonts/千图笔锋手写体.ttf
4	fonts/LEVIBRUSH.ttf
4	fonts/opentype (1).otf
4	fonts/Tourner (440).ttf
4	fonts/Tourner (544).ttf
4	materials/presets/leaves1.json
4	particles/presets/leaves1.json
4	particles/workshop/2829005144/presets/fireworks1flare.json
4	materials/workshop/2491377235/particle/bokeh.tex
4	models/workshop/2183623986/3rd lense.json
4	materials/workshop/2183623986/3rd lense.json
4	materials/workshop/2183623986/3rd lense.tex
4	effects/watercaustics/effect.json
4	materials/effects/caustics.json
4	shaders/effects/caustics.vert
4	shaders/effects/caustics.frag
4	materials/眉毛.tex
4	models/眉毛.json
4	materials/眉毛.json
4	effects/workshop/3124095265/fade/effect.json
4	materials/workshop/3124095265/effects/fade.json
4	shaders/workshop/3124095265/effects/fade.vert
4	shaders/workshop/3124095265/effects/fade.frag
4	models/刘海.json
4	materials/刘海.json
4	materials/刘海.tex
4	materials/workshop/2991402338/particle/fog1_1_1.json
4	particles/workshop/2991402338/Gusts_of_wind.json
4	models/右垂发.json
4	materials/右垂发.json
4	materials/右垂发.tex
4	materials/workshop/2944127259/effects/scroll.json
4	materials/workshop/2944127259/effects/waterripple.json
4	models/workshop/2944127259/clouds2.json
4	materials/workshop/2944127259/clouds2.json
4	materials/workshop/2944127259/clouds.tex
4	effects/workshop/2944127259/scroll/effect.json
4	shaders/workshop/2944127259/effects/scroll.vert
4	shaders/workshop/2944127259/effects/scroll.frag
4	effects/workshop/2944127259/waterripple/effect.json
4	shaders/workshop/2944127259/effects/waterripple.vert
4	shaders/workshop/2944127259/effects/waterripple.frag
4	materials/workshop/2944127259/effects/waterripplenormal.tex
4	shaders/effects/blur_radial_gaussian.frag
4	materials/effects/blur_radial_gaussian.json
4	shaders/effects/blur_radial_gaussian.vert
4	effects/blurradial/effect.json
4	fonts/workshop/3424038533/Garet-Book.otf
4	effects/workshop/3424038533/blurprecise/effect.json
4	materials/workshop/3424038533/effects/blur_precise_gaussian_x.json
4	shaders/workshop/3424038533/effects/blur_precise_gaussian.vert
4	shaders/workshop/3424038533/effects/blur_precise_gaussian.frag
4	materials/workshop/3424038533/effects/blur_precise_gaussian_y.json
4	shaders/workshop/3221939295/effects/____________________.vert
4	shaders/workshop/3221939295/effects/____________________.frag
4	effects/workshop/3221939295/____________________/effect.json
4	materials/workshop/3221939295/effects/____________________.json
3	materials/呆毛.json
3	models/呆毛.json
3	materials/呆毛.tex
3	models/图层 9.json
3	materials/图层 9.json
3	materials/图层 5.tex
3	materials/图层 3.tex
3	materials/workshop/2097947622/particle/starfield_1.json
3	particles/workshop/2097947622/1.json
3	materials/图层 9.tex
3	models/图层 8.json
3	materials/图层 7.tex
3	materials/图层 8.tex
3	models/图层 3.json
3	materials/图层 3.json
3	models/图层 5.json
3	materials/图层 5.json
3	materials/图层 8.json
3	shaders/workshop/2800594362/effects/clipping_mask.vert
3	shaders/workshop/2800594362/effects/clipping_mask.frag
3	effects/workshop/2800594362/clipping_mask/effect.json
3	materials/workshop/2800594362/effects/clipping_mask.json
3	shaders/workshop/2499516781/effects/fisheye.vert
3	effects/workshop/2499516781/fisheye/effect.json
3	materials/workshop/2499516781/effects/fisheye.json
3	shaders/workshop/2499516781/effects/fisheye.frag
3	models/2025赞助.json
3	materials/2025赞助.json
3	materials/2025赞助.tex
3	materials/workshop/2499516781/cropped.tex
3	models/workshop/2499516781/cropped.json
3	materials/workshop/2499516781/cropped.json
3	effects/workshop/2499516781/colorkey/effect.json
3	materials/workshop/2499516781/effects/colorkey.json
3	shaders/workshop/2499516781/effects/colorkey.vert
3	shaders/workshop/2499516781/effects/colorkey.frag
3	effects/workshop/2499516781/tint/effect.json
3	materials/workshop/2499516781/effects/tint.json
3	shaders/workshop/2499516781/effects/tint.vert
3	shaders/workshop/2499516781/effects/tint.frag
3	materials/workshop/2446129945/particle/halo_15_3.json
3	particles/workshop/2446129945/wet_snow1.json
3	effects/workshop/2552475732/gradient_color/effect.json
3	materials/workshop/2552475732/effects/gradient_color.json
3	shaders/workshop/2552475732/effects/gradient_color.vert
3	shaders/workshop/2552475732/effects/gradient_color.frag
3	materials/workshop/2251009624/particle/raindownpour_1.json
3	materials/workshop/2251009624/particle/Rain refraction.tex
3	particles/workshop/2251009624/Rain_down_pour_x_copy1.json
3	materials/workshop/2446129945/particle/halo_50.json
3	particles/workshop/2446129945/Rain_1.json
3	models/窗边的伊蕾娜 昼夜变化.json
3	materials/窗边的伊蕾娜 昼夜变化.json
3	sounds/【8K120FPS·Hi-Res】全站最高音画质 魔女之旅 NCOP《リテラチュア》 - 1.【8K120FPS·Hi-Res】全站最高音画质 魔女之旅 NCOP《リテラ(Av698431744,P1).mp3
3	materials/workshop/3165346237/effects/lut_loader.json
3	effects/workshop/3165346237/lut_loader/effect.json
3	shaders/workshop/3165346237/effects/lut_loader.vert
3	shaders/workshop/3165346237/effects/lut_loader.frag
3	effects/blendgradient/effect.json
3	materials/effects/blendgradient.json
3	shaders/effects/blendgradient.vert
3	shaders/effects/blendgradient.frag
3	materials/workshop/2446146941/particle/notes_130x285_4.tex
3	materials/workshop/2761147720/particle/z-arial-black.tex
3	materials/workshop/2446146941/particle/halo_23.json
3	particles/workshop/2446146941/notes2_copy1.json
3	materials/background.tex
3	materials/presets/magic_gravity.json
3	particles/presets/magic_gravity.json
3	shaders/effects/clouds.frag
3	effects/clouds/effect.json
3	shaders/effects/clouds.vert
3	materials/effects/clouds.json
3	models/1_puppet.mdl
3	models/5.json
3	materials/5.json
3	materials/5.tex
3	materials/右眼.tex
3	models/右眼.json
3	materials/右眼.json
3	materials/workshop/2214863259/particle/halo_2.json
3	particles/workshop/2214863259/particle_spawner_copy1.json
3	particles/workshop/2214863259/matrix_code_copy1.json
3	materials/workshop/2214863259/particle/halo_1.json
3	materials/workshop/2214863259/particle/matrix spritesheet 72.tex
3	materials/workshop/2214863259/particle/halo_3.json
3	particles/workshop/2214863259/matrix_trail_copy1.json
3	materials/presets/vapor0.json
3	particles/presets/vapor0.json
3	models/头_puppet.mdl
3	materials/particle/leaves5_1_1.json
3	materials/particle/halo_3.json
3	particles/new_particle_system_copy2.json
3	models/鼠标指针.json
3	materials/鼠标指针.json
3	effects/workshop/2655151285/waterflow/effect.json
3	materials/workshop/2655151285/effects/waterflowphase.tex
3	shaders/workshop/2655151285/effects/waterripple.vert
3	effects/workshop/2655151285/waterripple/effect.json
3	shaders/workshop/2655151285/effects/waterflow.vert
3	shaders/workshop/2655151285/effects/perspective.vert
3	materials/workshop/2655151285/effects/pulse.json
3	shaders/workshop/2655151285/effects/waterripple.frag
3	shaders/workshop/2655151285/effects/waterflow.frag
3	shaders/workshop/2655151285/effects/pulse.frag
3	shaders/workshop/2655151285/effects/perspective.frag
3	effects/workshop/2655151285/pulse/effect.json
3	shaders/workshop/2655151285/effects/pulse.vert
3	materials/workshop/2655151285/effects/waterripplenormal.tex
3	materials/workshop/2655151285/effects/waterflow.json
3	materials/workshop/2655151285/waterflow_mask_test.tex
3	materials/workshop/2655151285/effects/waterripple.json
3	effects/workshop/2655151285/perspective/effect.json
3	materials/workshop/2655151285/effects/perspective.json
3	effects/workshop/2655151285/opacity/effect.json
3	materials/workshop/2655151285/effects/opacity.json
3	shaders/workshop/2655151285/effects/opacity.vert
3	shaders/workshop/2655151285/effects/opacity.frag
3	materials/workshop/3088030303/effects/shadow.json
3	effects/workshop/3088030303/shadow/effect.json
3	shaders/workshop/3088030303/effects/shadow.vert
3	shaders/workshop/3088030303/effects/shadow.frag
3	materials/presets/lightning1b.json
3	materials/presets/lightning1.json
3	particles/presets/lightning1b.json
3	particles/presets/lightning1.json
3	materials/workshop/2924967132/effects/waterripplenormal.tex
3	shaders/workshop/2924967132/effects/waterripple.vert
3	effects/workshop/2924967132/waterripple/effect.json
3	materials/workshop/2924967132/effects/waterripple.json
3	shaders/workshop/2924967132/effects/waterripple.frag
3	materials/workshop/2098048943/presets/trail_1.json
3	particles/workshop/2098048943/presets/trail_1.json
3	shaders/workshop/3022742727/effects/halftone.vert
3	materials/workshop/3022742727/effects/halftone.json
3	shaders/workshop/3022742727/effects/halftone.frag
3	effects/workshop/3022742727/halftone/effect.json
3	models/合成 1_00000.json
3	materials/合成 1_00000.json
3	materials/合成 1_00000.tex
3	models/black.json
3	materials/black.json
3	materials/black.tex
3	models/图层 28.json
3	materials/图层 28.json
3	materials/图层 28.tex
3	effects/workshop/2811235087/lens_distortion/effect.json
3	materials/workshop/2811235087/effects/lens_distortion.json
3	shaders/workshop/2811235087/effects/lens_distortion.vert
3	shaders/workshop/2811235087/effects/lens_distortion.frag
3	fonts/Champignon.ttf
3	fonts/SourceHanSans-Heavy.otf
3	effects/workshop/2724636948/my_gradient/effect.json
3	materials/workshop/2724636948/effects/my_gradient.json
3	shaders/workshop/2724636948/effects/my_gradient.vert
3	shaders/workshop/2724636948/effects/my_gradient.frag
3	effects/workshop/3403631383/simple_gradient_audio_bar/effect.json
3	materials/workshop/3403631383/effects/simple_gradient_audio_bar.json
3	materials/背景_depth.tex
3	models/图层 22.json
3	materials/图层 22.json
3	materials/图层 22.tex
3	shaders/workshop/3403631383/effects/simple_gradient_audio_bar.vert
3	shaders/workshop/3403631383/effects/simple_gradient_audio_bar.frag
3	particles/presets/leaves3b.json
3	materials/presets/leaves3.json
3	particles/presets/leaves3.json
3	materials/presets/leaves3b.json
3	particles/2.json
3	models/图层 31.json
3	materials/图层 31.json
3	materials/图层 31.tex
3	models/图层 30.json
3	materials/图层 30.json
3	materials/图层 30.tex
3	particles/1.json
3	effects/glitter/effect.json
3	materials/effects/glitter_prepare.json
3	shaders/effects/glitter_prepare.vert
3	shaders/effects/glitter_prepare.frag
3	materials/effects/glitter_combine.json
3	shaders/effects/glitter_combine.vert
3	shaders/effects/glitter_combine.frag
3	materials/particle/halo_2_1_1.json
3	materials/presets/bubbles2.json
3	particles/presets/bubbles2.json
3	materials/workshop/2097549174/particle/halo_1.json
3	particles/workshop/2097549174/zzz.json
3	particles/workshop/3228477186/presets/ember_small.json
3	materials/workshop/3228477186/presets/shootingstarglow.json
3	particles/workshop/3228477186/presets/shootingstarglow.json
3	materials/workshop/3228477186/particle/[CITYPNG.COM]Golden Sparkle Light Star HD PNG-128.tex
3	materials/workshop/3228477186/presets/ember_small.json
3	materials/workshop/3228477186/particle/triangle128.tex
3	materials/伞.tex
3	models/伞.json
3	materials/伞.json
3	materials/workshop/3462439536/particle/размытая капля дождя 1.tex
3	materials/workshop/3462439536/particle/halo_2.json
3	particles/workshop/3462439536/new_particle_system_copy1.json
3	materials/workshop/3462439536/presets/snowperspective.json
3	particles/workshop/3462439536/presets/snowperspective.json
3	materials/workshop/3462439536/presets/rainperspective.json
3	particles/workshop/3462439536/presets/rainperspective.json
3	materials/背景2.tex
3	materials/workshop/2446129945/particle/halo_17.json
3	particles/workshop/2446129945/rain_splashes_copy1.json
3	materials/particle/halo_1_2.json
3	materials/图层 15.tex
3	materials/workshop/3485726739/effects/phantomtransitionfx.json
3	effects/workshop/3485726739/phantomtransitionfx/effect.json
3	shaders/workshop/3485726739/effects/phantomtransitionfx.vert
3	shaders/workshop/3485726739/effects/phantomtransitionfx.frag
3	shaders/workshop/3695990817/effects/blur_precise_gaussian.vert
3	materials/workshop/3695990817/effects/blur_precise_gaussian_x.json
3	effects/workshop/3695990817/blurprecise/effect.json
3	materials/workshop/3695990817/dayNightToggleSprite.json
3	models/workshop/3695990817/dayNightToggleSprite.json
3	shaders/workshop/3695990817/effects/blur_precise_gaussian.frag
3	fonts/workshop/3695990817/Not the far east.otf
3	materials/workshop/3695990817/dayNightToggleSprite.tex
3	materials/workshop/3695990817/effects/blur_precise_gaussian_y.json
2	materials/masks/waterwaves_mask_ee0d9bbc6d0516b8583c8fb3e841485c0b7ec4e8.tex
2	sounds/stay with me.mp3
2	models/主体.json
2	materials/workshop/2674029580/effects/___________________________________________.json
2	effects/workshop/2674029580/___________________________________________/effect.json
2	shaders/workshop/2674029580/effects/___________________________________________.vert
2	shaders/workshop/2674029580/effects/___________________________________________.frag
2	materials/主体.json
2	materials/主体.tex
2	materials/图层 12.json
2	materials/图层 6.tex
2	materials/图层 7.json
2	models/图层 7.json
2	models/图层 12.json
2	materials/图层 12.tex
2	models/图层 6.json
2	materials/图层 6.json
2	models/图层 10_puppet.mdl
2	models/图层 9_puppet.mdl
2	effects/workshop/2555931144/opacity/effect.json
2	materials/workshop/2555931144/effects/opacity.json
2	shaders/workshop/2555931144/effects/opacity.vert
2	shaders/workshop/2555931144/effects/opacity.frag
2	materials/workshop/2555931144/maskInverted.tex
2	shaders/workshop/2491176897/effects/Simple_Audio_Bars.vert
2	materials/workshop/2568188955/particle/halo_1.json
2	materials/workshop/2568188955/particle/suTFjW9.tex
2	shaders/workshop/2872146492/effects/blur_gaussian.frag
2	materials/workshop/2491176897/effects/Simple_Audio_Bars.json
2	materials/workshop/2568188955/particle/fRKyPAu.tex
2	particles/workshop/2568188955/rain_drop_screen.json
2	shaders/workshop/2491176897/effects/Simple_Audio_Bars.frag
2	shaders/workshop/2872146492/effects/tone_mapping.vert
2	materials/workshop/2872146492/effects/blur_downsample4.json
2	effects/workshop/2491176897/Simple_Audio_Bars/effect.json
2	effects/workshop/2872146492/blur/effect.json
2	effects/workshop/2872146492/tone_mapping/effect.json
2	materials/workshop/2872146492/effects/tone_mapping.json
2	shaders/workshop/2872146492/effects/tone_mapping.frag
2	shaders/workshop/2872146492/effects/blur_downsample4.vert
2	shaders/workshop/2872146492/effects/blur_downsample4.frag
2	materials/workshop/2872146492/effects/blur_gaussian_x.json
2	shaders/workshop/2872146492/effects/blur_gaussian.vert
2	materials/workshop/2872146492/effects/blur_gaussian_y.json
2	materials/workshop/2872146492/effects/blur_combine.json
2	shaders/workshop/2872146492/effects/blur_combine.vert
2	shaders/workshop/2872146492/effects/blur_combine.frag
2	materials/workshop/2872146492/masks/blur_combine_mask_54442d43.tex
2	effects/workshop/2872146492/color_grading/effect.json
2	materials/workshop/2872146492/effects/color_grading.json
2	shaders/workshop/2872146492/effects/color_grading.vert
2	shaders/workshop/2872146492/effects/color_grading.frag
2	materials/workshop/2872146492/masks/color_grading_mask_ebfd225c.tex
2	effects/workshop/2277917763/contrast_based_sharpness/effect.json
2	materials/workshop/2277917763/effects/contrast_based_sharpness.json
2	shaders/workshop/2277917763/effects/contrast_based_sharpness.vert
2	shaders/workshop/2277917763/effects/contrast_based_sharpness.frag
2	materials/workshop/2795625020/particle/Small_Snowflakes.json
2	particles/workshop/2795625020/Small_Snowflakes.json
2	models/1x1.json
2	materials/1x1.json
2	materials/1x1.tex
2	materials/presets/magic_pulse.json
2	particles/presets/magic_pulse.json
2	materials/workshop/2251009624/particle/Rain.tex
2	materials/窗边的伊蕾娜 昼夜变化.tex
2	materials/伊蕾娜提示框 2.tex
2	particles/presets/magic_sparkle.json
2	materials/presets/magic_sparkle.json
2	materials/masks/waterwaves_mask_842f8b04.tex
2	materials/presets/snowstorm.json
2	particles/presets/snowstorm.json
2	materials/workshop/3098898533/particle/halo_1_3_1.json
2	particles/workshop/2446173390/Chaotic_particles1_copy1.json
2	particles/workshop/3098898533/new_particle_systemflat.json
2	materials/workshop/2446173390/particle/halo_45.json
2	models/6.json
2	materials/masks/waterwaves_mask_7c1221f0.tex
2	materials/6.json
2	models/7.json
2	materials/7.json
2	materials/6.tex
2	materials/7.tex
2	models/8.json
2	materials/8.json
2	materials/8.tex
2	materials/鼻子.tex
2	effects/workshop/2114826643/shift_hue/effect.json
2	materials/workshop/2114826643/effects/shift_hue.json
2	shaders/workshop/2114826643/effects/shift_hue.vert
2	shaders/workshop/2114826643/effects/shift_hue.frag
2	models/右耳.json
2	materials/右耳.json
2	materials/右耳.tex
2	models/左耳.json
2	materials/左耳.json
2	materials/左耳.tex
2	models/脖子.json
2	materials/脖子.json
2	materials/脖子.tex
2	models/左眼.json
2	materials/左眼.json
2	materials/左眼.tex
2	models/鼻子.json
2	materials/鼻子.json
2	particles/presets/smoke2.json
2	materials/presets/smoke2.json
2	effects/workshop/2846673187/____________/effect.json
2	shaders/workshop/2846673187/effects/____________.frag
2	materials/workshop/2846673187/effects/____________.json
2	shaders/workshop/2846673187/effects/____________.vert
2	effects/workshop/2413251683/blurprecise/effect.json
2	materials/workshop/2413251683/effects/blur_precise_gaussian_x.json
2	shaders/workshop/2413251683/effects/blur_precise_gaussian.vert
2	shaders/workshop/2413251683/effects/blur_precise_gaussian.frag
2	materials/workshop/2413251683/effects/blur_precise_gaussian_y.json
2	materials/影子.tex
2	materials/刀.json
2	materials/刀.tex
2	models/刀.json
2	models/刀_puppet.mdl
2	models/建筑.json
2	materials/建筑.json
2	materials/建筑.tex
2	models/三角 倒.json
2	materials/三角 倒.json
2	materials/三角 倒.tex
2	materials/鼠标指针.tex
2	models/鼠标指针_puppet.mdl
2	shaders/workshop/2973943998/effects/iris_follow_cursor.vert
2	effects/workshop/2973943998/iris_follow_cursor/effect.json
2	materials/workshop/2973943998/effects/iris_follow_cursor.json
2	shaders/workshop/2973943998/effects/iris_follow_cursor.frag
2	materials/workshop/2652493753/bar.tex
2	models/workshop/2652493753/bar.json
2	materials/workshop/2652493753/bar.json
2	shaders/workshop/2652493753/tint.vert
2	shaders/workshop/2652493753/tint.frag
2	materials/workshop/2655151285/ripple.tex
2	materials/workshop/2655151285/ripple.json
2	models/workshop/2655151285/ripple.json
2	models/workshop/2499516781/volume_max_speaker_sound_audio_icon_149179.json
2	shaders/workshop/2499516781/effects/blur_radial_gaussian.frag
2	models/Background.json
2	materials/Background.json
2	models/workshop/2499516781/Comp 1_00000.json
2	effects/workshop/2499516781/blurradial/effect.json
2	materials/workshop/2499516781/Comp 1_00000.json
2	materials/workshop/2499516781/Comp 1_00000.tex
2	models/workshop/2499516781/placeholder.json
2	materials/workshop/2499516781/placeholder.json
2	materials/workshop/2499516781/placeholder.tex
2	effects/workshop/2499516781/blendgradient/effect.json
2	materials/workshop/2499516781/effects/blendgradient.json
2	shaders/workshop/2499516781/effects/blendgradient.vert
2	shaders/workshop/2499516781/effects/blendgradient.frag
2	effects/workshop/2499516781/opacity/effect.json
2	materials/workshop/2499516781/effects/opacity.json
2	shaders/workshop/2499516781/effects/opacity.vert
2	shaders/workshop/2499516781/effects/opacity.frag
2	materials/workshop/2499516781/masks/opacity_mask_04a251dd.tex
2	effects/workshop/2499516781/blurprecise/effect.json
2	materials/workshop/2499516781/effects/blur_precise_gaussian_x.json
2	shaders/workshop/2499516781/effects/blur_precise_gaussian.vert
2	shaders/workshop/2499516781/effects/blur_precise_gaussian.frag
2	materials/workshop/2499516781/effects/blur_precise_gaussian_y.json
2	materials/workshop/2499516781/effects/blur_radial_gaussian.json
2	shaders/workshop/2499516781/effects/blur_radial_gaussian.vert
2	effects/workshop/2499516781/blur/effect.json
2	materials/workshop/2499516781/effects/blur_downsample4.json
2	shaders/workshop/2499516781/effects/blur_downsample4.vert
2	shaders/workshop/2499516781/effects/blur_downsample4.frag
2	materials/workshop/2499516781/effects/blur_gaussian_x.json
2	shaders/workshop/2499516781/effects/blur_gaussian.vert
2	shaders/workshop/2499516781/effects/blur_gaussian.frag
2	materials/workshop/2499516781/effects/blur_gaussian_y.json
2	materials/workshop/2499516781/effects/blur_combine.json
2	shaders/workshop/2499516781/effects/blur_combine.vert
2	shaders/workshop/2499516781/effects/blur_combine.frag
2	materials/workshop/2499516781/masks/opacity_mask_b46090becade15742727de64041260c1ab4bade4.tex
2	materials/workshop/2499516781/cornered.tex
2	materials/workshop/2499516781/volume_max_speaker_sound_audio_icon_149179.json
2	materials/workshop/2499516781/volume_max_speaker_sound_audio_icon_149179.tex
2	materials/workshop/2499516781/masks/opacity_mask_6da039dd6f1016329b8f560422de28671ad5e1f8.tex
2	effects/workshop/2499516781/gradient_color/effect.json
2	models/workshop/2499516781/iconfinder_skip-back_2561277.json
2	materials/workshop/2499516781/iconfinder_skip-back_2561277.json
2	materials/workshop/2499516781/iconfinder_skip-back_2561277.tex
2	models/workshop/2499516781/loop.json
2	materials/workshop/2499516781/loop.json
2	materials/workshop/2499516781/loop.tex
2	effects/workshop/2499516781/edgedetection/effect.json
2	materials/workshop/2499516781/effects/edgedetection.json
2	shaders/workshop/2499516781/effects/edgedetection.vert
2	shaders/workshop/2499516781/effects/edgedetection.frag
2	materials/workshop/2499516781/masks/opacity_mask_a27d757b.tex
2	materials/workshop/2499516781/effects/gradient_color.json
2	shaders/workshop/2499516781/effects/gradient_color.vert
2	shaders/workshop/2499516781/effects/gradient_color.frag
2	models/赞助.json
2	materials/赞助.json
2	materials/画师头像.tex
2	materials/workshop/2446173390/particle/halo_44.json
2	particles/workshop/2446173390/Random_sparks_copy1.json
2	effects/refraction/effect.json
2	materials/effects/refract.json
2	shaders/effects/refract.vert
2	shaders/effects/refract.frag
2	materials/effects/refractnormal.tex
2	effects/workshop/3293111189/circular_text/effect.json
2	effects/workshop/3344883766/multistage_wave/effect.json
2	materials/workshop/3344883766/effects/multistage_wave.json
2	shaders/workshop/3344883766/effects/multistage_wave.vert
2	shaders/workshop/3344883766/effects/multistage_wave.frag
2	effects/workshop/2962751255/blendgradient/effect.json
2	effects/workshop/2962751255/blend/effect.json
2	materials/workshop/2962751255/effects/blend.json
2	shaders/workshop/2962751255/effects/blend.vert
2	shaders/workshop/2962751255/effects/blend.frag
2	materials/workshop/2962751255/effects/blendgradient.json
2	shaders/workshop/2962751255/effects/blendgradient.vert
2	shaders/workshop/2962751255/effects/blendgradient.frag
2	materials/workshop/3293111189/effects/circular_text.json
2	shaders/workshop/3293111189/effects/circular_text.vert
2	shaders/workshop/3293111189/effects/circular_text.frag
2	models/手_puppet.mdl
2	models/workshop/3187908708/Media Area.json
2	materials/workshop/3187908708/Media Area.json
2	materials/workshop/3187908708/Media Area.tex
2	materials/masks/opacity_mask_6074d67f.tex
2	materials/天空.tex
2	models/sign.json
2	materials/sign.json
2	materials/sign.tex
2	materials/d7346b234ca2a8d7364bfb5cd68270675bf670e4.json
2	materials/d7346b234ca2a8d7364bfb5cd68270675bf670e4.tex
2	materials/提示框.json
2	models/提示框.json
2	models/d7346b234ca2a8d7364bfb5cd68270675bf670e4.json
2	materials/提示框.tex
2	materials/workshop/2128373241/particle/sparktrails_1_1.json
2	particles/workshop/2128373241/Rain_Splash_Drops_copy2.json
2	materials/workshop/2446173390/particle/halo_43_2.json
2	particles/workshop/2446173390/Particle_flow_not_interactive_copy1.json
2	materials/workshop/3565237853/effects/textoutline7x7.json
2	effects/workshop/3565237853/textoutline7x7/effect.json
2	shaders/workshop/3565237853/effects/textoutline7x7.vert
2	shaders/workshop/3565237853/effects/textoutline7x7.frag
2	models/图层 24.json
2	models/图层 29.json
2	materials/图层 29.json
2	materials/图层 29.tex
2	models/3_puppet.mdl
2	materials/图层 24.tex
2	materials/图层 24.json
2	particles/presets/spark.json
2	materials/presets/spark.json
2	materials/presets/sparktrails.json
2	particles/presets/sparktrails.json
2	fonts/Garet-Book.otf
2	shaders/workshop/3351849630/effects/audio_buffer_accumulation_combine.frag
2	effects/workshop/3351849630/audio_buffer_accumulation/effect.json
2	materials/workshop/3351849630/effects/audio_buffer_accumulation_accumulation.json
2	shaders/workshop/3351849630/effects/audio_buffer_accumulation_accumulation.vert
2	shaders/workshop/3351849630/effects/audio_buffer_accumulation_accumulation.frag
2	materials/workshop/3351849630/effects/audio_buffer_accumulation_combine.json
2	shaders/workshop/3351849630/effects/audio_buffer_accumulation_combine.vert
2	materials/05.tex
2	effects/workshop/2818465820/radial_blur/effect.json
2	materials/workshop/2818465820/effects/radial_blur.json
2	shaders/workshop/2818465820/effects/radial_blur.vert
2	shaders/workshop/2818465820/effects/radial_blur.frag
2	shaders/workshop/2812601803/effects/tone_mapping.vert
2	models/workshop/3308559193/solid_instance_model_ba2489c2.json
2	effects/workshop/3308559193/blendgradient/effect.json
2	materials/workshop/3308559193/effects/blendgradient.json
2	shaders/workshop/3308559193/effects/blendgradient.vert
2	shaders/workshop/3308559193/effects/blendgradient.frag
2	models/右眼_puppet.mdl
2	effects/workshop/2812601803/tone_mapping/effect.json
2	materials/workshop/2812601803/effects/tone_mapping.json
2	shaders/workshop/2812601803/effects/tone_mapping.frag
2	materials/masks/pulse__mask_10d0d88a.tex
2	models/环.json
2	materials/环.json
2	materials/环.tex
2	models/环_puppet.mdl
2	materials/masks/waterwaves_mask_ae737ee3.tex
2	models/sun.json
2	materials/sun.json
2	materials/sun.tex
2	materials/Car.tex
2	models/Car.json
2	materials/Car.json
2	particles/workshop/2888471532/butterflies.json
2	materials/workshop/2888471532/particle/halo_4.json
2	materials/workshop/2888471532/particle/butterfly-spritesheet-20BW.tex
2	particles/presets/bubbles1.json
2	materials/presets/bubbles1.json
2	materials/cat.json
2	models/cat.json
2	materials/cat.tex
2	materials/masks/opacity_mask_440f3ea0.tex
2	materials/workshop/2973943998/effects/iris_movement__.json
2	effects/workshop/2973943998/iris_movement__/effect.json
2	shaders/workshop/2973943998/effects/iris_movement__.vert
2	shaders/workshop/2973943998/effects/iris_movement__.frag
2	models/脸_puppet.mdl
2	models/嘴巴.json
2	materials/嘴巴.json
2	materials/嘴巴.tex
2	models/栏杆.json
2	materials/栏杆.json
2	materials/栏杆.tex
2	fonts/3.ttf
2	particles/workshop/2128373241/splash_refract_copy1.json
2	particles/workshop/3228477186/star_shine.json
2	materials/workshop/2365221023/particle/halo_1.json
2	particles/workshop/2365221023/Stars_copy1.json
2	materials/workshop/3228477186/particle/shootingstar_1.json
2	particles/workshop/3228477186/shootingstar_blue.json
2	materials/workshop/3228477186/particle/halo_1.json
2	materials/workshop/2128373241/particle/magic_pulse_1.json
2	particles/workshop/2128373241/Rain_Splash_2_Drops_copy1.json
2	materials/workshop/2128373241/particle/sparktrails_1.json
2	effects/nitro/effect.json
2	materials/effects/nitro.json
2	shaders/effects/nitro.vert
2	shaders/effects/nitro.frag
2	materials/particle/leaves1_1.json
2	particles/new_particle_system1.json
2	materials/particle/leaves1_1_1.json
2	materials/右臂.tex
2	models/右臂.json
2	materials/右臂.json
2	materials/presets/leaves2.json
2	particles/presets/leaves2.json
2	materials/图层 54.json
2	models/图层 54.json
2	materials/图层 54.tex
2	models/线.json
2	materials/线.json
2	materials/线.tex
2	materials/workshop/3462439536/presets/rainrefractive.json
2	particles/workshop/3462439536/presets/rainrefractive.json
2	materials/models/sd/DefaultMaterial.json
2	models/Hollow Cylinder/Hollow Cylinder.mdl
2	materials/models/Hollow Cylinder/diffuse_0.json
2	models/sd/sd.mdl
2	fonts/SairaCondensed-Thin.ttf
2	fonts/CormorantSC-Regular.ttf
2	materials/右马尾1.tex
2	materials/左垂发3.tex
2	models/左马尾1.json
2	materials/左马尾1.json
2	materials/左垂发3.json
2	materials/左马尾1.tex
2	models/左垂发3.json
2	models/右马尾1.json
2	materials/右马尾1.json
2	models/左垂发1.json
2	materials/左垂发1.json
2	materials/左垂发1.tex
2	models/左垂发2.json
2	materials/左垂发2.json
2	materials/左垂发2.tex
2	models/刘海1.json
2	materials/刘海4.tex
2	materials/刘海1.tex
2	models/眉毛_puppet.mdl
2	models/左飘发2.json
2	materials/左飘发2.json
2	materials/左飘发2.tex
2	materials/刘海1.json
2	models/刘海4.json
2	materials/刘海4.json
2	models/刘海3.json
2	materials/刘海3.json
2	materials/刘海3.tex
2	models/刘海2.json
2	materials/刘海2.json
2	materials/刘海2.tex
2	materials/masks/waterwaves_mask_e600b5bd.tex
2	materials/masks/waterwaves_mask_951f2cc6.tex
2	models/左飘发1.json
2	materials/左飘发1.json
2	materials/左飘发1.tex
2	models/前景2.json
2	materials/前景2.json
2	materials/前景2.tex
2	models/自制天空盒02/自制天空盒02.mdl
2	particles/star.json
2	materials/models/自制天空盒02/材质.json
2	materials/default_dock_icon.tex
2	models/11.json
2	materials/11.json
2	materials/11.tex
2	materials/presets/discharge.json
2	particles/presets/discharge.json
2	models/2_puppet.mdl
2	fonts/workshop/3489089062/Black Freeday.ttf
2	particles/star2.json
2	materials/手臂.tex
2	models/手臂.json
2	materials/手臂.json
2	materials/workshop/3538102804/particle/halo_5.json
2	particles/workshop/3538102804/Birds.json
2	models/girl.json
2	materials/girl.json
2	materials/girl.tex
2	particles/workshop/2081838461/Lens_Flare_3.json
2	materials/workshop/2081838461/particle/hex5.tex
2	particles/workshop/2081838461/Lens_Flare_1.json
2	particles/workshop/2081838461/Lens_Flare_2.json
2	materials/workshop/2081838461/particle/halo_2_1.json
2	materials/workshop/2081838461/particle/hex1.tex
2	materials/workshop/2081838461/particle/halo_6_1.json
2	materials/workshop/2081838461/particle/hex2.tex
2	materials/workshop/2081838461/particle/halo_1.json
2	particles/workshop/2081838461/Lens_Flare_5a.json
2	particles/workshop/2081838461/Lens_Flare_3a.json
2	particles/workshop/2081838461/Lens_Flare_1a.json
2	materials/workshop/2081838461/particle/halo_4_1.json
2	particles/workshop/2081838461/Lens_Flare.json
2	materials/workshop/2081838461/particle/halo_2.json
2	materials/workshop/2081838461/particle/hex4.tex
2	materials/workshop/2081838461/particle/halo_3.json
2	materials/workshop/2081838461/particle/halo_4.json
2	materials/workshop/2081838461/particle/halo_5_1.json
2	particles/workshop/2081838461/Lens_Flare_4.json
2	materials/workshop/2081838461/particle/halo_6.json
2	particles/workshop/2081838461/Lens_Flare_5.json
2	materials/workshop/2706963721/particle/halo_1.json
2	materials/presets/dna.json
2	particles/presets/dna.json
2	particles/workshop/2706963721/Magic_Vortex.json
2	materials/workshop/2706963721/presets/emberglow_small.json
2	particles/workshop/2706963721/presets/emberglow_small.json
2	materials/particle/download.tex
2	materials/图层 21.json
2	materials/workshop/2446163257/particle/glass_201x201_39.tex
2	models/图层 27.json
2	materials/图层 27.json
2	materials/图层 27.tex
2	models/图层 26.json
2	materials/图层 26.json
2	materials/图层 26.tex
2	models/图层 21.json
2	materials/图层 21.tex
2	models/图层 19.json
2	materials/图层 19.json
2	materials/图层 19.tex
2	materials/图层 18.tex
2	models/图层 15.json
2	materials/图层 15.json
2	models/裙子.json
2	materials/裙子.json
2	materials/裙子.tex
2	materials/workshop/3444196917/effects/_________________________________.json
2	shaders/workshop/3488490208/effects/shadow_____________.vert
2	effects/workshop/3444196917/_________________________________/effect.json
2	shaders/workshop/3444196917/effects/_________________________________.vert
2	shaders/workshop/3444196917/effects/_________________________________.frag
2	effects/workshop/3488490208/shadow_____________/effect.json
2	materials/workshop/3488490208/effects/shadow_____________.json
2	shaders/workshop/3488490208/effects/shadow_____________.frag
2	materials/53c5cecd8c8c53f3.tex
2	materials/particle/halo_translucent_1.json
2	materials/material_4_baseColor.tex
2	fonts/chathura-regular.ttf
2	models/scene/scene.mdl
2	materials/material_0_baseColor.tex
2	materials/material_1_baseColor.tex
2	materials/material_3_baseColor.tex
2	effects/workshop/3588616811/audio_base/effect.json
2	materials/workshop/3588616811/effects/audio_base.json
2	shaders/workshop/3588616811/effects/audio_base.vert
2	shaders/workshop/3588616811/effects/audio_base.frag
2	materials/workshop/3589691526/effects/border_preprocessing_gaussian_y.json
2	models/rw.json
2	materials/rw.json
2	materials/workshop/3589691526/effects/border_preprocessing_gaussian_x.json
2	materials/rw.tex
2	models/rw_puppet.mdl
2	effects/workshop/3589691526/border_preprocessing/effect.json
2	shaders/workshop/3589691526/effects/border_preprocessing_gaussian.vert
2	shaders/workshop/3589691526/effects/border_preprocessing_gaussian.frag
2	effects/workshop/3589691526/test/effect.json
2	materials/workshop/3589691526/effects/test.json
2	shaders/workshop/3589691526/effects/test.vert
2	shaders/workshop/3589691526/effects/test.frag
2	models/bg.json
2	materials/bg.json
2	materials/bg.tex
2	models/+.json
2	materials/+.json
2	materials/+.tex
2	models/书.json
2	materials/书.json
2	materials/书.tex
2	materials/workshop/3449579583/masks/opacity_mask_920c6c00.tex
2	materials/黄瓜logo.tex
2	effects/workshop/3449579583/opacity/effect.json
2	materials/workshop/3449579583/placeholder.json
2	shaders/workshop/3449579583/effects/opacity.vert
2	models/workshop/3449579583/placeholder.json
2	materials/workshop/3449579583/placeholder.tex
2	materials/workshop/3449579583/effects/opacity.json
2	shaders/workshop/3449579583/effects/opacity.frag
2	fonts/workshop/3449579583/SanJiXingKaiJianTi-Cu-2.ttf
2	shaders/workshop/3224559305/effects/texture_override.vert
2	effects/workshop/3224559305/texture_override/effect.json
2	shaders/workshop/3224559305/effects/texture_override.frag
2	materials/workshop/3224559305/effects/texture_override.json
2	materials/presets/rain_splashes.json
2	particles/presets/rain_splashes.json
2	materials/presets/rain_splashes_droplets.json
2	particles/presets/rain_splashes_droplets.json
2	fonts/workshop/3632410990/nasalization.otf
1	models/WallpaperEngine.json
1	materials/WallpaperEngine.json
1	materials/WallpaperEngine.tex
1	sounds/y2mate.com - Day in Paris_mYJLdmyDJHk.mp3
1	models/anime 656394 Rem.json
1	materials/anime 656394 Rem.json
1	materials/anime 656394 Rem.tex
1	materials/masks/godrays_downsample2_mask_681d95af21112ea41fc4cd51aa49d9c553ef1173.tex
1	sounds/Fire_Burning-JaBa-810606813.wav
1	models/Pixel Bonfire.json
1	materials/Pixel Bonfire.json
1	materials/Pixel Bonfire.tex
1	sounds/1-32. Nameless Song.mp3
1	materials/hair.tex
1	materials/masks/waterripple_mask_15c0e340127e863c97e552f860f4a84c3cb6ab74.tex
1	materials/particle/fl11v3.tex
1	models/gbse.json
1	particles/kjnviue.json
1	materials/gbse.json
1	materials/gbse.tex
1	particles/sparkles151.json
1	materials/masks/foliagesway_mask_681d95af21112ea41fc4cd51aa49d9c553ef1173.tex
1	materials/masks/shake_mask_a659e77caae9d6359fec8af8206a0e6ce127ad65.tex
1	materials/masks/waterwaves_mask_bdbea347ab7838b0661ae6af118d7d24d301b354.tex
1	models/uper.json
1	materials/uper.json
1	materials/uper.tex
1	materials/masks/shake_mask_cfc5c0bfbf1ca86bdc7337ba2f76bd692b65b0ac.tex
1	materials/masks/shake_mask_05358c3f07e9145e1f22194defdd55fd667980f2.tex
1	materials/masks/shake_mask_c2ca091b180fabb654c59ada09f1dff75498574d.tex
1	materials/masks/shake_mask_bd225b1f9a244aaa08349867e75447bd577e4084.tex
1	materials/masks/shake_mask_caec64e6ffdf6a40c1e812d3f131ee821a84054a.tex
1	materials/masks/shake_mask_7bfb13f51be22746c08466c9bb8b3d1e108682d4.tex
1	materials/masks/shake_mask_14baecd88cd86197979e9592a3614e57bbd01235.tex
1	materials/masks/waterwaves_mask_843377ec5689457129ad9ee2dd9c051f084db05d.tex
1	models/hair.json
1	materials/hair.json
1	materials/4kbinggongzhu.json
1	models/4kbinggongzhu.json
1	materials/4kbinggongzhu.tex
1	sounds/fa49_2060_aa1a_03def2dd35b1cdb7af2f82722a327fc3.mp3
1	sounds/time after time.mp3
1	models/bird2.2.json
1	models/bird2.json
1	materials/masks/opacity_mask_5bef0a03.tex
1	models/背景1.json
1	materials/背景1.json
1	materials/背景1.tex
1	materials/bird2.json
1	materials/bird2.2.json
1	materials/bird2.tex
1	materials/bird2.2.tex
1	materials/masks/shake_mask_747aeb5f.tex
1	materials/masks/shake_mask_f32eb48c.tex
1	materials/masks/shake_mask_9d70f363.tex
1	models/bird3.json
1	materials/bird3.json
1	materials/bird3.tex
1	materials/masks/shake_mask_2c5e587b.tex
1	models/39_white2_4k333.json
1	materials/39_white2_4k333.json
1	materials/masks/shake_mask_57f1b950.tex
1	materials/39_white2_4k333.tex
1	materials/masks/shake_mask_50031c6f.tex
1	materials/masks/shake_mask_ca8477df.tex
1	materials/masks/shake_mask_e150966b.tex
1	models/99216048f_p0 copy.json
1	materials/addd.json
1	materials/masks/shake_mask_54408a4d.tex
1	materials/99216048f_p0 copy.json
1	materials/99216048f_p0 copy.tex
1	materials/masks/shake_mask_2d9a3ff1.tex
1	models/addd.json
1	materials/masks/shake_mask_39d4a1e7.tex
1	materials/masks/shake_mask_8689fb12.tex
1	models/99216048_p0 copy.json
1	materials/992160d48_p0 copy.json
1	materials/masks/shake_mask_f3e05e3e.tex
1	materials/99216048_p0 copy.json
1	materials/992160d48_p0 copy.tex
1	materials/masks/shake_mask_fefac64f.tex
1	materials/99216048_p0 copy.tex
1	materials/masks/shake_mask_7a184a2d.tex
1	materials/masks/shake_mask_1aa9e133.tex
1	materials/masks/waterwaves_mask_c99cb518.tex
1	materials/masks/waterwaves_mask_27a7e717.tex
1	materials/masks/waterwaves_mask_4290a9f4.tex
1	materials/masks/shake_mask_18e82c3c.tex
1	materials/masks/shake_mask_f7444865.tex
1	models/9921a6048_p0 copy.json
1	materials/addd.tex
1	materials/9921a6048_p0 copy.json
1	materials/9921a6048_p0 copy.tex
1	materials/masks/shake_mask_b4ce2df8.tex
1	materials/99216a048_p0 copy.tex
1	materials/masks/shake_mask_7cf0a7f8.tex
1	materials/masks/shake_mask_843b0701.tex
1	materials/masks/shake_mask_055403ad.tex
1	materials/masks/shake_mask_9e3f4db8.tex
1	materials/masks/waterwaves_mask_bf13c85c.tex
1	models/99216a048_p0 copy.json
1	models/9921604asdasda8_p0 copy.json
1	materials/masks/shake_mask_7b8d99ff.tex
1	materials/9921604asdasda8_p0 copy.json
1	materials/9921604asdasda8_p0 copy.tex
1	materials/99216a048_p0 copy.json
1	materials/masks/shake_mask_d0e6f727.tex
1	models/992160d48_p0 copy.json
1	materials/侧发2.1.json
1	models/侧发1.1.json
1	materials/侧发2.2.json
1	materials/发2.json
1	models/侧发1.json
1	models/长发 .json
1	materials/masks/shake_mask_30cc2716.tex
1	materials/长发 .json
1	materials/侧发1.json
1	materials/长发 .tex
1	materials/侧发2.1.tex
1	materials/masks/waterwaves_mask_3aad3176.tex
1	materials/侧发2改1.json
1	materials/masks/shake_mask_54b90613.tex
1	models/发1.json
1	models/侧发2改1.json
1	models/裙底.json
1	materials/masks/shake_mask_fed7a3cd.tex
1	materials/裙底.json
1	materials/裙底.tex
1	materials/masks/waterwaves_mask_4d30c32b.tex
1	materials/发2.tex
1	models/侧发2.2.json
1	materials/侧发2.2.tex
1	materials/masks/waterwaves_mask_485bec91.tex
1	materials/侧发1.1.json
1	materials/侧发1.1.tex
1	models/眼.json
1	materials/masks/waterwaves_mask_e8187fd6.tex
1	models/侧发2.1.json
1	materials/masks/waterwaves_mask_f5af5132.tex
1	materials/眼.json
1	materials/masks/waterwaves_mask_f1c71f31.tex
1	materials/眼.tex
1	materials/masks/shake_mask_aadbeb0c.tex
1	materials/侧发1.tex
1	materials/masks/waterwaves_mask_dd389c13.tex
1	materials/masks/waterwaves_mask_8a20589e.tex
1	materials/masks/waterwaves_mask_5cbfe0ca.tex
1	materials/侧发2改1.tex
1	models/发2.json
1	materials/发1.json
1	materials/发1.tex
1	materials/masks/waterwaves_mask_e04ad6e8.tex
1	materials/masks/waterwaves_mask_64f90266.tex
1	models/裙.json
1	materials/裙.json
1	materials/裙.tex
1	materials/masks/waterwaves_mask_6f4b12ba.tex
1	sounds/364351566.mp3
1	models/FY38OR9UsAAnUC6_digital_art_custom.json
1	materials/FY38OR9UsAAnUC6_digital_art_custom.json
1	materials/FY38OR9UsAAnUC6_digital_art_custom.tex
1	materials/masks/shake_mask_a742cf97.tex
1	materials/masks/waterwaves_mask_62d4ffac.tex
1	materials/1 - 2 - Kopie (10) - Kopie.tex
1	fonts/segoeui.ttf
1	shaders/workshop/2906937488/effects/procedural_noise.frag
1	models/1 - 2 - Kopie (10) - Kopie.json
1	materials/1 - 2 - Kopie (10) - Kopie.json
1	models/mouth.json
1	materials/mouth.json
1	materials/mouth.tex
1	effects/workshop/2906937488/procedural_noise/effect.json
1	materials/workshop/2906937488/effects/procedural_noise.json
1	models/ja.json
1	shaders/workshop/2906937488/effects/procedural_noise.vert
1	materials/ja.json
1	materials/ja.tex
1	materials/masks/waterwaves_mask_8785b0a2.tex
1	materials/图层 11.tex
1	materials/masks/pulse_mask_346d4bdd.tex
1	models/图层 6_puppet.mdl
1	models/图层 13.json
1	materials/图层 13.json
1	materials/图层 13.tex
1	materials/masks/pulse_mask_54b0ccc5.tex
1	materials/masks/waterflow_mask_63c6d081.tex
1	models/图层 5_puppet.mdl
1	models/图层 11.json
1	materials/图层 11.json
1	sounds/The Garden of Escapism (AK Remix) - AK,Miro.mp3
1	models/图层 7_puppet.mdl
1	materials/masks/waterwaves_mask_0ca8904c.tex
1	models/图层 8_puppet.mdl
1	materials/eUT9il9_105253.json
1	models/eUT9il9_105253.json
1	materials/eUT9il9_105253.tex
1	fonts/HelveticaNeue Bold.ttf
1	models/wallhaven-gp8pdq.json
1	materials/wallhaven-gp8pdq.json
1	fonts/Tourner (592).ttf
1	materials/wallhaven-gp8pdq.tex
1	materials/workshop/2895435791/presets/snowperspective.json
1	models/backgrounds.json
1	materials/三角D.tex
1	materials/backgrounds.json
1	materials/backgrounds.tex
1	fonts/经典繁颜体.ttf
1	particles/workshop/2895435791/presets/snowperspective.json
1	materials/三角透视.tex
1	fonts/微软雅黑Bold.ttf
1	models/三角透视.json
1	materials/三角透视.json
1	models/三角D.json
1	shaders/workshop/2895435791/effects/opacity.frag
1	materials/三角D.json
1	fonts/字魂100号-方方先锋体.ttf
1	materials/workshop/2895435791/effects/tint.json
1	models/音频封面.json
1	materials/音频封面.json
1	materials/音频封面.tex
1	effects/workshop/2895435791/blendgradient/effect.json
1	materials/workshop/2895435791/effects/blendgradient.json
1	shaders/workshop/2895435791/effects/blendgradient.vert
1	shaders/workshop/2895435791/effects/blendgradient.frag
1	models/灯光.json
1	materials/masks/blendgradient_mask_de696c6e.tex
1	shaders/workshop/2895435791/effects/opacity.vert
1	effects/workshop/2895435791/tint/effect.json
1	shaders/workshop/2895435791/effects/tint.vert
1	shaders/workshop/2895435791/effects/tint.frag
1	models/三角Da.json
1	effects/workshop/2895435791/opacity/effect.json
1	materials/workshop/2895435791/effects/opacity.json
1	materials/三角楞线.tex
1	materials/三角Da.json
1	materials/三角Da.tex
1	materials/音频遮罩.tex
1	materials/yinpinsanjiao.tex
1	fonts/迷你简综艺.ttf
1	fonts/Tourner (161).ttf
1	fonts/Steelfish Rg.ttf
1	fonts/Tourner (332).ttf
1	fonts/Tourner (192).ttf
1	fonts/opentype (73).otf
1	fonts/Tourner (114).ttf
1	fonts/Tourner (330).ttf
1	fonts/SourceHanSans-Bold.otf
1	fonts/Tourner (151).ttf
1	fonts/a_lcdnova.woff.ttf
1	fonts/迷你简菱心.ttf
1	fonts/字魂237号-玉兰手书.ttf
1	models/灯.json
1	materials/灯.json
1	materials/灯.tex
1	materials/灯光.json
1	materials/灯光.tex
1	fonts/ariblk.ttf
1	fonts/Tourner (29).ttf
1	sounds/Energetic Sport Rock.mp3
1	materials/masks/opacity_mask_94cb67d2.tex
1	materials/workshop/2564332778/effects/clouds.json
1	materials/masks/waterripple_mask_b10608fa.tex
1	materials/workshop/2564332778/water ripple.tex
1	materials/masks/waterripple_mask_3e77cf22.tex
1	shaders/workshop/2564332778/effects/clouds.frag
1	models/Honeycam 2022-12-04 02-54-52.json
1	materials/Honeycam 2022-12-04 02-54-52.json
1	materials/Honeycam 2022-12-04 02-54-52.tex
1	fonts/Galmuri7.ttf
1	materials/masks/opacity_mask_b6adb011.tex
1	shaders/workshop/2564332778/effects/clouds.vert
1	effects/workshop/2564332778/clouds/effect.json
1	effects/workshop/2872146492/lens_distorsion/effect.json
1	materials/workshop/2872146492/effects/lens_distorsion.json
1	shaders/workshop/2872146492/effects/lens_distorsion.vert
1	shaders/workshop/2872146492/effects/lens_distorsion.frag
1	models/350969.json
1	materials/350969.json
1	materials/350969.tex
1	models/bg_day_mask.json
1	models/bg_day.json
1	materials/Honeycam 2023-01-04 13-44-00.json
1	materials/bg_day.json
1	materials/bg_day.tex
1	materials/bg_night.tex
1	materials/masks/shine_downsample2_mask_e65bbf2e.tex
1	materials/bg_day_mountain.tex
1	materials/masks/waterflow_mask_8d99591b.tex
1	models/bg_day_mountain.json
1	materials/bg_day_mountain.json
1	materials/bg_night_mountain.tex
1	materials/masks/opacity_mask_ccb1919e.tex
1	effects/workshop/2911621101/audio_ring/effect.json
1	materials/masks/waterripple_mask_08d07cb8.tex
1	materials/workshop/2795625020/particle/Small_Snowflake.tex
1	materials/presets/rainrefractive.json
1	particles/presets/rainrefractive.json
1	models/Honeycam 2026-05-09 11-49-44.json
1	materials/workshop/2904870983/presets/fireflies.json
1	particles/workshop/2904870983/presets/fireflies.json
1	materials/workshop/2904870983/presets/firefliestrail.json
1	particles/workshop/2904870983/presets/firefliestrail.json
1	materials/bg_day_mask.json
1	materials/bg_day_mask.tex
1	materials/bg_night_mask.tex
1	materials/masks/gradient_color_mask_1d695cce.tex
1	materials/masks/pulse_mask_32892241.tex
1	materials/workshop/2911621101/effects/audio_ring.json
1	shaders/workshop/2911621101/effects/audio_ring.vert
1	shaders/workshop/2911621101/effects/audio_ring.frag
1	effects/workshop/2911621101/shake/effect.json
1	materials/workshop/2911621101/effects/shake.json
1	shaders/workshop/2911621101/effects/shake.vert
1	shaders/workshop/2911621101/effects/shake.frag
1	materials/workshop/2911621101/masks/shake_mask_78cc948b.tex
1	materials/masks/opacity_mask_e9bb9a12.tex
1	materials/masks/shake_mask_5df82264.tex
1	materials/masks/shake_mask_20ed5a89.tex
1	materials/masks/shake_mask_66b8110e.tex
1	models/Honeycam 2023-01-03 02-02-52.json
1	materials/Honeycam 2023-01-03 02-02-52.json
1	materials/Honeycam 2023-01-03 02-37-55.tex
1	materials/masks/opacity_mask_e9efbac8.tex
1	materials/masks/pulse__mask_a5aee6b6.tex
1	materials/masks/pulse__mask_cc4db9a0.tex
1	materials/Honeycam 2026-05-09 11-49-44.tex
1	materials/masks/reflection_mask_63172baa.tex
1	models/Honeycam 2023-01-04 13-44-00.json
1	materials/Honeycam 2023-01-04 13-44-00.tex
1	materials/masks/opacity_mask_e6f887df.tex
1	materials/masks/pulse_mask_48e63638.tex
1	materials/masks/pulse_mask_dfd10b9d.tex
1	materials/Honeycam 2026-05-09 11-49-44.json
1	models/Honeycam 2026-05-09 14-12-53.json
1	materials/Honeycam 2026-05-09 14-12-53.json
1	materials/Honeycam 2026-05-09 14-12-53.tex
1	materials/workshop/2907440407/presets/dust_motes_0.json
1	particles/workshop/2907440407/presets/dust_motes_0.json
1	sounds/[YT2mp3.info] - dryhope - White Oak [chill hip hop beats] (128kbps).mp3
1	sounds/P5 OST 23 Layer Cake.mp3
1	models/futaba.json
1	materials/dawn 2.tex
1	materials/Night2.tex
1	models/workshop/3241236635/17Bottom.json
1	materials/workshop/3241236635/24Top.json
1	materials/workshop/3241236635/30Bottom.tex
1	sounds/P5 OST 22 Confession,Secret  Piano Version.mp3
1	materials/workshop/3241236635/6Bottom.json
1	sounds/P5 OST 21 Confession,Secret.mp3
1	models/nuvola 3.json
1	sounds/Beneath the Mask - Persona 5 (Cover by Sapphire ft. The Consouls).mp3
1	models/Day2.json
1	models/night cielo.json
1	materials/workshop/3241236635/5m.json
1	models/workshop/3241236635/FridayBottom.json
1	models/Pollen Warning.json
1	materials/night cielo.json
1	models/workshop/3241236635/8Bottom.json
1	materials/night cielo.tex
1	models/mid day cielo.json
1	materials/workshop/3241236635/5.tex
1	models/kawakami.json
1	models/chihaiya.json
1	materials/workshop/3241236635/SaturdayBottom.json
1	materials/workshop/3241236635/FridayBottom.json
1	materials/dawn sky.tex
1	materials/mi day 2.tex
1	models/nuvola 2_puppet.mdl
1	sounds/P5 OST 50 Suspicion.mp3
1	models/workshop/3241236635/5Topm.json
1	materials/cielo.tex
1	sounds/P5 OST 63 New Beginning.mp3
1	materials/workshop/3241236635/8Bottomm.tex
1	materials/workshop/3241236635/11.tex
1	materials/workshop/3241236635/SundayBottom.json
1	materials/mid day cielo.tex
1	materials/workshop/3248335727/is the volume.tex
1	models/dawn 2.json
1	materials/workshop/3241236635/21Bottom.json
1	materials/wegwegwegh.tex
1	materials/masks/color_grading_mask_6ee85dec.tex
1	materials/rain_sky-OesOKDCjP-transformed.tex
1	effects/workshop/3248335727/blur/effect.json
1	materials/workshop/3241236635/3Bottomm.tex
1	materials/temporale 2.tex
1	materials/workshop/3248335727/effects/tint.json
1	materials/workshop/3241236635/31.tex
1	materials/rain_sky-OesOKDCjP-transformed.json
1	materials/ryuji.json
1	materials/Layer 4.json
1	materials/workshop/3241236635/1Bottom.tex
1	materials/mid 2.tex
1	models/workshop/3241236635/13Bottom.json
1	models/rain_sky-OesOKDCjP-transformed.json
1	materials/masks/opacity_mask_ec228fcb.tex
1	materials/workshop/3241236635/15.json
1	models/Night2.json
1	models/workshop/3241236635/TuesdayTop.json
1	materials/workshop/3241236635/MondayTop.tex
1	materials/dawn 2.json
1	materials/Night2.json
1	materials/workshop/3241236635/2Top.json
1	materials/Day2.tex
1	materials/Afternoon.tex
1	sounds/Persona 5 Life Goes On Cover  Mohmega.mp3
1	materials/workshop/3241236635/ThursdayTop.json
1	materials/mid day.tex
1	materials/Snowy0.tex
1	models/notte1.json
1	materials/Lunchtime.tex
1	models/sojiro.json
1	materials/workshop/3241236635/4Bottomm.json
1	materials/workshop/3241236635/2Bottomm.json
1	models/mi day 2.json
1	materials/masks/tint_mask_59dde8f8.tex
1	materials/mid day cielo.json
1	materials/workshop/3248335727/is the volume.json
1	materials/workshop/3248335727/masks/opacity_mask_a27d757b.tex
1	materials/masks/tint_mask_a6a0459d.tex
1	materials/workshop/3241236635/9Bottomm.json
1	materials/workshop/3241236635/4Bottom.json
1	models/takemi.json
1	materials/workshop/3241236635/12m.json
1	models/mid day.json
1	sounds/P5 OST 100 Rivers In the Desert.mp3
1	models/workshop/3241236635/15Top.json
1	materials/kawakami.tex
1	materials/workshop/3241236635/3Bottomm.json
1	materials/masks/opacity_mask_0c5b1a3d.tex
1	models/dawn sky.json
1	materials/Layer 3.tex
1	materials/temporale 3.tex
1	materials/workshop/3241236635/24Bottom.json
1	models/solid_instance_model_d5ace427.json
1	materials/workshop/3241236635/5m.tex
1	models/ryuji.json
1	shaders/workshop/3248335727/effects/blur_gaussian.frag
1	models/workshop/3241236635/12Topm.json
1	materials/dawn sky.json
1	materials/workshop/3241236635/26Bottom.tex
1	models/cielo.json
1	models/workshop/3241236635/7Bottom.json
1	materials/cielo.json
1	effects/workshop/3248335727/tint/effect.json
1	models/workshop/3241236635/28.json
1	materials/Day2.json
1	models/workshop/3248335727/dialogue front.json
1	models/workshop/3241236635/23Top.json
1	materials/mid day.json
1	models/mid 2.json
1	shaders/workshop/3248335727/effects/blur_gaussian.vert
1	materials/workshop/3248335727/volume_max_speaker_sound_audio_icon_149179.tex
1	materials/mid 2.json
1	materials/masks/opacity_mask_e826f87f.tex
1	materials/mi day 2.json
1	materials/workshop/3241236635/6.json
1	sounds/No More What Ifs.mp3
1	materials/snow static.json
1	materials/Haru.tex
1	materials/workshop/3241236635/17Bottom.json
1	materials/workshop/3241236635/27.tex
1	sounds/P5 OST 68 Whats Going On!.mp3
1	materials/mask.tex
1	sounds/P5R OST 08 No More What Ifs.mp3
1	materials/notte1.json
1	models/workshop/3241236635/12Bottomm.json
1	materials/workshop/3241236635/Sunday.tex
1	materials/workshop/3241236635/18Bottom.json
1	materials/workshop/3241236635/16Top.json
1	materials/masks/opacity_mask_3ff309b5.tex
1	materials/masks/opacity_mask_64ab2e4e.tex
1	materials/maskkkk.tex
1	materials/workshop/3241236635/22Top.tex
1	materials/workshop/3241236635/5Bottom.json
1	models/cerchi cielo.json
1	materials/workshop/3241236635/1Topm.tex
1	materials/cerchi cielo.json
1	materials/workshop/3241236635/Wednesday.tex
1	materials/238322824.tex
1	sounds/workshop/3248335727/select.wav
1	materials/masks/opacity_mask_f3a253b9.tex
1	models/rennee.json
1	models/workshop/3241236635/9Topm.json
1	materials/rennee.json
1	materials/workshop/3241236635/WednesdayBottom.json
1	materials/rennee.tex
1	materials/workshop/3248335727/effects/edgedetection.json
1	materials/workshop/3241236635/WednesdayBottom.tex
1	models/workshop/3241236635/3.json
1	models/rennee_puppet.mdl
1	materials/workshop/3241236635/18Bottom.tex
1	materials/workshop/3241236635/16Top.tex
1	models/workshop/3241236635/25.json
1	effects/workshop/3248335727/blurradial/effect.json
1	models/flake.json
1	models/workshop/3241236635/3Bottomm.json
1	models/lighting.json
1	models/workshop/3241236635/SaturdayTop.json
1	materials/workshop/3248335727/masks/opacity_mask_b46090becade15742727de64041260c1ab4bade4.tex
1	materials/lighting.json
1	materials/lighting.tex
1	effects/workshop/3248335727/perspective/effect.json
1	shaders/workshop/3248335727/effects/perspective.vert
1	models/heat.json
1	materials/masks/opacity_mask_f1c5802c.tex
1	materials/Ohya.tex
1	materials/workshop/3248335727/masks/opacity_mask_04a251dd.tex
1	materials/heat.json
1	materials/heat.tex
1	fonts/p5hatty.ttf
1	materials/workshop/3241236635/7Topm.tex
1	shaders/workshop/3248335727/effects/fisheye.vert
1	effects/edgedetection/effect.json
1	models/Early Morning.json
1	models/workshop/3241236635/Friday.json
1	effects/workshop/3248335727/blurprecise/effect.json
1	materials/effects/edgedetection.json
1	materials/workshop/3241236635/ThursdayTop.tex
1	shaders/effects/edgedetection.vert
1	materials/workshop/3241236635/3Bottom.json
1	effects/workshop/3248335727/colorkey/effect.json
1	shaders/effects/edgedetection.frag
1	materials/makoto.json
1	materials/workshop/3241236635/7m.tex
1	sounds/Beneath the Mask - Rain - Persona 5.mp3
1	models/workshop/3241236635/17.json
1	sounds/P5 OST 01 Wake Up, Get Up, Get Out There.mp3
1	sounds/P5R OST 01 Colors Flying High opening movie version.mp3
1	sounds/P5S OST 1 You Are Stronger.mp3
1	materials/Morning.json
1	sounds/P5 OST 02 Phantom.mp3
1	models/workshop/3241236635/7.json
1	sounds/P5R OST 02 Royal Days.mp3
1	materials/temporale 1.tex
1	materials/workshop/3241236635/10.json
1	sounds/P5R OST 20 So Happy World.mp3
1	materials/Hot Night.json
1	sounds/P5 OST 37 Tokyo Daylight.mp3
1	materials/workshop/3241236635/4Topm.json
1	materials/workshop/3241236635/23Top.json
1	sounds/P5 OST 20 Tokyo Emergency.mp3
1	models/workshop/3241236635/15.json
1	materials/workshop/3241236635/9Bottomm.tex
1	materials/workshop/3241236635/4Bottom.tex
1	sounds/P5 OST 09 Beneath the Mask  Instrumental Version.mp3
1	materials/snow static.tex
1	materials/workshop/3241236635/17Bottom.tex
1	models/workshop/3241236635/8Topm.json
1	sounds/P5 OST 40 Have a Short Rest.mp3
1	materials/workshop/3241236635/TuesdayBottom.tex
1	sounds/P5 OST 08 The Poem of Everyone’s Souls.mp3
1	models/joker.json
1	sounds/P5 OST 43 Wicked Plan.mp3
1	sounds/P5 OST 17 Last Surprise.mp3
1	materials/masks/opacity_mask_31db8ad9.tex
1	sounds/P5 OST 62 Alright  Elp Version.mp3
1	materials/workshop/3241236635/21Top.json
1	sounds/P5 OST 60 Alleycat.mp3
1	sounds/P5 OST 66 Break it Down  Elp Version.mp3
1	materials/igor.tex
1	materials/yusuke.json
1	materials/kawakami.json
1	materials/workshop/3241236635/19.json
1	materials/workshop/3241236635/25Bottom.json
1	sounds/P5 OST 30 Everyday Days.mp3
1	materials/masks/tint_mask_9c231975.tex
1	sounds/Persona 5 OST - 46 - Sunset Bridge [Extended].mp3
1	materials/Rainy0.tex
1	models/workshop/3241236635/4Bottomm.json
1	sounds/P5 OST 106 Swear to My Bones.mp3
1	sounds/P5 OST 69 Sweet.mp3
1	materials/workshop/3248335727/cornered.tex
1	materials/workshop/3241236635/18Top.json
1	sounds/P5 OST 109 With the Stars and Us.mp3
1	materials/nuvola 3.tex
1	materials/workshop/3241236635/6Bottomm.tex
1	materials/cloud static.json
1	sounds/P5 OST 38 Butterfly Kiss.mp3
1	sounds/P5 OST 49 Bar Yuu Comer.mp3
1	sounds/P5 OST 81 Is it Boring.mp3
1	materials/kasumi.json
1	sounds/P5 OST 55 Life Goes On.mp3
1	materials/workshop/3241236635/1m.tex
1	sounds/P5R OST 03 Take Over.mp3
1	materials/workshop/3241236635/MondayBottom.json
1	materials/workshop/3241236635/8Top.json
1	materials/workshop/3248335727/iconfinder_skip-back_2561277.json
1	sounds/P5 OST 16 King, Queen and Slave.mp3
1	sounds/P5 OST 44 A Woman.mp3
1	materials/Iwai.json
1	sounds/P5 OST 52 Price.mp3
1	sounds/P5 OST 59 The Days When My Mother Was There.mp3
1	models/workshop/3241236635/19Bottom.json
1	sounds/P5 OST 83 Sweatshop.mp3
1	sounds/P5 OST 88 The Whims of Fate.mp3
1	materials/masks/opacity_mask_6f7af3ae.tex
1	models/workshop/3241236635/9Bottomm.json
1	shaders/workshop/3248335727/effects/blur_combine.frag
1	materials/workshop/3241236635/4Bottomm.tex
1	sounds/P5 OST 95 Ark.mp3
1	sounds/P5 OST 102 Freedom and Security.mp3
1	materials/workshop/3241236635/SaturdayBottom.tex
1	materials/workshop/3241236635/FridayBottom.tex
1	sounds/P5R OST 18 Gentle Madman.mp3
1	sounds/P5 OST 54 Keeper of Lust.mp3
1	materials/workshop/3241236635/29Bottom.tex
1	sounds/P5R OST 22 Out of Kindness.mp3
1	sounds/P5 OST 04 Life Will Change.mp3
1	materials/workshop/3241236635/5Topm.json
1	shaders/workshop/3248335727/effects/colorkey.vert
1	models/nuvola 2.json
1	sounds/Throw Away Your Mask - Persona 5 The Royal.mp3
1	materials/workshop/3241236635/13.tex
1	materials/workshop/3241236635/7.json
1	models/workshop/3241236635/8m.json
1	sounds/P5 OST 26 Blooming Villain.mp3
1	materials/Lavenza.json
1	models/workshop/3241236635/WednesdayBottom.json
1	sounds/P5 OST 14 Will Power.mp3
1	sounds/P5R OST 24 Keep Your Faith.mp3
1	shaders/workshop/3248335727/effects/blur_radial_gaussian.frag
1	models/workshop/3241236635/6Bottom.json
1	sounds/P5R OST 23 I believe.mp3
1	materials/workshop/3241236635/9Top.tex
1	sounds/With the Stars and Us (feat. The Consouls).mp3
1	sounds/Persona 5 - The Days When My Mother Was There - Guitar Cover.mp3
1	sounds/Colors Flying High FULL OPENING (Persona 5 Royal) Cover by Lollia feat (mp3cut.net).mp3
1	sounds/Persona 5 Royal - Gentle Madman  Out of Kindness Cover.mp3
1	models/workshop/3241236635/7m.json
1	models/nuvola1.json
1	materials/workshop/3241236635/17.tex
1	materials/masks/opacity_mask_9373d3e5.tex
1	models/workshop/3241236635/26Bottom.json
1	materials/workshop/3241236635/Friday.json
1	shaders/workshop/3248335727/effects/gradient_color.vert
1	materials/workshop/3241236635/Saturday.json
1	models/kindpng_1204859.json
1	materials/kindpng_1204859.json
1	materials/kindpng_1204859.tex
1	models/akechi.json
1	materials/akechi.json
1	materials/akechi.tex
1	models/workshop/3241236635/12m.json
1	materials/masks/opacity_mask_dc7e320f.tex
1	models/ann.json
1	materials/workshop/3241236635/16Bottom.tex
1	materials/ann.json
1	materials/ann.tex
1	materials/masks/opacity_mask_595ddbbf.tex
1	models/caroline e justine.json
1	materials/workshop/3248335727/effects/blur_precise_gaussian_x.json
1	materials/workshop/3241236635/12Bottomm.tex
1	models/workshop/3241236635/12Top.json
1	materials/masks/opacity_mask_4c9b1dba.tex
1	materials/workshop/3241236635/24Bottom.tex
1	models/workshop/3241236635/1Bottom.json
1	models/workshop/3241236635/27Bottom.json
1	materials/caroline e justine.json
1	models/Layer 3.json
1	materials/caroline e justine.tex
1	models/workshop/3241236635/24Top.json
1	materials/masks/opacity_mask_4a4cf180.tex
1	materials/workshop/3241236635/6m.tex
1	materials/chihaiya.json
1	materials/Daytime.json
1	models/workshop/3241236635/6m.json
1	materials/chihaiya.tex
1	models/workshop/3241236635/2Bottom.json
1	materials/workshop/3241236635/28.tex
1	models/workshop/3241236635/24Bottom.json
1	materials/futaba.json
1	materials/sojiro.json
1	materials/futaba.tex
1	models/workshop/3241236635/28Bottom.json
1	materials/masks/opacity_mask_e740c912.tex
1	models/Haru.json
1	models/workshop/3241236635/29Top.json
1	materials/Haru.json
1	models/workshop/3241236635/11Bottomm.json
1	models/hifumi.json
1	materials/masks/opacity_mask_f10bc4b2.tex
1	models/workshop/3248335727/placeholder.json
1	models/Iwai.json
1	materials/hifumi.json
1	models/Daytime.json
1	materials/hifumi.tex
1	models/temporale 2.json
1	materials/workshop/3241236635/SaturdayTop.json
1	materials/masks/opacity_mask_155a8e0a.tex
1	models/igor.json
1	materials/igor.json
1	models/workshop/3241236635/10.json
1	materials/Iwai.tex
1	materials/workshop/3241236635/ThursdayBottom.tex
1	materials/workshop/3241236635/5Top.json
1	materials/masks/opacity_mask_f30ffa62.tex
1	materials/joker.json
1	models/Ohya.json
1	materials/Heat Wave.tex
1	models/yusuke.json
1	materials/joker.tex
1	models/kasumi.json
1	materials/workshop/3241236635/9.json
1	materials/kasumi.tex
1	models/Lavenza.json
1	materials/workshop/3241236635/13Bottom.tex
1	materials/masks/opacity_mask_c744ed69.tex
1	models/workshop/3241236635/21Top.json
1	materials/workshop/3241236635/7.tex
1	materials/Lavenza.tex
1	materials/flare 2.tex
1	materials/workshop/3241236635/16.json
1	materials/masks/opacity_mask_6a17826f.tex
1	models/circle-xxl.json
1	models/makoto.json
1	materials/makoto.tex
1	materials/masks/opacity_mask_ca73016f.tex
1	materials/workshop/3241236635/14Top.tex
1	models/workshop/3241236635/23.json
1	models/Maruki.json
1	materials/Maruki.json
1	materials/workshop/3241236635/31.json
1	materials/Maruki.tex
1	models/mishima.json
1	shaders/workshop/3248335727/effects/blur_downsample4.frag
1	materials/mishima.json
1	materials/mishima.tex
1	materials/workshop/3241236635/27.json
1	materials/masks/opacity_mask_860bafb2.tex
1	models/morgana.json
1	materials/workshop/3241236635/2Bottomm.tex
1	materials/morgana.json
1	materials/morgana.tex
1	materials/workshop/3241236635/3m.tex
1	materials/masks/opacity_mask_dccabe5d.tex
1	materials/Ohya.json
1	models/workshop/3241236635/10m.json
1	materials/ryuji.tex
1	materials/Layer 4.tex
1	effects/workshop/3248335727/fisheye/effect.json
1	models/workshop/3241236635/16.json
1	models/sae.json
1	materials/masks/tint_mask_9a7b5aec.tex
1	materials/sae.json
1	materials/workshop/3241236635/22Bottom.tex
1	materials/workshop/3248335727/effects/gradient_color.json
1	materials/sae.tex
1	models/shinya.json
1	materials/shinya.json
1	materials/shinya.tex
1	materials/workshop/3241236635/6Top.json
1	materials/sojiro.tex
1	materials/takemi.json
1	materials/takemi.tex
1	materials/masks/opacity_mask_6d22535f.tex
1	materials/yusuke.tex
1	materials/workshop/3241236635/SundayTop.json
1	models/Layer 4.json
1	materials/Cloudy2.json
1	materials/workshop/3248335727/dialogue front.json
1	models/workshop/3241236635/6Bottomm.json
1	materials/Cloudy2.tex
1	materials/workshop/3248335727/dialogue front.tex
1	materials/workshop/3241236635/25.json
1	models/workshop/3248335727/iconfinder_skip-back_2561277.json
1	shaders/workshop/3248335727/effects/blur_precise_gaussian.vert
1	materials/workshop/3241236635/MondayBottom.tex
1	materials/workshop/3241236635/8Top.tex
1	materials/workshop/3241236635/10m.json
1	materials/workshop/3248335727/iconfinder_skip-back_2561277.tex
1	materials/workshop/3241236635/Thursday.json
1	shaders/workshop/3248335727/effects/tint.vert
1	models/workshop/3241236635/7Bottomm.json
1	shaders/workshop/3248335727/effects/tint.frag
1	effects/workshop/3248335727/opacity/effect.json
1	models/flare 2.json
1	materials/workshop/3248335727/effects/opacity.json
1	shaders/workshop/3248335727/effects/opacity.vert
1	materials/workshop/3241236635/4Top.json
1	shaders/workshop/3248335727/effects/opacity.frag
1	materials/workshop/3248335727/effects/fisheye.json
1	shaders/workshop/3248335727/effects/blendgradient.vert
1	models/workshop/3241236635/9Top.json
1	models/workshop/3248335727/cropped.json
1	materials/workshop/3248335727/masks/opacity_mask_6da039dd6f1016329b8f560422de28671ad5e1f8.tex
1	materials/workshop/3248335727/cropped.json
1	models/workshop/3241236635/2m.json
1	materials/workshop/3241236635/12Bottomm.json
1	materials/workshop/3248335727/cropped.tex
1	materials/workshop/3248335727/effects/colorkey.json
1	materials/workshop/3248335727/effects/blur_gaussian_x.json
1	models/workshop/3241236635/FridayTop.json
1	materials/workshop/3241236635/16.tex
1	shaders/workshop/3248335727/effects/colorkey.frag
1	fonts/workshop/3248335727/p5hatty.ttf
1	models/workshop/3248335727/loop.json
1	materials/workshop/3248335727/loop.json
1	models/workshop/3241236635/6Topm.json
1	materials/workshop/3241236635/12Top.json
1	materials/workshop/3248335727/loop.tex
1	materials/workshop/3241236635/11Topm.json
1	materials/workshop/3248335727/placeholder.json
1	models/workshop/3241236635/MondayTop.json
1	materials/workshop/3241236635/11Topm.tex
1	materials/workshop/3248335727/placeholder.tex
1	materials/workshop/3241236635/14Bottom.json
1	materials/workshop/3241236635/19Top.tex
1	effects/workshop/3248335727/blendgradient/effect.json
1	materials/workshop/3248335727/effects/blendgradient.json
1	materials/circle-xxl.json
1	shaders/workshop/3248335727/effects/blendgradient.frag
1	materials/91VDetfVuOL._UF1000,1000_QL80_DpWeblab_.tex
1	materials/workshop/3248335727/effects/perspective.json
1	materials/workshop/3241236635/29Top.json
1	shaders/workshop/3248335727/effects/perspective.frag
1	materials/Layer 3.json
1	materials/temporale 3.json
1	materials/workshop/3241236635/3Topm.json
1	models/esfsefsf.json
1	models/workshop/3241236635/31Top.json
1	materials/workshop/3241236635/11Bottomm.tex
1	materials/workshop/3241236635/18.json
1	materials/esfsefsf.json
1	materials/workshop/3241236635/1Top.json
1	materials/workshop/3241236635/18.tex
1	materials/esfsefsf.tex
1	materials/workshop/3248335727/effects/blur_downsample4.json
1	models/workshop/3241236635/18.json
1	models/workshop/3241236635/ThursdayBottom.json
1	shaders/workshop/3248335727/effects/blur_downsample4.vert
1	materials/workshop/3241236635/2Topm.tex
1	materials/workshop/3248335727/effects/blur_gaussian_y.json
1	materials/workshop/3248335727/effects/blur_combine.json
1	shaders/workshop/3248335727/effects/blur_combine.vert
1	models/nuvola 3_puppet.mdl
1	materials/workshop/3241236635/1Bottom.json
1	models/workshop/3241236635/WednesdayTop.json
1	shaders/workshop/3248335727/effects/blur_precise_gaussian.frag
1	models/workshop/3241236635/5Bottomm.json
1	materials/workshop/3248335727/effects/blur_precise_gaussian_y.json
1	materials/sun static.tex
1	shaders/workshop/3248335727/effects/fisheye.frag
1	models/workshop/3248335727/Comp 1_00000.json
1	materials/workshop/3248335727/Comp 1_00000.json
1	materials/workshop/3241236635/2Bottom.json
1	materials/workshop/3248335727/Comp 1_00000.tex
1	materials/workshop/3241236635/11Bottom.json
1	materials/workshop/3248335727/effects/blur_radial_gaussian.json
1	materials/flare 2.json
1	models/workshop/3241236635/8.json
1	shaders/workshop/3248335727/effects/blur_radial_gaussian.vert
1	models/cloud static.json
1	models/workshop/3248335727/volume_max_speaker_sound_audio_icon_149179.json
1	materials/workshop/3248335727/volume_max_speaker_sound_audio_icon_149179.json
1	effects/workshop/3248335727/edgedetection/effect.json
1	materials/workshop/3241236635/13Top.json
1	models/workshop/3241236635/10Bottomm.json
1	shaders/workshop/3248335727/effects/edgedetection.vert
1	shaders/workshop/3248335727/effects/edgedetection.frag
1	effects/workshop/3248335727/gradient_color/effect.json
1	shaders/workshop/3248335727/effects/gradient_color.frag
1	sounds/workshop/3248335727/dial.wav
1	materials/circle-xxl.tex
1	models/circle-xxl_puppet.mdl
1	materials/masks/opacity_mask_7555805c.tex
1	materials/nuvola1.json
1	models/solid_instance_model_f71c03df.json
1	models/workshop/3241236635/14Top.json
1	models/flare 2_puppet.mdl
1	materials/nuvola 3.json
1	materials/workshop/3241236635/6Bottomm.json
1	materials/temporale 2.json
1	models/temporale 3.json
1	materials/nuvola 2.json
1	models/workshop/3241236635/15Bottom.json
1	models/workshop/3241236635/Thursday.json
1	materials/nuvola 2.tex
1	materials/nuvola1.tex
1	models/nuvola1_puppet.mdl
1	models/AfterSchool.json
1	models/workshop/3241236635/5m.json
1	models/temporale 1.json
1	models/workshop/3241236635/18Top.json
1	materials/temporale 1.json
1	materials/flake.json
1	materials/flake.tex
1	materials/particle/snow.tex
1	materials/nuvola1 mid day.tex
1	materials/workshop/3241236635/5Bottomm.tex
1	materials/Nuvola 2 mid day.tex
1	materials/Nuvola 3 mid day.tex
1	models/workshop/3248335727/is the volume.json
1	models/is the volume_puppet.mdl
1	models/workshop/3241236635/19Top.json
1	fonts/republica-4f-comp-black-italic.ttf
1	models/workshop/3241236635/MondayBottom.json
1	models/workshop/3241236635/TuesdayBottom.json
1	materials/workshop/3241236635/TuesdayBottom.json
1	materials/workshop/3241236635/ThursdayBottom.json
1	materials/workshop/3241236635/11Bottom.tex
1	models/workshop/3241236635/SaturdayBottom.json
1	models/workshop/3241236635/SundayBottom.json
1	models/workshop/3241236635/19.json
1	materials/workshop/3241236635/SundayBottom.tex
1	models/workshop/3241236635/1Bottomm.json
1	materials/workshop/3241236635/1Bottomm.json
1	models/workshop/3241236635/1m.json
1	materials/workshop/3241236635/1Bottomm.tex
1	models/workshop/3241236635/2Bottomm.json
1	materials/workshop/3241236635/2Bottom.tex
1	materials/workshop/3241236635/TuesdayTop.tex
1	materials/workshop/3241236635/5Bottomm.json
1	materials/workshop/3241236635/7Bottomm.json
1	materials/workshop/3241236635/15Bottom.json
1	materials/workshop/3241236635/7Bottomm.tex
1	materials/workshop/3241236635/15Bottom.tex
1	materials/workshop/3241236635/Friday.tex
1	models/workshop/3241236635/8Bottomm.json
1	models/workshop/3241236635/16Bottom.json
1	materials/workshop/3241236635/8Bottomm.json
1	materials/workshop/3241236635/10Bottomm.json
1	materials/workshop/3241236635/10Bottomm.tex
1	materials/workshop/3241236635/12.tex
1	models/workshop/3241236635/6.json
1	materials/workshop/3241236635/11Bottomm.json
1	models/workshop/3241236635/3Bottom.json
1	materials/workshop/3241236635/3Bottom.tex
1	models/workshop/3241236635/4Bottom.json
1	models/workshop/3241236635/25Top.json
1	models/sun static.json
1	models/workshop/3241236635/5Bottom.json
1	materials/workshop/3241236635/5Bottom.tex
1	materials/workshop/3241236635/6Bottom.tex
1	materials/workshop/3241236635/7Bottom.json
1	models/workshop/3241236635/6Top.json
1	materials/workshop/3241236635/7Bottom.tex
1	materials/workshop/3241236635/10Topm.json
1	materials/workshop/3241236635/8Bottom.json
1	materials/masks/tint_mask_4c71f120.tex
1	materials/workshop/3241236635/10Topm.tex
1	materials/workshop/3241236635/8Bottom.tex
1	models/workshop/3241236635/9Bottom.json
1	materials/workshop/3241236635/9Bottom.json
1	materials/workshop/3241236635/9Bottom.tex
1	materials/workshop/3241236635/Wednesday.json
1	models/workshop/3241236635/10Bottom.json
1	materials/workshop/3241236635/8Topm.json
1	materials/workshop/3241236635/14.tex
1	materials/workshop/3241236635/10Bottom.json
1	materials/workshop/3241236635/8Topm.tex
1	materials/workshop/3241236635/10Bottom.tex
1	models/workshop/3241236635/11Bottom.json
1	models/workshop/3241236635/12Bottom.json
1	models/workshop/3241236635/2.json
1	materials/workshop/3241236635/12Bottom.json
1	materials/workshop/3241236635/12Bottom.tex
1	materials/workshop/3241236635/13Bottom.json
1	materials/workshop/3241236635/30.tex
1	models/workshop/3241236635/14Bottom.json
1	materials/workshop/3241236635/14Bottom.tex
1	materials/workshop/3241236635/SundayTop.tex
1	models/workshop/3241236635/27Top.json
1	materials/workshop/3241236635/16Bottom.json
1	models/workshop/3241236635/18Bottom.json
1	materials/workshop/3241236635/19Bottom.json
1	materials/workshop/3241236635/19Bottom.tex
1	models/workshop/3241236635/20Bottom.json
1	materials/workshop/3241236635/20Bottom.json
1	materials/workshop/3241236635/20Bottom.tex
1	models/workshop/3241236635/21Bottom.json
1	materials/workshop/3241236635/21Bottom.tex
1	models/workshop/3241236635/22Bottom.json
1	materials/workshop/3241236635/22Bottom.json
1	models/workshop/3241236635/3Top.json
1	models/workshop/3241236635/23Bottom.json
1	materials/masks/opacity_mask_a47086b8.tex
1	materials/workshop/3241236635/23Bottom.json
1	materials/workshop/3241236635/23Bottom.tex
1	models/workshop/3241236635/25Bottom.json
1	materials/workshop/3241236635/19.tex
1	materials/workshop/3241236635/25Bottom.tex
1	materials/workshop/3241236635/26Bottom.json
1	materials/workshop/3241236635/27Bottom.json
1	models/workshop/3241236635/7Topm.json
1	materials/workshop/3241236635/27Bottom.tex
1	materials/workshop/3241236635/28Bottom.json
1	materials/workshop/3241236635/28Bottom.tex
1	models/workshop/3241236635/29Bottom.json
1	materials/workshop/3241236635/29Bottom.json
1	models/workshop/3241236635/30Bottom.json
1	materials/workshop/3241236635/30Bottom.json
1	models/workshop/3241236635/31Bottom.json
1	materials/workshop/3241236635/31Bottom.json
1	materials/workshop/3241236635/31Bottom.tex
1	models/Sunny0.json
1	materials/rain static.tex
1	materials/Sunny0.json
1	materials/Sunny0.tex
1	materials/sun static.json
1	materials/workshop/3241236635/4m.tex
1	models/Cloudy2.json
1	materials/cloud static.tex
1	materials/workshop/3241236635/1Topm.json
1	models/workshop/3241236635/4Top.json
1	models/Rainy0.json
1	materials/Rainy0.json
1	models/rain static.json
1	materials/rain static.json
1	models/Snowy0.json
1	materials/Snowy0.json
1	materials/workshop/3241236635/14.json
1	models/snow static.json
1	models/solid_instance_model_7d938e3d.json
1	models/workshop/3241236635/Monday.json
1	materials/Early Morning.tex
1	materials/workshop/3241236635/31Top.tex
1	materials/workshop/3241236635/Monday.json
1	materials/workshop/3241236635/28Top.json
1	models/workshop/3241236635/4m.json
1	materials/workshop/3241236635/Monday.tex
1	models/workshop/3241236635/Tuesday.json
1	models/workshop/3241236635/2Top.json
1	materials/workshop/3241236635/Tuesday.json
1	materials/workshop/3241236635/Tuesday.tex
1	materials/workshop/3241236635/24Top.tex
1	models/workshop/3241236635/Wednesday.json
1	materials/workshop/3241236635/Thursday.tex
1	models/workshop/3241236635/Saturday.json
1	materials/workshop/3241236635/Saturday.tex
1	models/workshop/3241236635/Sunday.json
1	materials/workshop/3241236635/Sunday.json
1	materials/workshop/3241236635/25.tex
1	materials/workshop/3241236635/1m.json
1	materials/workshop/3241236635/2m.json
1	materials/workshop/3241236635/2m.tex
1	models/Evening.json
1	materials/workshop/3241236635/27Top.json
1	models/workshop/3241236635/3m.json
1	materials/workshop/3241236635/3m.json
1	materials/workshop/3241236635/4m.json
1	models/workshop/3241236635/30.json
1	materials/workshop/3241236635/26.tex
1	materials/workshop/3241236635/6m.json
1	materials/workshop/3241236635/7m.json
1	materials/workshop/3241236635/15.tex
1	materials/workshop/3241236635/8m.json
1	materials/workshop/3241236635/8m.tex
1	models/workshop/3241236635/9m.json
1	materials/workshop/3241236635/12Topm.tex
1	materials/workshop/3241236635/9m.json
1	materials/workshop/3241236635/9m.tex
1	materials/workshop/3241236635/10m.tex
1	models/workshop/3241236635/11m.json
1	materials/workshop/3241236635/11m.json
1	materials/workshop/3241236635/11m.tex
1	materials/workshop/3241236635/12m.tex
1	models/workshop/3241236635/1.json
1	materials/workshop/3241236635/1.json
1	materials/workshop/3241236635/1.tex
1	materials/workshop/3241236635/21.tex
1	materials/workshop/3241236635/2.json
1	materials/workshop/3241236635/2.tex
1	materials/workshop/3241236635/3.json
1	materials/workshop/3241236635/3.tex
1	models/workshop/3241236635/4.json
1	materials/workshop/3241236635/4.json
1	materials/workshop/3241236635/4.tex
1	models/workshop/3241236635/5.json
1	materials/workshop/3241236635/5.json
1	materials/workshop/3241236635/6.tex
1	materials/workshop/3241236635/8.json
1	materials/workshop/3241236635/8.tex
1	models/workshop/3241236635/9.json
1	materials/workshop/3241236635/9.tex
1	materials/workshop/3241236635/10.tex
1	models/workshop/3241236635/11.json
1	materials/workshop/3241236635/11.json
1	models/workshop/3241236635/12.json
1	materials/workshop/3241236635/12.json
1	models/workshop/3241236635/13.json
1	materials/workshop/3241236635/13.json
1	models/workshop/3241236635/14.json
1	materials/workshop/3241236635/17.json
1	models/workshop/3241236635/20.json
1	materials/workshop/3241236635/20.json
1	materials/workshop/3241236635/20.tex
1	materials/AfterSchool.tex
1	materials/workshop/3241236635/MondayTop.json
1	models/workshop/3241236635/21.json
1	materials/workshop/3241236635/21.json
1	models/workshop/3241236635/22.json
1	materials/workshop/3241236635/22.json
1	materials/workshop/3241236635/22.tex
1	materials/workshop/3241236635/23.json
1	materials/workshop/3241236635/23.tex
1	models/workshop/3241236635/24.json
1	materials/workshop/3241236635/24.json
1	materials/workshop/3241236635/24.tex
1	models/workshop/3241236635/26.json
1	materials/workshop/3241236635/26.json
1	models/workshop/3241236635/27.json
1	materials/workshop/3241236635/28.json
1	models/workshop/3241236635/29.json
1	materials/workshop/3241236635/29.json
1	materials/workshop/3241236635/29.tex
1	materials/workshop/3241236635/30.json
1	models/workshop/3241236635/31.json
1	models/workshop/3241236635/1Top.json
1	materials/workshop/3241236635/1Top.tex
1	materials/workshop/3241236635/2Top.tex
1	materials/workshop/3241236635/3Top.json
1	materials/workshop/3241236635/3Top.tex
1	materials/workshop/3241236635/4Top.tex
1	materials/Afternoon.json
1	models/workshop/3241236635/5Top.json
1	materials/workshop/3241236635/5Top.tex
1	materials/workshop/3241236635/6Top.tex
1	models/workshop/3241236635/7Top.json
1	materials/workshop/3241236635/7Top.json
1	models/workshop/3241236635/17Top.json
1	materials/workshop/3241236635/7Top.tex
1	models/workshop/3241236635/8Top.json
1	materials/workshop/3241236635/9Top.json
1	models/workshop/3241236635/10Top.json
1	materials/masks/tint_mask_26f1dac1.tex
1	materials/workshop/3241236635/10Top.json
1	materials/workshop/3241236635/10Top.tex
1	models/workshop/3241236635/11Top.json
1	materials/workshop/3241236635/11Top.json
1	materials/workshop/3241236635/11Top.tex
1	materials/workshop/3241236635/12Top.tex
1	models/workshop/3241236635/13Top.json
1	materials/workshop/3241236635/13Top.tex
1	models/Torrential Rain.json
1	materials/workshop/3241236635/14Top.json
1	materials/workshop/3241236635/15Top.json
1	materials/workshop/3241236635/15Top.tex
1	models/workshop/3241236635/16Top.json
1	materials/workshop/3241236635/4Topm.tex
1	materials/workshop/3241236635/23Top.tex
1	materials/workshop/3241236635/17Top.json
1	materials/workshop/3241236635/17Top.tex
1	materials/workshop/3241236635/18Top.tex
1	materials/workshop/3241236635/19Top.json
1	models/workshop/3241236635/20Top.json
1	materials/workshop/3241236635/20Top.json
1	materials/workshop/3241236635/20Top.tex
1	materials/workshop/3241236635/21Top.tex
1	models/workshop/3241236635/22Top.json
1	materials/workshop/3241236635/22Top.json
1	materials/workshop/3241236635/25Top.json
1	models/workshop/3241236635/10Topm.json
1	materials/workshop/3241236635/25Top.tex
1	models/workshop/3241236635/26Top.json
1	materials/workshop/3241236635/26Top.json
1	materials/workshop/3241236635/26Top.tex
1	materials/workshop/3241236635/27Top.tex
1	models/workshop/3241236635/28Top.json
1	materials/workshop/3241236635/28Top.tex
1	materials/workshop/3241236635/29Top.tex
1	models/workshop/3241236635/30Top.json
1	materials/workshop/3241236635/30Top.json
1	models/Hot Night.json
1	materials/workshop/3241236635/30Top.tex
1	materials/Early Morning.json
1	materials/workshop/3241236635/31Top.json
1	models/workshop/3241236635/1Topm.json
1	models/workshop/3241236635/2Topm.json
1	materials/workshop/3241236635/2Topm.json
1	models/workshop/3241236635/3Topm.json
1	materials/workshop/3241236635/3Topm.tex
1	models/workshop/3241236635/4Topm.json
1	materials/workshop/3241236635/5Topm.tex
1	materials/workshop/3241236635/6Topm.json
1	materials/workshop/3241236635/6Topm.tex
1	materials/workshop/3241236635/7Topm.json
1	materials/workshop/3241236635/9Topm.json
1	materials/workshop/3241236635/9Topm.tex
1	models/workshop/3241236635/11Topm.json
1	materials/workshop/3241236635/12Topm.json
1	materials/workshop/3241236635/TuesdayTop.json
1	materials/workshop/3241236635/WednesdayTop.json
1	materials/workshop/3241236635/WednesdayTop.tex
1	models/workshop/3241236635/ThursdayTop.json
1	materials/workshop/3241236635/FridayTop.json
1	materials/workshop/3241236635/FridayTop.tex
1	materials/workshop/3241236635/SaturdayTop.tex
1	models/workshop/3241236635/SundayTop.json
1	materials/Torrential Rain.json
1	materials/Torrential Rain.tex
1	materials/masks/tint_mask_8ba461d2.tex
1	models/Heat Wave.json
1	materials/masks/opacity_mask_4c010803.tex
1	materials/Heat Wave.json
1	materials/Hot Night.tex
1	materials/Pollen Warning.json
1	materials/Pollen Warning.tex
1	materials/Evening.json
1	materials/Evening.tex
1	models/Morning.json
1	materials/Morning.tex
1	materials/Daytime.tex
1	models/Lunchtime.json
1	materials/Lunchtime.json
1	materials/AfterSchool.json
1	models/Afternoon.json
1	materials/Untitled.json
1	models/Untitled.json
1	materials/Untitled.tex
1	sounds/Untitled.mp3
1	models/Blackholemain2.json
1	materials/Blackholemain2.json
1	materials/Blackholemain2.tex
1	materials/masks/waterflow_mask_a2d36c74.tex
1	materials/masks/waterflow_mask_ba2a8849.tex
1	sounds/Space Ambient Music • Deep Relaxation Space Scenes.mp3
1	fonts/BlackHoleBB.ttf
1	models/Steam_Summer_Sale_pattern-04-day_lighter.json
1	materials/workshop/2636674662/presets/firefliestrail.json
1	materials/Steam_Summer_Sale_pattern-04-day_lighter.json
1	materials/masks/opacity_mask_6e5b78fa.tex
1	materials/day_photoshop.tex
1	materials/Steam_Summer_Sale_pattern-04-day_lighter.tex
1	models/Summer_in_the_City_Day.json
1	materials/Summer_in_the_City_Day.json
1	models/Summer_in_the_City_Night.json
1	materials/Summer_in_the_City_Day_static.tex
1	materials/Summer_in_the_City_Night.json
1	materials/workshop/2902937060/placeholder.json
1	materials/night_photoshop.tex
1	models/Fu1hVpoagAApYVm.json
1	materials/Fu1hVpoagAApYVm.json
1	models/solid_instance_model_581393ad.json
1	models/Summer_in_the_City_Day_static.json
1	materials/Summer_in_the_City_Day_static.json
1	models/Summer_in_the_City_Night_static_screen.json
1	materials/Summer_in_the_City_Night_static_screen.json
1	materials/Summer_in_the_City_Night_static_screen.tex
1	particles/workshop/2636674662/presets/fireflies.json
1	materials/VinylDisc.tex
1	materials/masks/pngfind.com-vinyl-disc-png-4611544_mask_670de0ce.tex
1	models/workshop/2902937060/placeholder.json
1	materials/workshop/2902937060/placeholder.tex
1	materials/VinylDisc_center_mask2.tex
1	fonts/MobileFontEDIT.ttf
1	fonts/Unibody 8 Italic.ttf
1	effects/workshop/2489075276/distortion_glitch/effect.json
1	materials/workshop/2489075276/effects/distortion_glitch.json
1	shaders/workshop/2489075276/effects/distortion_glitch.vert
1	shaders/workshop/2489075276/effects/distortion_glitch.frag
1	models/Summer_in_the_City_Day_foreground.json
1	materials/Summer_in_the_City_Day_foreground.json
1	materials/Summer_in_the_City_Day_foreground.tex
1	models/Summer_in_the_City_Day_static_top_frame.json
1	materials/Summer_in_the_City_Day_static_top_frame.json
1	materials/Summer_in_the_City_Day_static_top_frame.tex
1	models/Summersummer_night_forground.json
1	materials/Summersummer_night_forground.json
1	materials/Summersummer_night_forground.tex
1	models/Summer_in_the_City_Nigh_static_top_frame.json
1	materials/Summer_in_the_City_Nigh_static_top_frame.json
1	materials/Summer_in_the_City_Nigh_static_top_frame.tex
1	materials/workshop/2636674662/presets/fireflies.json
1	materials/workshop/2636674662/particle/minecraft_firefly2.tex
1	particles/workshop/2636674662/presets/firefliestrail.json
1	shaders/workshop/2798696916/effects/sharpen_filter.vert
1	materials/evening-skyline-city-view-of-pittsburgh-downtown-4k-SBV-311599951-4K CC.json
1	models/evening-skyline-city-view-of-pittsburgh-downtown-4k-SBV-311599951-4K CC.json
1	materials/evening-skyline-city-view-of-pittsburgh-downtown-4k-SBV-311599951-4K CC.tex
1	materials/LW_09_WIP_07.json
1	models/LW_09_WIP_07.json
1	models/ps2 clock loop 15s 2.json
1	materials/LW_09_TRANSPARENT_02.tex
1	effects/workshop/2798696916/sharpen_filter/effect.json
1	materials/workshop/2798696916/effects/sharpen_filter.json
1	shaders/workshop/2798696916/effects/sharpen_filter.frag
1	materials/ps2 clock loop 15s 2.tex
1	materials/masks/foliagesway_mask_70032a89.tex
1	models/solid_instance_model_84ab42af.json
1	models/solid_instance_model_519310a8.json
1	materials/ps2 clock loop 15s 2.json
1	models/frieren 1.json
1	materials/frieren 1.json
1	materials/masks/shake_mask_996d3faf.tex
1	materials/frieren 1.tex
1	sounds/Yoasobi - Yuusha.mp3
1	materials/masks/waterwaves_mask_918bcc2c.tex
1	sounds/milet - Anytime Anywhere.mp3
1	materials/masks/shake_mask_3336ea3e.tex
1	materials/masks/shine_downsample2_mask_a8e24780.tex
1	models/frieren 2.json
1	materials/frieren 2.json
1	materials/frieren 2.tex
1	materials/masks/shake_mask_d0be07ea.tex
1	sounds/milet - Anytime Anywhere (music box ver. by Haren Piano).mp3
1	sounds/Yoasobi - Yuusha (lo-fi by PianoNime).mp3
1	sounds/milet - Bliss (lo-fi by hush puppet).mp3
1	materials/WLOP DOME Background OPT.tex
1	fonts/workshop/3113230930/Anurati-Regular.otf
1	models/WLOP DOME Background OPT.json
1	materials/WLOP DOME Background OPT.json
1	shaders/workshop/3113230930/effects/blur_precise_gaussian.frag
1	models/WLOP DOME Planet final_puppet.mdl
1	materials/presets/magic_trinity.json
1	materials/WLOP DOME Planet final.tex
1	materials/masks/opacity_mask_cb577eba.tex
1	materials/TEST MASK BACK 2.tex
1	materials/workshop/3113230930/effects/opacity.json
1	materials/workshop/3113230930/effects/spin.json
1	materials/masks/shine_downsample2_mask_3b96c3ac.tex
1	materials/masks/waterwaves_mask_a3d2e23c.tex
1	shaders/workshop/3113230930/effects/spin.vert
1	materials/masks/shine_downsample2_mask_7b3707fe.tex
1	materials/workshop/3113230930/pngfind.com-vinyl-disc-png-4611544.json
1	materials/masks/shine_downsample2_mask_cb192afb.tex
1	materials/masks/shine_downsample2_mask_e607cc41.tex
1	models/WLOP DOME Planet final.json
1	materials/WLOP DOME Planet final.json
1	materials/masks/shine_downsample2_mask_860ef030.tex
1	materials/SHINE LIGHTS PLANET.tex
1	materials/workshop/3113230930/effects/tint.json
1	models/WLOP DOME fLOOR proper.json
1	shaders/workshop/3113230930/effects/opacity.vert
1	materials/WLOP DOME fLOOR proper.json
1	materials/WLOP DOME fLOOR proper.tex
1	materials/masks/blend_mask_dbaf7e17.tex
1	models/WLOP DOME Planet 1.json
1	materials/WLOP DOME Planet 1.json
1	materials/WLOP DOME Planet 1.tex
1	models/workshop/3113230930/pngfind.com-vinyl-disc-png-4611544.json
1	materials/masks/waterflow_mask_010936af.tex
1	models/WLOP DOME GIRL skirt 2.json
1	materials/WLOP DOME GIRL skirt 2.json
1	materials/WLOP DOME GIRL skirt 2.tex
1	effects/workshop/3113230930/Simple_Audio_Bars/effect.json
1	materials/masks/opacity_mask_69cbe99c.tex
1	materials/masks/pulse_mask_7be8a710.tex
1	materials/masks/waterwaves_mask_78b7012f.tex
1	shaders/workshop/3113230930/effects/blendgradient.vert
1	models/WLOP DOME GIRL FINAL PARTS.json
1	materials/WLOP DOME GIRL FINAL PARTS.json
1	materials/WLOP DOME GIRL FINAL PARTS.tex
1	models/WLOP DOME GIRL FINAL PARTS_puppet.mdl
1	materials/masks/waterflow_mask_8cfa5c48.tex
1	materials/masks/waterwaves_mask_251ef66f.tex
1	materials/masks/waterwaves_mask_13c00075.tex
1	materials/masks/waterwaves_mask_304bcc4f.tex
1	materials/workshop/3113230930/effects/blendgradient.json
1	shaders/workshop/3113230930/effects/blendgradient.frag
1	models/WLOP DOME GIRL skirt one.json
1	materials/WLOP DOME GIRL skirt one.json
1	materials/WLOP DOME GIRL skirt one.tex
1	materials/masks/waterwaves_mask_30e71a19.tex
1	particles/presets/magic_trinity.json
1	materials/workshop/3113230930/effects/Simple_Audio_Bars.json
1	shaders/workshop/3113230930/effects/blend.frag
1	shaders/workshop/3113230930/effects/Simple_Audio_Bars.vert
1	shaders/workshop/3113230930/effects/Simple_Audio_Bars.frag
1	models/workshop/3113230930/coooorl.json
1	materials/workshop/3113230930/coooorl.json
1	materials/workshop/3113230930/coooorl.tex
1	effects/workshop/3113230930/blurprecise/effect.json
1	materials/workshop/3113230930/effects/blur_precise_gaussian_x.json
1	shaders/workshop/3113230930/effects/blur_precise_gaussian.vert
1	materials/workshop/3113230930/effects/blur_precise_gaussian_y.json
1	materials/workshop/3113230930/pngfind.com-vinyl-disc-png-4611544.tex
1	effects/workshop/3113230930/blend/effect.json
1	materials/workshop/3113230930/effects/blend.json
1	shaders/workshop/3113230930/effects/blend.vert
1	materials/workshop/3113230930/500x500.tex
1	effects/workshop/3113230930/blendgradient/effect.json
1	effects/workshop/3113230930/spin/effect.json
1	shaders/workshop/3113230930/effects/spin.frag
1	effects/workshop/3113230930/opacity/effect.json
1	shaders/workshop/3113230930/effects/opacity.frag
1	materials/workshop/3113230930/masks/opacity_mask_fbb39359.tex
1	effects/workshop/3113230930/tint/effect.json
1	shaders/workshop/3113230930/effects/tint.vert
1	shaders/workshop/3113230930/effects/tint.frag
1	sounds/JUST THE WAY YOU ARE - Emotional instrumental Music by Mustafa Avşaroğlu (mp3cut.net).mp3
1	materials/多边形 1.json
1	materials/多边形 1.tex
1	sounds/YukiAmmy - Color Your Night（完整版）.mp3
1	models/Persona 3 Reload.json
1	sounds/click2.mp3
1	materials/无标题.tex
1	materials/Persona 3 Reload.json
1	materials/Persona 3 Reload.tex
1	models/多边形 1.json
1	materials/无标题.json
1	models/多边形 2.json
1	materials/多边形 2.json
1	sounds/Atlus Sound Team - Want To Be Close -Reload-.mp3
1	materials/多边形 2.tex
1	sounds/MajiNeko - When the Moons Reaching Out Stars(Cover by Kokeshi)-P3女神异闻录3OST.mp3
1	sounds/YukiAmmy - It’s Going Down Now.mp3
1	sounds/YukiAmmy - Mass Destruction -Reload-.mp3
1	sounds/YukiAmmy - When The Moon's Reaching Out Stars -Reload-.mp3
1	sounds/YukiAmmy - Full Moon Full Life.mp3
1	models/无标题.json
1	sounds/目黒将司 - キミの記憶 (你的记忆).mp3
1	sounds/Atlus Sound Team - Changing Seasons -Reload-.mp3
1	sounds/Atlus Sound Team - Memories of School.mp3
1	models/solid_instance_model_1f697448.json
1	models/UpscaleVideo_1_20240126.json
1	materials/UpscaleVideo_1_20240126.json
1	fonts/minecraft_font.ttf
1	materials/UpscaleVideo_1_20240126.tex
1	sounds/C418 - Wet Hands - Minecraft Volume Alpha.mp3
1	sounds/Minecraft Soothing Scenes – Relaxing Fireplace.mp3
1	materials/RAIL2.json
1	materials/masks/waterripple_mask_900a4f5c.tex
1	materials/RAIL2.tex
1	materials/night_from_day.tex
1	models/BG_REDRAW.json
1	materials/P3R_sunset.tex
1	materials/BG_REDRAW.json
1	materials/BG_REDRAW.tex
1	particles/workshop/2446146941/notes_copy1.json
1	models/p3_logo_sm.json
1	sounds/2.16 Memories of the School.ogg
1	materials/masks/shake_mask_920f6b0c.tex
1	materials/masks/waterflow_mask_c6c2fe1c.tex
1	models/solid_instance_model_a2e428d2.json
1	materials/masks/shine_downsample2_mask_963f734c.tex
1	materials/original.tex
1	materials/workshop/2446146941/particle/halo_22.json
1	materials/makotop3rwalloriginalres-sudo_RealESRGAN2x_3.332.758_G+1x_Bandage-Smooth-[64]_105000_G_COLORMATCHED_depth.tex
1	materials/masks/waterwaves_mask_dece5130.tex
1	materials/album.json
1	sounds/2.26 Memories of You -Reload-.ogg
1	materials/presets/snowstormfog.json
1	particles/presets/snowstormfog.json
1	materials/particle/dust_motes_0_1.json
1	particles/dust_motes_wind.json
1	materials/album2.tex
1	models/RAIL2.json
1	materials/p3_logo_sm.tex
1	materials/HANDLE2.tex
1	materials/HANDLE1.tex
1	sounds/01. Disconnected.ogg
1	sounds/07. Don't.ogg
1	models/Protag_clean.json
1	materials/workshop/2446129945/particle/halo_15.json
1	particles/workshop/2446129945/new_particle_system_copy1.json
1	models/TRAIN_CLEAN.json
1	materials/TRAIN_CLEAN.json
1	materials/TRAIN_CLEAN.tex
1	materials/Protag.json
1	materials/masks/shake_mask_698d0034.tex
1	materials/masks/shake_mask_bd6b0fbf.tex
1	materials/masks/shake_mask_f7a0c7ea.tex
1	materials/masks/waterflow_mask_695aa2f5.tex
1	models/HANDLE1.json
1	materials/HANDLE1.json
1	materials/masks/shake_mask_63853cbf.tex
1	materials/masks/shake_mask_6d1294ed.tex
1	models/HANDLE2.json
1	materials/HANDLE2.json
1	materials/masks/shake_mask_9c88b306.tex
1	models/HANDLE3.json
1	materials/HANDLE4.tex
1	materials/HANDLE3.json
1	materials/HANDLE3.tex
1	materials/masks/shake_mask_8e051214.tex
1	models/HANDLE4.json
1	materials/HANDLE4.json
1	materials/masks/shake_mask_c74b5a08.tex
1	models/solid_instance_model_774b52b8.json
1	models/Protag.json
1	materials/Protag_clean-withbag.tex
1	materials/masks/shake_mask_9b0206bc.tex
1	materials/masks/shake_mask_33e6da04.tex
1	materials/masks/shake_mask_23031b36.tex
1	models/Aigis_bag_recolor.json
1	materials/Aigis_bag_recolor.json
1	materials/Aigis_bag_recolor.tex
1	materials/masks/tint_mask_461feb1e.tex
1	materials/Protag_clean.json
1	materials/Protag_clean.tex
1	models/Protag_bag.json
1	materials/Protag_bag.json
1	materials/Protag_bag.tex
1	materials/masks/waterwaves_mask_2c7b8832.tex
1	materials/masks/shine_downsample2_mask_362164ec.tex
1	materials/masks/waterwaves_mask_75faf2a7.tex
1	models/Aigis-sudo_RealESRGAN2x_3.332.758_G-1x_Bandage-Smooth-[64]_105000_G_COLORMATCHED.json
1	sounds/1.30 It's Going Down Now.ogg
1	materials/Aigis-sudo_RealESRGAN2x_3.332.758_G-1x_Bandage-Smooth-[64]_105000_G_COLORMATCHED.json
1	materials/Aigis-sudo_RealESRGAN2x_3.332.758_G-1x_Bandage-Smooth-[64]_105000_G_COLORMATCHED.tex
1	materials/masks/waterwaves_mask_2d0a4ee7.tex
1	materials/masks/waterwaves_mask_5b8d1564.tex
1	materials/masks/shake_mask_305f269b.tex
1	sounds/2.01 Changing Seasons -Reload-.ogg
1	fonts/DINEngschrift-Regular.ttf
1	sounds/1.10 When The Moon's Reaching Out Stars -Reload-.ogg
1	models/triangle-date.json
1	materials/triangle-date.json
1	materials/triangle-date.tex
1	materials/p3_logo_sm.json
1	models/solid_instance_model_896f7282.json
1	models/album.json
1	materials/masks/blendgradient_mask_390cd892.tex
1	fonts/Baqacents  Semibold.ttf
1	sounds/1.01 Full Moon Full Life.ogg
1	sounds/1.04 Want To Be Close -Reload-.ogg
1	sounds/1.09 Peace -Reload-.ogg
1	sounds/1.11 Iwatodai Dorm -Reload-.ogg
1	sounds/1.16 Color Your Night.ogg
1	sounds/2.25 I Will Protect You -Reload-.ogg
1	sounds/1.27 Joy.ogg
1	sounds/02. Brand New Days -The Beginning-.ogg
1	sounds/18. Brand New Days -Reload-.ogg
1	sounds/zapsplat_vehicles_train_metro_interior_ride_few_people_distant_chat_sydney_australia_32726.mp3
1	materials/particle/275592.tex
1	models/SKull boidy.json
1	materials/masks/waterflow_mask_bad5f770.tex
1	models/moon-png-no-background-15.json
1	materials/moon-png-no-background-15.json
1	materials/masks/foliagesway_mask_17d75980.tex
1	materials/SKull boidy.tex
1	materials/particle/asteroid_eros_50frames_156x256_r02.tex
1	materials/particle/8309d4ff45284e9db831cd7212448eef_w200.tex
1	models/rocsk.json
1	materials/rocsk.json
1	fonts/who asks satan.ttf
1	materials/rocsk.tex
1	materials/SKull boidy.json
1	materials/masks/tint_mask_38098b08.tex
1	materials/masks/opacity_mask_63bee3f2.tex
1	materials/masks/waterwaves_mask_7c5afc7d.tex
1	materials/masks/waterwaves_mask_555e4ed2.tex
1	materials/masks/foliagesway_mask_a08860c5.tex
1	materials/masks/twirl_mask_630f01d9.tex
1	materials/masks/waterwaves_mask_beef7024.tex
1	materials/masks/waterwaves_mask_088412f5.tex
1	effects/workshop/2532085115/old_film/effect.json
1	materials/workshop/2532085115/effects/old_film.json
1	shaders/workshop/2532085115/effects/old_film.vert
1	shaders/workshop/2532085115/effects/old_film.frag
1	sounds/Dark Magic Music  - The Serpents Tongue.mp3
1	models/Filename_1388.json
1	materials/Filename_1388.json
1	materials/Filename_1388.tex
1	materials/masks/clouds_mask_9def13bd.tex
1	materials/masks/foliagesway_mask_9b110960.tex
1	materials/masks/foliagesway_mask_684b6cce.tex
1	materials/masks/waterflow_mask_47664b91.tex
1	materials/masks/foliagesway_mask_5e667197.tex
1	models/ayuli2424.full.3766812.json
1	materials/ayuli2424.full.3766812.json
1	materials/ayuli2424.full.3766812.tex
1	materials/masks/waterripple_mask_67294d29.tex
1	materials/masks/waterflow_mask_f0f8cb2a.tex
1	materials/masks/godrays_downsample2_mask_ed95f1e6.tex
1	materials/masks/shake_mask_c2e88864.tex
1	materials/masks/waterripple_mask_d7cdd4b5.tex
1	materials/masks/waterflow_mask_bb417755.tex
1	sounds/illusion.mp3
1	sounds/another era.mp3
1	sounds/dusk ft. mondo loops.mp3
1	sounds/evenings.mp3
1	sounds/fading mist.mp3
1	sounds/findings.mp3
1	sounds/haze.mp3
1	sounds/late return ft. Jordy Chandra.mp3
1	sounds/new beginnings ft. mondo loops.mp3
1	sounds/purple skies.mp3
1	materials/qweqw2we.json
1	materials/nube2.tex
1	materials/masks/waterwaves_mask_fe4b9549.tex
1	models/nube2.json
1	materials/masks/waterripple_mask_392ab12d.tex
1	materials/nube2.json
1	materials/masks/shake_mask_aba90e66.tex
1	materials/masks/shake_mask_8407ce73.tex
1	materials/C21.json
1	materials/qweqw2we.tex
1	materials/masks/waterflow_mask_37fdab03.tex
1	models/C1_puppet.mdl
1	materials/masks/shake_mask_cbd60aa1.tex
1	materials/masks/waterripple_mask_b7498a0f.tex
1	materials/C3.json
1	materials/masks/waterwaves_mask_174fa030.tex
1	materials/p.json
1	models/fondo copia 2.json
1	materials/masks/shake_mask_c88ea109.tex
1	materials/hoja.json
1	models/nube1.5.json
1	models/C1.json
1	materials/nube1.5.json
1	materials/nube1.5.tex
1	materials/masks/waterflow_mask_20ecaf4e.tex
1	materials/fondo copia 2.json
1	materials/fondo copia 2.tex
1	materials/masks/foliagesway_mask_6c627370.tex
1	materials/masks/shine_downsample2_mask_f6d365e2.tex
1	models/hoja.json
1	materials/hoja.tex
1	materials/masks/foliagesway_mask_fab39765.tex
1	models/p.json
1	materials/p.tex
1	models/qweqw2we.json
1	materials/masks/waterwaves_mask_2b6674d8.tex
1	materials/masks/shake_mask_ed66303e.tex
1	models/1-1.json
1	materials/1-1.json
1	materials/1-1.tex
1	materials/masks/waterwaves_mask_2ce3779e.tex
1	materials/masks/shake_mask_190421c9.tex
1	materials/masks/shine_downsample2_mask_579c0317.tex
1	models/2-1.json
1	models/C21.json
1	materials/2-1.json
1	materials/2-1.tex
1	models/2-1_puppet.mdl
1	models/C12.json
1	materials/C12.json
1	materials/C12.tex
1	models/C12_puppet.mdl
1	materials/masks/waterwaves_mask_c433c75f.tex
1	models/C2.json
1	materials/C2.json
1	materials/C2.tex
1	models/C2_puppet.mdl
1	materials/masks/waterwaves_mask_94964e12.tex
1	models/cuerpo copia.json
1	materials/cuerpo copia.json
1	materials/cuerpo copia.tex
1	models/cuerpo copia_puppet.mdl
1	materials/pulse_mask_58544748.tex
1	materials/masks/shake_mask_2b9c2374.tex
1	materials/masks/waterwaves_mask_831d80f9.tex
1	materials/C21.tex
1	models/C21_puppet.mdl
1	materials/masks/shake_mask_42d05484.tex
1	models/C3.json
1	materials/C3.tex
1	materials/espada2.json
1	models/C3_puppet.mdl
1	materials/masks/waterwaves_mask_e53bc5f1.tex
1	materials/C1.json
1	materials/C1.tex
1	materials/masks/shake_mask_2ca4aa51.tex
1	materials/masks/shake_mask_5f7a853d.tex
1	materials/masks/shake_mask_a4a4d36e.tex
1	materials/masks/shake_mask_bb24a7a5.tex
1	materials/masks/waterwaves_mask_623fae7f.tex
1	materials/masks/waterwaves_mask_ccd844e8.tex
1	materials/masks/waterwaves_mask_e2178388.tex
1	models/ceja.json
1	materials/ceja.json
1	materials/ceja.tex
1	materials/masks/shake_mask_1982108f.tex
1	materials/masks/waterwaves_mask_dd58b975.tex
1	materials/masks/shake_mask_59421d40.tex
1	materials/masks/waterwaves_mask_986161dc.tex
1	materials/masks/shake_mask_3cb110e1.tex
1	models/Beam.json
1	materials/Beam.json
1	materials/Beam.tex
1	models/pulse_mask_58544748.json
1	materials/pulse_mask_58544748.json
1	models/espada2.json
1	materials/espada2.tex
1	materials/masks/shake_mask_661c9272.tex
1	sounds/Y2meta.app - OST Fate Stay Night - Kishi Ou no Hokori (320 kbps).mp3
1	materials/01.json
1	models/芙莉莲法杖.json
1	models/01.json
1	materials/未标题-1.tex
1	models/未标题-4.json
1	models/02.json
1	models/......0.json
1	models/菲伦与休塔尔克.json
1	materials/01.tex
1	materials/02.json
1	sounds/芙莉莲，呀没得哟.mp3
1	models/03.json
1	materials/02.tex
1	materials/03.json
1	materials/03.tex
1	models/04.json
1	models/未标题-1.json
1	materials/04.json
1	materials/04.tex
1	materials/未标题-1.json
1	models/法杖测试.json
1	models/阿乌拉.json
1	materials/辛美尔01.json
1	materials/未标题-4.tex
1	materials/芙莉莲与辛美尔.tex
1	materials/法杖测试02.tex
1	materials/菲伦与休塔尔克.json
1	materials/未标题-4.json
1	models/辛美尔01.json
1	models/aaaaaaaaaaaaaaazzz.json
1	materials/辛美尔01.tex
1	materials/法杖测试.tex
1	models/solid_instance_model_3ef8336b.json
1	materials/芙莉莲法杖.tex
1	materials/......0.json
1	materials/芙莉莲身体.json
1	materials/......0.tex
1	models/solid_instance_model_eaf26508.json
1	models/v2-6e38df6f90c6d543d79e9b33936e7605_r.json
1	models/五官.json
1	materials/v2-6e38df6f90c6d543d79e9b33936e7605_r.json
1	materials/v2-6e38df6f90c6d543d79e9b33936e7605_r.tex
1	materials/菲伦与休塔尔克.tex
1	models/芙莉莲与辛美尔.json
1	materials/芙莉莲与辛美尔.json
1	materials/法杖测试.json
1	models/肥伦.json
1	models/法杖测试02.json
1	materials/法杖测试02.json
1	models/芙莉莲身体.json
1	materials/肥伦.json
1	materials/肥伦.tex
1	materials/芙莉莲法杖.json
1	materials/feilun.json
1	materials/huan.json
1	materials/芙莉莲身体.tex
1	materials/huan.tex
1	models/右眉.json
1	materials/五官.json
1	materials/五官.tex
1	materials/aaaaaaaaaaaaaaazzz.json
1	materials/左眉.json
1	materials/aaaaaaaaaaaaaaazzz.tex
1	models/solid_instance_model_f70c2ab9.json
1	materials/masks/opacity_mask_289a1927.tex
1	models/嘴.json
1	materials/嘴.json
1	materials/嘴.tex
1	materials/阿乌拉.json
1	models/右眉填充.json
1	materials/右眉填充.json
1	materials/右眉填充.tex
1	models/左眉填充.json
1	materials/左眉填充.json
1	materials/左眉填充.tex
1	models/芙莉莲头.json
1	materials/芙莉莲头.json
1	materials/芙莉莲头.tex
1	materials/masks/opacity_mask_01df5bb4.tex
1	materials/masks/opacity_mask_e0eafd2b.tex
1	materials/masks/opacity_mask_50297c40.tex
1	models/芙莉莲法杖cs2.json
1	materials/右眉.json
1	materials/右眉.tex
1	models/qqqqqqqqqqqq.json
1	materials/qqqqqqqqqqqq.json
1	materials/qqqqqqqqqqqq.tex
1	models/左眉.json
1	materials/左眉.tex
1	models/左眉_puppet.mdl
1	materials/particle/苍月草01.tex
1	materials/阿乌拉.tex
1	materials/masks/spin_mask_94dd27e9.tex
1	models/huan.json
1	materials/masks/opacity_mask_66dd6dca.tex
1	materials/芙莉莲法杖cs2.json
1	materials/芙莉莲法杖cs2.tex
1	models/xinmeier.json
1	materials/xinmeier.json
1	materials/xinmeier.tex
1	models/feilun.json
1	materials/feilun.tex
1	models/xiutaerke.json
1	materials/xiutaerke.json
1	materials/xiutaerke.tex
1	models/solid_instance_model_f248a4e6.json
1	sounds/F000003BW7Bs10WxvB.flac
1	materials/月光下的德累斯顿.json
1	models/月光下的德累斯顿.json
1	materials/月光下的德累斯顿.tex
1	models/月光下的德累斯顿11.json
1	materials/月光下的德累斯顿11.json
1	materials/月光下的德累斯顿11.tex
1	materials/weigan.tex
1	sounds/Ludwig van Beethoven - Adagio Cantabile from Sonat.MP3
1	sounds/BGM.MP3
1	materials/qizi.json
1	models/weigan.json
1	materials/weigan.json
1	models/qizi.json
1	materials/qizi.tex
1	materials/masks/waterwaves_mask_1d3c4269.tex
1	materials/masks/waterwaves_mask_5c15a952.tex
1	materials/前花.json
1	materials/人物发型2.tex
1	materials/前花2.tex
1	materials/masks/waterwaves_mask_1686899f.tex
1	models/人物 躯干.json
1	shaders/workshop/2413251683/effects/shake.vert
1	materials/masks/shake_mask_915bb143.tex
1	materials/masks/shake_mask_b2393856.tex
1	models/solid_instance_model_4e0ec0a5.json
1	models/117165573_p4_waifu2x_2x_2n_png.json
1	materials/前花2.json
1	materials/masks/waterwaves_mask_0f2a5ec6.tex
1	materials/117165573_p4_waifu2x_2x_2n_png.json
1	materials/人物 躯干.json
1	sounds/【画质修复+字幕】朧月(胧月) - 1.【画质修复+字幕】朧月(胧月)(Av302999155,P1).mp3
1	models/人物发型.json
1	materials/workshop/2413251683/1AV circle.json
1	materials/masks/shake_mask_7e3a022c.tex
1	models/solid_instance_model_0a1120df.json
1	materials/workshop/2413251683/effects/shake.json
1	models/人物发型2.json
1	materials/人物发型2.json
1	materials/masks/waterwaves_mask_71198b4b.tex
1	materials/masks/shake_mask_f446652b.tex
1	materials/人物 躯干.tex
1	materials/masks/shake_mask_f9a4662f.tex
1	models/衣袖.json
1	materials/衣袖.json
1	materials/衣袖.tex
1	materials/masks/shake_mask_a2fee132.tex
1	materials/人物发型.json
1	materials/人物发型.tex
1	materials/masks/waterwaves_mask_752eaf7c.tex
1	models/solid_instance_model_ca864720.json
1	models/workshop/2413251683/1AV circle.json
1	materials/masks/opacity_mask_8a412bf4.tex
1	models/solid_instance_model_473082cc.json
1	materials/workshop/2413251683/1AV mask.tex
1	materials/workshop/2413251683/1AV circle.tex
1	effects/workshop/2413251683/shake/effect.json
1	shaders/workshop/2413251683/effects/shake.frag
1	materials/workshop/2413251683/masks/shake_mask_7bfb13f51be22746c08466c9bb8b3d1e108682d4.tex
1	particles/鼠标绿叶光标.json
1	effects/workshop/2413251683/opacity/effect.json
1	materials/workshop/2413251683/effects/opacity.json
1	shaders/workshop/2413251683/effects/opacity.vert
1	shaders/workshop/2413251683/effects/opacity.frag
1	materials/workshop/2413251683/masks/shake_mask_a659e77caae9d6359fec8af8206a0e6ce127ad65.tex
1	materials/workshop/2413251683/masks/shake_mask_14baecd88cd86197979e9592a3614e57bbd01235.tex
1	materials/workshop/2413251683/masks/shake_mask_e1611df8f1e588fd7981faa0afd023597b832e78.tex
1	materials/workshop/2413251683/masks/shake_mask_663ec6ab0ccb26033b215c851f6e6689d80995f0.tex
1	materials/workshop/2413251683/masks/shake_mask_caec64e6ffdf6a40c1e812d3f131ee821a84054a.tex
1	materials/workshop/2413251683/masks/shake_mask_8b8f579747e6b7275c73e8356c48f21c13330d68.tex
1	materials/workshop/2413251683/masks/shake_mask_bfb3afdfee5245dba90a786533d6aa66ed9a759c.tex
1	models/前花.json
1	materials/前花.tex
1	materials/masks/shake_mask_f87a7e48.tex
1	models/前花2.json
1	models/前花3.json
1	materials/前花3.json
1	materials/前花3.tex
1	materials/初音胧月提示框 2.tex
1	materials/烟2.json
1	materials/d013d277a0f9659d920f17f2ec17590.json
1	materials/4f65102e29e6935e2409412940a956f.json
1	models/4f65102e29e6935e2409412940a956f.json
1	materials/新壁纸，樱.json
1	models/烟1.json
1	materials/ddb3b8163177e01273396b066642267.tex
1	models/新壁纸，樱.json
1	sounds/风铃.mp3
1	materials/新壁纸，樱.tex
1	materials/烟2.tex
1	materials/d013d277a0f9659d920f17f2ec17590.tex
1	materials/masks/pulse_mask_dfb24cd5.tex
1	materials/4f65102e29e6935e2409412940a956f.tex
1	models/火2.json
1	models/971dd0917705d666e013930f3c071f2.json
1	materials/971dd0917705d666e013930f3c071f2.json
1	materials/971dd0917705d666e013930f3c071f2.tex
1	materials/烟3.tex
1	models/ddb3b8163177e01273396b066642267.json
1	materials/ddb3b8163177e01273396b066642267.json
1	materials/龙.tex
1	models/d013d277a0f9659d920f17f2ec17590.json
1	materials/烟1.tex
1	materials/挂饰2.json
1	materials/头发负形.tex
1	materials/masks/waterwaves_mask_46eb1174.tex
1	materials/烟3.json
1	models/龙.json
1	materials/龙.json
1	materials/masks/waterwaves_mask_f2b35d11.tex
1	models/龙_puppet.mdl
1	models/烟2.json
1	materials/masks/waterwaves_mask_36720196.tex
1	models/烟3.json
1	materials/烟1.json
1	models/头发负形.json
1	materials/头发负形.json
1	materials/发饰.json
1	materials/面具01.tex
1	materials/masks/waterwaves_mask_f36ec547.tex
1	materials/masks/waterwaves_mask_ec0bade2.tex
1	materials/masks/shake_mask_83f71fc1.tex
1	materials/masks/foliagesway_mask_d0468ae2.tex
1	models/补.json
1	materials/补.json
1	materials/补.tex
1	models/头发0202.json
1	materials/头发0202.json
1	materials/头发0202.tex
1	materials/masks/pulse_mask_75a7b231.tex
1	models/面具01.json
1	materials/面具01.json
1	materials/masks/shake_mask_7e49ba28.tex
1	models/挂饰1.json
1	materials/挂饰1.json
1	materials/挂饰1.tex
1	models/挂饰1_puppet.mdl
1	materials/masks/waterwaves_mask_3ac1bfef.tex
1	materials/masks/waterwaves_mask_e97ac15e.tex
1	models/挂饰2.json
1	models/朱鹤.json
1	materials/挂饰2.tex
1	models/挂饰2_puppet.mdl
1	models/发饰.json
1	materials/发饰.tex
1	materials/masks/waterwaves_mask_5b81c49a.tex
1	materials/masks/opacity_mask_66832871.tex
1	materials/火2.json
1	materials/火2.tex
1	models/火1.json
1	materials/火1.json
1	materials/火1.tex
1	models/反光.json
1	materials/反光.json
1	materials/反光.tex
1	materials/朱鹤.json
1	materials/朱鹤.tex
1	models/朱鹤_puppet.mdl
1	sounds/曾经火遍大江南北的神曲女声柔情版《三国恋》翻唱-浅影阿_-BV1iM411M7cX-2BM0XB2hLMOQ0wuT.mp3
1	sounds/浮光.mp3
1	sounds/花曇り - 佐藤千亜妃.mp3
1	models/cat-eating.json
1	materials/cat-eating.json
1	materials/cat-eating.tex
1	models/Foqmc4.json
1	materials/Foqmc4.json
1	materials/Foqmc4.tex
1	materials/masks/opacity_mask_6e2d7c3f.tex
1	particles/SakuraFront.json
1	models/2b-nier-automata-M0.json
1	models/2b-nier-automata-M0b.json
1	materials/2b-nier-automata-M0b.json
1	materials/2b-nier-automata-M0.json
1	materials/2b-nier-automata-M0b.tex
1	materials/effects/t2.json
1	materials/2b-nier-automata-M0.tex
1	materials/masks/tint_mask_baf77820.tex
1	materials/2b-nier-automata-M0a.tex
1	materials/2b-nier-automata-M3.tex
1	materials/masks/waterripple_mask_8ae7a74a.tex
1	materials/2b-nier-automata-M0a.json
1	materials/2b-nier-automata-M3.json
1	materials/masks/waterflow_mask_f56a1a4f.tex
1	materials/masks/clouds_mask_2e3e9d19.tex
1	materials/2b-nier-automata-M5.tex
1	materials/2b-nier-automata-M5.json
1	materials/masks/opacity_mask_9a5b6fe3.tex
1	materials/2b-nier-automata-M1c.tex
1	materials/2b-nier-automata-M1b.json
1	models/2b-nier-automata-M0a.json
1	models/2b-nier-automata-M1b.json
1	materials/2b-nier-automata-M1b.tex
1	materials/masks/waterwaves_mask_e7aa47ac.tex
1	effects/t2/effect.json
1	shaders/effects/t2.vert
1	shaders/effects/t2.frag
1	models/2b-nier-automata-M3.json
1	materials/masks/opacity_mask_eb986c7a.tex
1	models/2b-nier-automata-M1d.json
1	materials/2b-nier-automata-M1d.json
1	materials/2b-nier-automata-M1d.tex
1	materials/masks/waterwaves_mask_50a2d6b0.tex
1	models/2b-nier-automata-M4b.json
1	materials/2b-nier-automata-M4b.json
1	materials/2b-nier-automata-M4b.tex
1	materials/masks/waterripple_mask_8b9a5ebb.tex
1	models/2b-nier-automata-M1.json
1	materials/2b-nier-automata-M1.json
1	materials/2b-nier-automata-M1.tex
1	materials/masks/waterripple_mask_d174a458.tex
1	materials/masks/shake_mask_4b8ef7b6.tex
1	models/2b-nier-automata-M1c.json
1	materials/2b-nier-automata-M1c.json
1	materials/masks/waterwaves_mask_9c4e8c93.tex
1	materials/masks/blur_combine_mask_a7b5136c.tex
1	models/2b-nier-automata-M2.json
1	materials/2b-nier-automata-M2.json
1	materials/2b-nier-automata-M2.tex
1	materials/masks/t2_mask_528f3472.tex
1	materials/masks/blur_combine_mask_11698622.tex
1	models/2b-nier-automata-M5.json
1	models/2b-nier-automata-M4.json
1	materials/2b-nier-automata-M4.json
1	materials/2b-nier-automata-M4.tex
1	materials/masks/blur_combine_mask_9dd57c15.tex
1	models/258横屏-1_upscayl_2x_realesrgan-x4plus_upscayl_3x_realesrgan-x4plus.json
1	materials/258横屏-1_upscayl_2x_realesrgan-x4plus_upscayl_3x_realesrgan-x4plus.json
1	materials/258横屏-1_upscayl_2x_realesrgan-x4plus_upscayl_3x_realesrgan-x4plus.tex
1	materials/masks/shake_mask_2cb641c2.tex
1	materials/masks/shake_mask_c12891e8.tex
1	materials/masks/shake_mask_5eac9746.tex
1	materials/masks/shake_mask_500578a2.tex
1	materials/masks/shake_mask_2146df8a.tex
1	materials/masks/shake_mask_03299939.tex
1	materials/masks/shake_mask_1e10c78b.tex
1	materials/masks/shake_mask_2b9a7c9a.tex
1	models/电脑_upscayl_4x_realesrgan-x4plus.json
1	materials/电脑_upscayl_4x_realesrgan-x4plus.json
1	materials/电脑_upscayl_4x_realesrgan-x4plus.tex
1	materials/234 - 电脑.json
1	models/234 - 电脑.json
1	materials/234 - 电脑.tex
1	materials/masks/waterripple_mask_3fd41823.tex
1	models/流萤.json
1	materials/天空二分之一.tex
1	materials/流萤.json
1	materials/流萤AE蓝幕60帧_batch.tex
1	materials/星空背景.tex
1	materials/masks/opacity_mask_a5a29f55.tex
1	materials/masks/waterflow_mask_0da52186.tex
1	sounds/茄子.MP3
1	sounds/嗨，又见面了.MP3
1	models/流萤 蓝幕.json
1	materials/masks/waterwaves_mask_b2d169cc.tex
1	materials/流萤 蓝幕.json
1	materials/masks/waterwaves_mask_a2b6a727.tex
1	materials/masks/shake_mask_87fd2bc3.tex
1	sounds/【「空气蛹」专辑第四首】若我不曾见过太阳 (Had I Not Seen the Sun) - 知更 - 1.【「空气蛹」专辑第四首抢先试听】若我不曾见过太阳 (Had I Not Se(Av1405946075,P1).mp3
1	sounds/“新歌来了！”《崩坏：星穹铁道》2.0「假如在午夜入梦」《使一颗心免于哀伤》 - 1.“新歌来了！”《崩坏：星穹铁道》2.0「假如在午夜入梦」《使一颗心免于哀伤》(Av1600489081,P1).mp3
1	sounds/今天想去哪？.MP3
1	sounds/夜深了呢早点休息.MP3
1	sounds/早上好.MP3
1	sounds/看看夕阳.MP3
1	materials/仲夏萤火之约提示框 2.tex
1	materials/wallhaven-dpy16m.tex
1	models/wallhaven-dpy16m.json
1	materials/wallhaven-dpy16m.json
1	materials/masks/waterwaves_mask_81968eff.tex
1	materials/masks/foliagesway_mask_f01b4cbc.tex
1	materials/masks/shake_mask_b5f0b98d.tex
1	materials/masks/shake_mask_31b4ad5f.tex
1	materials/masks/shake_mask_5e15875a.tex
1	materials/masks/shake_mask_f33856df.tex
1	materials/masks/cloudmotion_mask_f43044ad.tex
1	models/QQ截图20240712235046.json
1	materials/QQ截图20240712235046.json
1	materials/QQ截图20240712235046.tex
1	models/workshop/2227434562/unsplash-Gradienta (3).json
1	materials/masks/iris_follow_cursor_mask_8256c357.tex
1	sounds/The Garden of Escapism (AK Remix) - AK.mp3
1	materials/masks/waterripple_mask_53ebe0c6.tex
1	materials/workshop/2227434562/unsplash-Gradienta (3).json
1	materials/masks/foliagesway_mask_05d5ad61.tex
1	materials/workshop/2227434562/unsplash-Gradienta (3).tex
1	models/338808026805440512_chf3_ghq5_prob4-16bit.DI.60.000fps.GmfSs_pg_104.FORW-2.pro-conservative-up2x.0c119d_chf3_ghq5_nyx3.json
1	materials/303 - 电脑.tex
1	materials/338808026805440512_chf3_ghq5_prob4-16bit.DI.60.000fps.GmfSs_pg_104.FORW-2.pro-conservative-up2x.0c119d_chf3_ghq5_nyx3.json
1	materials/338808026805440512_chf3_ghq5_prob4-16bit.DI.60.000fps.GmfSs_pg_104.FORW-2.pro-conservative-up2x.0c119d_chf3_ghq5_nyx3.tex
1	models/303 - 电脑.json
1	materials/303 - 电脑.json
1	models/G169.json
1	materials/G169.json
1	materials/masks/iris_mask_4227cc3b.tex
1	materials/G169.tex
1	materials/masks/shake_mask_e4ca2a95.tex
1	materials/masks/shake_mask_043ad4ba.tex
1	materials/masks/shake_mask_54886e3f.tex
1	materials/masks/shake_mask_883d3840.tex
1	materials/masks/shake_mask_6d9e9327.tex
1	sounds/TVアニメ時々ボソッとロシア語でデレる隣のアーリャさんノンクレジットED(第2話)アーリャCV上坂すみれ可愛くてごめん.mp3
1	sounds/TVアニメ時々ボソッとロシア語でデレる隣のアーリャさんノンクレジットOPアーリャCV上坂すみれ1番輝く星.mp3
1	models/1368890.json
1	materials/1368890.json
1	materials/1368890.tex
1	particles/workshop/2419741250/presets/emberglow.json
1	materials/workshop/2419741250/presets/ember.json
1	particles/workshop/2419741250/presets/ember.json
1	materials/workshop/2419741250/presets/emberglow.json
1	materials/LonelyCAT.json
1	models/LonelyCAT.json
1	materials/LonelyCAT.tex
1	materials/masks/waterripple_mask_63ea3608.tex
1	materials/masks/pulse_mask_9f200adb.tex
1	shaders/workshop/3302578859/effects/scroll.frag
1	materials/masks/reflection_mask_c8fec4bd.tex
1	materials/masks/shake_mask_85911177.tex
1	materials/masks/cursorripple_simulate_force_mask_a397cb6d.tex
1	effects/workshop/3299091578/pulse/effect.json
1	materials/workshop/3299091578/effects/pulse.json
1	shaders/workshop/3299091578/effects/pulse.vert
1	shaders/workshop/3299091578/effects/pulse.frag
1	materials/masks/shake_mask_09f5fea8.tex
1	materials/masks/shake_mask_451f1e35.tex
1	materials/masks/opacity_mask_72e268d6.tex
1	models/workshop/3002995798/number.am.json
1	materials/workshop/3002995798/number.am.json
1	materials/workshop/3002995798/number.am.tex
1	materials/masks/opacity_mask_2d7e06b5.tex
1	materials/masks/opacity_mask_a99591fc.tex
1	effects/workshop/3299008209/workshop/2084198056/Simple_Audio_Bars/effect.json
1	materials/workshop/3299008209/workshop/2084198056/effects/Simple_Audio_Bars.json
1	shaders/workshop/3299008209/workshop/2084198056/effects/Simple_Audio_Bars.vert
1	shaders/workshop/3299008209/workshop/2084198056/effects/Simple_Audio_Bars.frag
1	effects/workshop/3302578859/scroll/effect.json
1	materials/workshop/3302578859/effects/scroll.json
1	shaders/workshop/3302578859/effects/scroll.vert
1	sounds/sorrow - luskos.mp3
1	models/PokeballBottom.json
1	effects/workshop/3261970525/rounded_mask/effect.json
1	materials/Eye White.tex
1	materials/Eye Black.json
1	models/Eye Black.json
1	materials/Background2.tex
1	materials/Eye Black.tex
1	models/Eye.json
1	models/360_F_179989207_ZI8skwgg5C269G4RHqFdtFuUmhpUIhUi.json
1	models/Cloud Outline.json
1	models/Gengar Text.json
1	materials/Gengar Text.json
1	materials/Gengar Text2.tex
1	materials/Teeth.json
1	models/Ear.json
1	materials/Eye White.json
1	materials/Ear.json
1	materials/Ear2.tex
1	materials/Cloud Outline2.tex
1	materials/Eye.json
1	materials/Cloud Outline.json
1	models/Teeth.json
1	materials/masks/waterwaves_mask_6a810015.tex
1	materials/masks/shake_mask_34627b13.tex
1	sounds/Lavender Town - Piano.mp3
1	materials/Eye2.tex
1	models/Eye White.json
1	materials/Teeth.tex
1	materials/360_F_179989207_ZI8skwgg5C269G4RHqFdtFuUmhpUIhUi.json
1	materials/360_F_179989207_ZI8skwgg5C269G4RHqFdtFuUmhpUIhUi.tex
1	materials/workshop/3261970525/effects/rounded_mask.json
1	shaders/workshop/3261970525/effects/rounded_mask.vert
1	shaders/workshop/3261970525/effects/rounded_mask.frag
1	models/Pokeball.json
1	materials/Pokeball.json
1	materials/PokeballTop.tex
1	materials/PokeballBottom.json
1	materials/PokeballBottom.tex
1	fonts/Pokemon Classic.ttf
1	sounds/Lavender Town - Cello.mp3
1	sounds/Lavender Town - Violin.mp3
1	sounds/Lavender Town - RGBY.mp3
1	sounds/Lavender Town.mp3
1	models/Paper Effect.json
1	materials/Paper Effect.json
1	materials/Paper Effect.tex
1	materials/GT6cemmWMAAbKAn.json
1	models/GT6cemmWMAAbKAn.json
1	materials/GT6cemmWMAAbKAn.tex
1	models/暴雨背景.json
1	materials/暴雨背景.json
1	models/solid_instance_model_c11d76a3.json
1	materials/暴雨背景.tex
1	materials/masks/waterflow_mask_2d95c44c.tex
1	materials/masks/depthparallax_mask_d3678c06.tex
1	materials/扫帚.json
1	models/晴.json
1	materials/晴.json
1	materials/晴.tex
1	materials/masks/foliagesway_mask_79430a41.tex
1	models/扫帚.json
1	materials/扫帚.tex
1	materials/masks/waterwaves_mask_f9a36c35.tex
1	materials/masks/shake_mask_837af0e1.tex
1	materials/masks/waterwaves_mask_a487c565.tex
1	materials/masks/opacity_mask_e0440d2f.tex
1	materials/masks/opacity_mask_b65d32b7.tex
1	models/thumb-1920-1368517.json
1	materials/thumb-1920-1368517.json
1	materials/thumb-1920-1368517.tex
1	materials/masks/iris_mask_1844d121.tex
1	materials/masks/shake_mask_74bc8462.tex
1	materials/masks/waterwaves_mask_f35d8c7a.tex
1	materials/masks/waterwaves_mask_e463d46a.tex
1	materials/masks/pulse_mask_193a88fd.tex
1	models/cropped-5120-2880-1370702.json
1	materials/cropped-5120-2880-1370702.json
1	materials/cropped-5120-2880-1370702.tex
1	materials/masks/waterwaves_mask_cb5153e8.tex
1	materials/masks/waterwaves_mask_320bbdfa.tex
1	materials/masks/shake_mask_220fc819.tex
1	materials/masks/shake_mask_40735782.tex
1	materials/masks/reflection_mask_b385efce.tex
1	materials/masks/shake_mask_eb088997.tex
1	materials/masks/shake_mask_76e2ce83.tex
1	materials/masks/waterwaves_mask_6b222530.tex
1	materials/masks/waterwaves_mask_7959447f.tex
1	models/窗边的伊蕾娜（清晨）.json
1	models/窗边的伊蕾娜（黄昏）.json
1	materials/窗边的伊蕾娜（黄昏）.json
1	materials/窗边的伊蕾娜（黄昏）.tex
1	materials/窗边的伊蕾娜（夜晚）.json
1	materials/窗边的伊蕾娜（白天）.tex
1	materials/窗边的伊蕾娜（清晨）.json
1	materials/窗边的伊蕾娜（夜晚）.tex
1	materials/窗边的伊蕾娜（清晨）.tex
1	models/窗边的伊蕾娜（白天）.json
1	materials/窗边的伊蕾娜（白天）.json
1	models/窗边的伊蕾娜（夜晚）.json
1	materials/伊蕾娜.tex
1	fonts/极影毁片和圆1.03.ttf
1	materials/workshop/3155591810/particle/leaves5_1_1_1.json
1	materials/bj.json
1	materials/11223.tex
1	models/solid_instance_model_e8a20781.json
1	materials/masks/pulse_mask_2cbb98d2.tex
1	models/solid_instance_model_4851857d.json
1	models/bj.json
1	models/11223.json
1	materials/bj.tex
1	materials/11223.json
1	models/345.json
1	fonts/礼品卉+自由理想体+v1.2.ttf
1	materials/345.json
1	materials/五角星.json
1	materials/345.tex
1	materials/五角星.tex
1	fonts/演示秋鸿楷2.0.ttf
1	models/爱心.json
1	materials/爱心.json
1	materials/爱心.tex
1	fonts/slideyouran-Regular.ttf
1	particles/workshop/3155591810/Floating_Letters.json
1	models/五角星.json
1	materials/自定义背景纹理.tex
1	models/自定义背景.json
1	materials/masks/foliagesway_mask_bdfdeeba.tex
1	materials/自定义背景.json
1	materials/自定义背景.tex
1	fonts/包图小白体_猫啃网.ttf
1	materials/workshop/2413251683/ring.json
1	materials/自定义人物.json
1	materials/masks/iris_mask_b1d7738c.tex
1	materials/masks/shake_mask_b4905bc6.tex
1	models/自定义人物.json
1	materials/自定义人物.tex
1	models/workshop/2413251683/ring.json
1	materials/workshop/2413251683/ring.tex
1	materials/particle/halo_4.json
1	particles/new_particle_system_copy3.json
1	materials/workshop/2098487704/particle/halo_4.json
1	materials/workshop/2098487704/particle/white-heart_1f90d (2).tex
1	particles/workshop/2098487704/new_particle_system_2.json
1	models/solid_instance_model_08c5245a.json
1	sounds/未知歌手 - 茅野愛衣 - あなたがつないで.mp3
1	sounds/林有三 - 林有三 - ねえ、空太.mp3
1	models/默认封面.json
1	materials/workshop/2853810677/effects/scroll.json
1	materials/默认封面.json
1	materials/默认封面.tex
1	materials/workshop/2962751255/封面默认.tex
1	particles/workshop/2853810677/presets/lightning2.json
1	materials/masks/waterflow_mask_33e17f09.tex
1	materials/workshop/2853810677/未标题-1.json
1	materials/masks/waterwaves_mask_7fa362f9.tex
1	models/人物光2.json
1	materials/人物光2.json
1	materials/人物光2.tex
1	materials/masks/multistage_wave_mask_03582e94.tex
1	materials/workshop/2853810677/presets/lightning2glow.json
1	models/workshop/2853810677/未标题-1.json
1	materials/workshop/2853810677/未标题-1.tex
1	effects/workshop/2853810677/scroll/effect.json
1	shaders/workshop/2853810677/effects/scroll.vert
1	shaders/workshop/2853810677/effects/scroll.frag
1	materials/workshop/2853810677/presets/lightning2.json
1	models/背景球2.json
1	particles/workshop/2853810677/presets/lightning2glow.json
1	materials/masks/multistage_wave_mask_af5e1c5c.tex
1	models/dai1.json
1	materials/背景球2.json
1	materials/背景球2.tex
1	materials/workshop/2962751255/封面默认.json
1	materials/masks/waterwaves_mask_a856111f.tex
1	models/dai3.json
1	materials/dai3.json
1	materials/dai3.tex
1	materials/masks/waterwaves_mask_2aee5b64.tex
1	materials/dai1.json
1	materials/dai1.tex
1	materials/masks/waterwaves_mask_c36df19b.tex
1	materials/masks/multistage_wave_mask_74b884fa.tex
1	models/dai2.json
1	materials/dai2.json
1	materials/dai2.tex
1	materials/masks/multistage_wave_mask_ed98939e.tex
1	materials/masks/waterwaves_mask_104a4fdb.tex
1	models/dai4.json
1	materials/dai4.json
1	materials/dai4.tex
1	materials/masks/multistage_wave_mask_56bc5461.tex
1	models/影子.json
1	materials/影子.json
1	models/背景半截.json
1	materials/背景半截.json
1	materials/背景半截.tex
1	models/workshop/2962751255/封面默认.json
1	materials/masks/waterwaves_mask_31b09a7d.tex
1	models/影子2.json
1	materials/影子2.json
1	materials/影子2.tex
1	materials/masks/multistage_wave_mask_cde55324.tex
1	models/身体拆分.json
1	materials/身体拆分.json
1	materials/身体拆分.tex
1	models/身体拆分_puppet.mdl
1	materials/masks/waterwaves_mask_c281f9d2.tex
1	materials/masks/waterwaves_mask_ef8412b8.tex
1	materials/masks/waterwaves_mask_939ea8d1.tex
1	materials/masks/multistage_wave_mask_42bc88a8.tex
1	materials/masks/multistage_wave_mask_58dd0dd6.tex
1	materials/masks/multistage_wave_mask_cb577eba.tex
1	materials/masks/pulse_mask_56c1073c.tex
1	materials/masks/iris_mask_d4296003.tex
1	materials/lut.tex
1	sounds/Звуки природы - Шум дождя (www.hotplayer.ru).mp3
1	models/alya.json
1	materials/alya.tex
1	models/60164296bf6467a1c74bc962490e3631.json
1	materials/60164296bf6467a1c74bc962490e3631.json
1	models/workshop/3187908708/Date Area.json
1	materials/alya.json
1	materials/60164296bf6467a1c74bc962490e3631.tex
1	models/workshop/3187908708/solid_instance_model_c0eced19.json
1	models/workshop/3187908708/solid_instance_model_7d738a82.json
1	materials/workshop/3187908708/Date Area.json
1	materials/workshop/3187908708/Date Area.tex
1	materials/vhs_outline.tex
1	materials/bg2.tex
1	materials/masks/foliagesway_mask_d55907d2.tex
1	models/trees.json
1	materials/trees.json
1	materials/trees.tex
1	materials/fill1.tex
1	models/fill1.json
1	fonts/LofiLifestyle-Regular.otf
1	models/solid_instance_model_99045158.json
1	models/roof.json
1	materials/roof.json
1	materials/roof.tex
1	materials/fill1.json
1	models/jake1.json
1	materials/masks/opacity_mask_8e150335.tex
1	materials/jake1.json
1	materials/jake1.tex
1	materials/masks/opacity_mask_896e8022.tex
1	models/vhs_outline.json
1	materials/vhs_outline.json
1	models/bmoface.json
1	materials/bmoface.json
1	materials/bmoface2.tex
1	sounds/island_song.ogg
1	sounds/its_lofi_adventure_time.ogg
1	sounds/vhs_sfx_1.ogg
1	sounds/rain_sfx.ogg
1	materials/masks/opacity_mask_74ad2b43.tex
1	materials/初音未来 头.json
1	materials/workshop/3098898533/particle/trail.tex
1	materials/masks/blur_precise_gaussian_y_mask_889c6d79.tex
1	materials/particle/羽毛.tex
1	models/湖面.json
1	materials/初音未来身体.tex
1	materials/masks/shake_mask_142f5004.tex
1	materials/湖面.json
1	materials/湖面.tex
1	materials/masks/waterripple_mask_0f96b5dd.tex
1	materials/masks/waterwaves_mask_83a36ac9.tex
1	materials/masks/waterwaves_mask_bc72de7b.tex
1	models/初音未来 头.json
1	materials/初音未来 头.tex
1	models/初音未来 头_puppet.mdl
1	models/初音未来身体.json
1	materials/初音未来身体.json
1	materials/masks/waterwaves_mask_c64ff5e2.tex
1	sounds/1.【初音ミクDark】before light【keeno】(Av2377140,P1).mp3
1	materials/masks/foliagesway_mask_c37c76b1.tex
1	materials/masks/shake_mask_04bc4bed.tex
1	materials/masks/shake_mask_547e1c47.tex
1	models/圆环obj/圆环obj.mdl
1	materials/models/圆环obj/材质.json
1	models/圆环5/圆环5.mdl
1	materials/models/圆环5/DefaultMaterial.json
1	models/初音未来4k.json
1	materials/初音未来4k.json
1	materials/初音未来4k.tex
1	models/IMG_0671.json
1	models/IMG_0686.json
1	materials/IMG_0685.tex
1	materials/IMG_0671.json
1	materials/IMG_0690.json
1	models/IMG_0681.json
1	materials/IMG_0671.tex
1	models/IMG_0690.json
1	materials/IMG_0690.tex
1	materials/IMG_0687.json
1	models/IMG_0690_puppet.mdl
1	models/IMG_0691.json
1	models/IMG_0688.json
1	materials/IMG_0691.json
1	materials/IMG_0691.tex
1	materials/IMG_0684.tex
1	materials/IMG_0598.jpeg.json
1	models/IMG_0682.json
1	materials/IMG_0692.json
1	models/IMG_0692.json
1	materials/IMG_0692.tex
1	materials/masks/waterwaves_mask_91f860a2.tex
1	materials/IMG_0682.json
1	materials/masks/shake_mask_85312dc5.tex
1	models/IMG_0679.json
1	materials/masks/waterwaves_mask_0e40fe59.tex
1	materials/IMG_0651.json
1	models/IMG_0598.jpeg.json
1	materials/IMG_0687.tex
1	materials/IMG_0688.json
1	models/IMG_0651.json
1	materials/IMG_0651.tex
1	models/IMG_0684.json
1	materials/IMG_0684.json
1	models/IMG_0685.json
1	materials/IMG_0682.tex
1	materials/IMG_0685.json
1	materials/IMG_0686.json
1	materials/IMG_0686.tex
1	models/IMG_0687.json
1	materials/IMG_0688.tex
1	materials/IMG_0679.json
1	materials/IMG_0679.tex
1	materials/IMG_0681.json
1	models/IMG_0680.json
1	materials/IMG_0680.json
1	materials/IMG_0680.tex
1	materials/finn jake.json
1	materials/IMG_0681.tex
1	models/IMG_0693.json
1	materials/IMG_0693.json
1	materials/IMG_0693.tex
1	models/IMG_0694.json
1	materials/IMG_0694.json
1	materials/IMG_0694.tex
1	models/IMG_0696.json
1	materials/IMG_0696.json
1	materials/IMG_0696.tex
1	models/finn jake.json
1	materials/finn jake.tex
1	models/finn jake_puppet.mdl
1	models/IMG_0646(1).json
1	materials/IMG_0646(1).json
1	materials/IMG_0646(1).tex
1	models/IMG_0597.jpeg.json
1	materials/IMG_0597.jpeg.json
1	materials/IMG_0597.jpeg.tex
1	materials/IMG_0598.jpeg.tex
1	fonts/Adventure Time Logo.ttf
1	fonts/Thunderman.ttf
1	sounds/Island Song (Come Along with Me) (feat. Ashley Eriksson).mp3
1	materials/鲸鱼.json
1	materials/masks/opacity_mask_8b78cd05.tex
1	materials/masks/waterflow_mask_d09c6cf9.tex
1	materials/身体部件.tex
1	materials/身体部件.json
1	materials/masks/waterwaves_mask_04f81d6f.tex
1	models/地面.json
1	materials/地面.tex
1	models/鲸鱼.json
1	materials/鲸鱼.tex
1	materials/masks/waterwaves_mask_c6f8fdc3.tex
1	materials/masks/shake_mask_3d3318e1.tex
1	models/身体部件.json
1	models/身体部件_puppet.mdl
1	materials/masks/waterwaves_mask_e6212ea9.tex
1	materials/masks/waterwaves_mask_106f8d56.tex
1	materials/masks/foliagesway_mask_e986b510.tex
1	materials/masks/waterwaves_mask_815c91ff.tex
1	materials/地面_depth.tex
1	materials/masks/waterwaves_mask_0d9d1c21.tex
1	materials/地面.json
1	materials/masks/waterripple_mask_ebb33c55.tex
1	materials/masks/shake_mask_ca6a4f50.tex
1	materials/masks/shake_mask_c3b31da5.tex
1	sounds/livetune,初音ミク - Tell Your World.mp3
1	models/Sans titre.json
1	materials/workshop/2484784358/effects/nitro.json
1	models/Capture d’écran 2024-11-17 110357 (2).json
1	materials/Sans titre.json
1	materials/Capture d’écran 2024-11-17 110357 (2).json
1	materials/Capture d’écran 2024-11-17 110357 (2)_bg.tex
1	materials/Sans titre.tex
1	shaders/workshop/2873023340/effects/textshadow.vert
1	effects/workshop/2873023340/textshadow/effect.json
1	materials/Capture d’écran 2024-11-17 110357 (2)_fg.json
1	materials/workshop/2873023340/effects/textshadow.json
1	shaders/workshop/2873023340/effects/textshadow.frag
1	materials/workshop/2484784358/dust shader.tex
1	sounds/DIPLO - WISH (FEAT. TRIPPIE REDD)  (INSTRUMENTAL).mp3
1	fonts/Popcat.otf
1	effects/workshop/2484784358/nitro/effect.json
1	shaders/workshop/2484784358/effects/nitro.vert
1	shaders/workshop/2484784358/effects/nitro.frag
1	models/Capture d’écran 2024-11-17 110357 (2)_fg_puppet.mdl
1	materials/masks/waterripple_mask_d8ca2e00.tex
1	sounds/ocean-waves-white-noise1-13752.mp3
1	models/Capture d’écran 2024-11-17 110357 (2)_fg.json
1	materials/Capture d’écran 2024-11-17 110357 (2)_fg.tex
1	materials/cat02.tex
1	materials/cat02.json
1	materials/masks/waterflow_mask_b5da34eb.tex
1	materials/stars.json
1	models/wind_chimes_left.json
1	materials/cat_tail.json
1	materials/masks/shake_mask_86fa70b6.tex
1	materials/workshop/2964010971/presets/shootingstar.json
1	models/earphone02.json
1	models/stars.json
1	materials/stars.tex
1	materials/workshop/2632106929/presets/shootingstar.json
1	particles/workshop/2632106929/presets/shootingstar.json
1	materials/workshop/2632106929/presets/shootingstarglow.json
1	materials/earphone02.tex
1	particles/workshop/2632106929/presets/shootingstarglow.json
1	models/wind_chimes_right.json
1	particles/workshop/2964010971/presets/shootingstar.json
1	materials/workshop/2964010971/presets/shootingstarglow.json
1	particles/workshop/2964010971/presets/shootingstarglow.json
1	models/house.json
1	materials/window_left.json
1	materials/house.json
1	materials/window_left.tex
1	materials/house.tex
1	models/steel.json
1	materials/steel.json
1	materials/steel.tex
1	materials/wind_chimes_left.json
1	materials/wind_chimes_left.tex
1	materials/masks/shake_mask_650c959d.tex
1	materials/masks/waterwaves_mask_f4c925c5.tex
1	materials/masks/shake_mask_0fe54515.tex
1	materials/pillow.tex
1	materials/earphone02.json
1	materials/masks/cursorripple_simulate_force_mask_6682c2fb.tex
1	materials/wind_chimes_right.json
1	materials/wind_chimes_right.tex
1	materials/masks/waterwaves_mask_3beb05ed.tex
1	materials/masks/cursorripple_simulate_force_mask_d957e72e.tex
1	models/wood.json
1	materials/wood.json
1	materials/wood.tex
1	models/window_left.json
1	models/window_right.json
1	materials/window_right.json
1	materials/window_right.tex
1	models/curtain_left.json
1	materials/curtain_left.json
1	materials/curtain_left.tex
1	materials/masks/shake_mask_99e36b3f.tex
1	models/curtain_right.json
1	materials/curtain_right.json
1	materials/curtain_right.tex
1	models/stuffs02.json
1	materials/stuffs02.json
1	materials/stuffs02.tex
1	models/stuffs.json
1	materials/stuffs.json
1	materials/stuffs.tex
1	models/bed.json
1	materials/bed.json
1	materials/bed.tex
1	models/pillow.json
1	materials/pillow.json
1	models/earphone.json
1	materials/earphone.json
1	materials/earphone.tex
1	models/phone02.json
1	materials/phone02.json
1	materials/phone02.tex
1	models/phone_light.json
1	materials/phone_light.json
1	materials/phone_light.tex
1	models/cat02.json
1	models/cat_tail.json
1	materials/cat_tail.tex
1	models/sunset_cat.json
1	materials/sunset_cat.json
1	materials/sunset_cat.tex
1	fonts/workshop/3006161764/Anurati-Regular.otf
1	fonts/workshop/3006161764/Alcubierre.otf
1	sounds/傅许 - Summer Fantasy.mp3
1	shaders/workshop/3177568955/effects/flexible_rotation.vert
1	particles/workshop/3160572594/Asteroids_Workshop.json
1	models/左钟表.json
1	materials/左钟表.json
1	materials/左钟表.tex
1	materials/鸟 合成 1_00000.json
1	models/左钟表指针.json
1	materials/左钟表指针.json
1	materials/左钟表指针.tex
1	models/左钟表指针_puppet.mdl
1	materials/鸟 合成 1_00000.tex
1	models/右钟表.json
1	materials/白绳子.json
1	materials/底钟表.tex
1	materials/右钟表.json
1	materials/右钟表.tex
1	effects/workshop/3177568955/flexible_rotation/effect.json
1	materials/workshop/3177568955/effects/flexible_rotation.json
1	shaders/workshop/3177568955/effects/flexible_rotation.frag
1	models/底钟表.json
1	materials/底钟表.json
1	models/底钟表_puppet.mdl
1	materials/particle/粒子.tex
1	models/鸟 合成 1_00000.json
1	materials/workshop/3160572594/particle/asteroid.tex
1	materials/workshop/3160572594/particle/snowperspective_1_2.json
1	models/薇尔莉特紫幕60帧.json
1	materials/薇尔莉特紫幕60帧.json
1	materials/薇尔莉特紫幕60帧_batch.tex
1	models/白绳子.json
1	materials/白绳子_batch.tex
1	sounds/TRUE - Sincerely.mp3
1	sounds/SB The Rake Hornpipe.ogg
1	materials/Night 4K.json
1	sounds/SB Molakai Nui A.ogg
1	models/Night 4K.json
1	materials/Midnight 4k.tex
1	materials/Night 4K.tex
1	sounds/SB Hawaiian Happiness.ogg
1	materials/masks/blend_mask_244227b7.tex
1	sounds/SB Gator.ogg
1	sounds/SB Seaweed.ogg
1	sounds/SB Maui Beach.ogg
1	sounds/SB Marching to Honolulu.ogg
1	fonts/SomeTimeLater-w1J1n.otf
1	sounds/SB Dingles Regatta.ogg
1	sounds/SB Aloha Oe.ogg
1	sounds/SB Closing Theme.ogg
1	sounds/SB Dancing the Hula.ogg
1	sounds/SB Hawaiian Flower.ogg
1	sounds/SB On the Beach.ogg
1	sounds/SB Honolulu March.ogg
1	sounds/SB Drunken Sailor.ogg
1	sounds/SB Skipping to School.ogg
1	sounds/SpongeBob underwater sound effect.mp3
1	sounds/SB SpongeBob Walking.ogg
1	sounds/SB Squidward Walking.ogg
1	materials/masks/waterwaves_mask_e67cea1c.tex
1	materials/时钟2.json
1	particles/new_particle_system_copy1.json
1	models/solid_instance_model_a285c193.json
1	materials/masks/shake_mask_d1f406c9.tex
1	materials/masks/waterflow_mask_86437ebe.tex
1	materials/右左手.tex
1	materials/masks/waterwaves_mask_020c716d.tex
1	materials/masks/waterwaves_mask_8462365c.tex
1	materials/时钟.json
1	materials/masks/pulse__mask_051d5137.tex
1	materials/masks/waterwaves_mask_682263ea.tex
1	materials/masks/waterwaves_mask_a9b25566.tex
1	materials/masks/waterwaves_mask_ab7ac6f6.tex
1	materials/masks/waterwaves_mask_96682796.tex
1	materials/masks/waterwaves_mask_3465a164.tex
1	models/头发底1_puppet.mdl
1	materials/masks/waterwaves_mask_97461024.tex
1	materials/masks/waterwaves_mask_078d09ea.tex
1	models/时钟2.json
1	models/头发底1.json
1	materials/时钟2.tex
1	materials/头发底1.json
1	materials/masks/opacity_mask_765f5d8a.tex
1	materials/头发底1.tex
1	materials/masks/waterwaves_mask_96339834.tex
1	materials/masks/waterwaves_mask_646f9572.tex
1	materials/masks/waterwaves_mask_995c74c1.tex
1	materials/masks/shake_mask_b50b565d.tex
1	materials/masks/waterwaves_mask_0a3ac5f1.tex
1	models/红绳头.json
1	materials/红绳头.json
1	materials/masks/waterwaves_mask_2447e5d9.tex
1	materials/红绳头.tex
1	materials/masks/waterwaves_mask_dfa1fed6.tex
1	materials/masks/waterwaves_mask_78a9a06c.tex
1	materials/masks/waterwaves_mask_b9de7c3b.tex
1	materials/masks/waterwaves_mask_9ec2979b.tex
1	materials/masks/waterwaves_mask_f6089881.tex
1	materials/masks/waterwaves_mask_32627c34.tex
1	materials/masks/opacity_mask_c10935b8.tex
1	materials/masks/waterwaves_mask_8275bcad.tex
1	materials/masks/iris_mask_44f84b4d.tex
1	models/时钟.json
1	materials/时钟.tex
1	models/右左手.json
1	materials/右左手.json
1	models/右左手_puppet.mdl
1	materials/masks/waterwaves_mask_f32ab6b0.tex
1	materials/masks/opacity_mask_b9a53e14.tex
1	materials/masks/waterwaves_mask_cee2c4a8.tex
1	materials/masks/pulse__mask_9883e55b.tex
1	models/红绳身体.json
1	materials/红绳身体.json
1	materials/红绳身体.tex
1	materials/masks/opacity_mask_85f3b4e9.tex
1	materials/masks/waterwaves_mask_428ab271.tex
1	sounds/7220_f4f7_0ea0_b1788c7cb18a057da4732a2278aafde8.mp3
1	models/122244716_p0.json
1	materials/122244716_p0.json
1	materials/122244716_p0bg_bg.tex
1	materials/masks/waterflow_mask_f2a3861b.tex
1	models/122244716_p0_bg_fg.json
1	materials/122244716_p0_bg_fg.json
1	materials/122244716_p0_bg_fg.tex
1	materials/122244716_p0_fg.json
1	materials/masks/foliagesway_mask_b7ff6a79.tex
1	models/122244716_p0_fg.json
1	materials/masks/pulse_mask_399b7422.tex
1	materials/masks/pulse_mask_20b90df7.tex
1	materials/masks/pulse_mask_b2ab17fa.tex
1	materials/masks/waterwaves_mask_691d0120.tex
1	materials/masks/waterwaves_mask_3ff18e99.tex
1	materials/masks/waterwaves_mask_172206d1.tex
1	materials/122244716_p0_fg.tex
1	materials/masks/waterwaves_mask_1b71a459.tex
1	materials/masks/waterwaves_mask_cdf1a21a.tex
1	sounds/2024-12-16-11-04-38.mp3
1	materials/蓝原芽衣 壁纸.json
1	models/蓝原芽衣 壁纸.json
1	materials/蓝原芽衣 壁纸.tex
1	materials/masks/opacity_mask_5357c52d.tex
1	materials/masks/opacity_mask_78f087f3.tex
1	models/手机.png 合成 2_00000.json
1	materials/手机.png 合成 2_00000.json
1	materials/手机.png 合成 2_00000.tex
1	materials/大头.tex
1	sounds/天花板级别的国产纯音乐《花火が瞬く夜に》 - 1.《花火が瞬く夜に》羽肿(Av416369789,P1).mp3
1	models/1243123123.json
1	materials/1243123123.json
1	materials/1243123123.tex
1	fonts/英文字体（书法）.ttf
1	materials/右.tex
1	materials/masks/opacity_mask_6a4e15a5.tex
1	materials/masks/opacity_mask_da8cde25.tex
1	materials/封面.json
1	models/封面.json
1	materials/封面.tex
1	effects/workshop/3347128360/gradient_generation/effect.json
1	materials/workshop/3347128360/effects/gradient_generation.json
1	shaders/workshop/3347128360/effects/gradient_generation.vert
1	shaders/workshop/3347128360/effects/gradient_generation.frag
1	materials/masks/opacity_mask_c2a4223f.tex
1	materials/masks/opacity_mask_fabc095d.tex
1	fonts/极限新圆.ttf
1	models/滤镜.json
1	materials/滤镜.json
1	materials/滤镜.tex
1	materials/耳坠音频.tex
1	shaders/workshop/2920750574/effects/blur_downsample4.vert
1	materials/毛2.json
1	shaders/workshop/2920750574/effects/blur_downsample4.frag
1	materials/12312312312312312.json
1	materials/masks/multistage_wave_mask_e5202341.tex
1	materials/masks/iris_mask_11e64387.tex
1	materials/雷电.tex
1	particles/粒子卡莎.json
1	models/天气.json
1	materials/天气.json
1	models/雷电.json
1	models/12312312312312312.json
1	materials/雷电.json
1	materials/masks/pulse__mask_1a7a16e9.tex
1	materials/particle/halo_45_1.json
1	materials/66666666.tex
1	materials/头发右3.json
1	materials/workshop/2920750574/effects/godrays_cast.json
1	materials/天气.tex
1	models/耳坠音频_puppet.mdl
1	materials/12312312312312312.tex
1	models/耳坠音频.json
1	materials/耳坠音频.json
1	materials/masks/pulse_mask_42a82a2a.tex
1	materials/masks/waterwaves_mask_29f5e64f.tex
1	models/头发右3.json
1	materials/masks/shake_mask_3e9f5a1e.tex
1	shaders/workshop/2920750574/effects/godrays_gaussian.vert
1	models/毛1.json
1	materials/masks/iris_mask_41b8e9ae.tex
1	materials/masks/waterflow_mask_b6070853.tex
1	models/头发左2.json
1	models/耳机.json
1	materials/耳机.json
1	materials/耳机.tex
1	materials/masks/multistage_wave_mask_8d598f09.tex
1	materials/workshop/2920750574/effects/blur_gaussian_x.json
1	shaders/workshop/2920750574/effects/godrays_downsample2.vert
1	materials/头发左2.json
1	models/右毛1.json
1	shaders/workshop/2920750574/effects/godrays_cast.vert
1	materials/workshop/2920750574/effects/blur_downsample4.json
1	materials/masks/iris_mask_01cd67e7.tex
1	models/1x1_puppet.mdl
1	models/头发后.json
1	materials/头发后.json
1	materials/头发后.tex
1	models/头发后_puppet.mdl
1	shaders/workshop/2920750574/effects/godrays_cast.frag
1	materials/masks/multistage_wave_mask_89cad056.tex
1	materials/masks/multistage_wave_mask_f6f05740.tex
1	materials/masks/waterwaves_mask_ea643a60.tex
1	materials/masks/shake_mask_41cc5f41.tex
1	materials/masks/pulse_mask_cbc2d655.tex
1	models/左毛2.json
1	materials/masks/iris_mask_b8ee4bca.tex
1	models/头发左1.json
1	materials/头发左1.json
1	materials/头发左1.tex
1	models/头发左1_puppet.mdl
1	materials/耳环.json
1	materials/masks/multistage_wave_mask_69f5fd2a.tex
1	materials/masks/multistage_wave_mask_8689fb12.tex
1	materials/masks/multistage_wave_mask_27e1e033.tex
1	materials/头发左2.tex
1	shaders/workshop/2920750574/effects/blur_combine.vert
1	materials/masks/multistage_wave_mask_267d5915.tex
1	materials/右毛1.json
1	materials/右毛1.tex
1	models/毛2.json
1	materials/workshop/2920750574/effects/godrays_downsample2.json
1	materials/毛2.tex
1	models/头发右1.json
1	materials/头发右1.json
1	materials/头发右1.tex
1	models/头发右1_puppet.mdl
1	materials/masks/multistage_wave_mask_cc08a0f6.tex
1	models/头发右2.json
1	materials/头发右2.json
1	materials/头发右2.tex
1	materials/头发右3.tex
1	materials/masks/multistage_wave_mask_b557a881.tex
1	materials/左毛2.json
1	materials/左毛2.tex
1	materials/毛1.json
1	materials/毛1.tex
1	materials/masks/waterripple_mask_9dcef7c4.tex
1	materials/masks/waterripple_mask_47c474e3.tex
1	materials/masks/iris_mask_808f2371.tex
1	models/耳环.json
1	materials/耳环.tex
1	models/2024赞助.json
1	models/耳环_puppet.mdl
1	materials/workshop/2821376529/presets/ember.json
1	particles/workshop/2821376529/presets/ember.json
1	materials/workshop/2821376529/presets/emberglow.json
1	particles/workshop/2821376529/presets/emberglow.json
1	materials/workshop/2821376529/particle/snowflat_1.json
1	particles/workshop/2821376529/new_particle_systemdsffdf.json
1	sounds/EDX&Amba Shepherd-Off The Grid (Extended Mix).mp3
1	effects/workshop/2920750574/godrays/effect.json
1	shaders/workshop/2920750574/effects/godrays_downsample2.frag
1	shaders/workshop/2920750574/effects/godrays_combine.vert
1	materials/workshop/2920750574/effects/godrays_gaussian_x.json
1	shaders/workshop/2920750574/effects/godrays_gaussian.frag
1	materials/workshop/2920750574/effects/godrays_gaussian_y.json
1	materials/workshop/2920750574/effects/godrays_combine.json
1	shaders/workshop/2920750574/effects/godrays_combine.frag
1	shaders/workshop/2920750574/effects/blur_gaussian.vert
1	effects/workshop/2920750574/blur/effect.json
1	shaders/workshop/2920750574/effects/blur_gaussian.frag
1	materials/workshop/2920750574/effects/blur_gaussian_y.json
1	materials/workshop/2920750574/effects/blur_combine.json
1	shaders/workshop/2920750574/effects/blur_combine.frag
1	materials/2024赞助.json
1	materials/2024赞助.tex
1	materials/pc3.tex
1	materials/pc.json
1	models/pc.json
1	materials/pc.tex
1	materials/pc3.json
1	materials/no eyes.json
1	materials/masks/foliagesway_mask_04be493b.tex
1	materials/pc2.json
1	materials/masks/foliagesway_mask_af59bee4.tex
1	models/1pc.json
1	materials/1pc.json
1	materials/1pc.tex
1	materials/no eyes.tex
1	materials/masks/foliagesway_mask_c106bff8.tex
1	fonts/5_Minecraft AE(支持中文).ttf
1	models/no eyes.json
1	models/pc2.json
1	materials/pc2.tex
1	models/pc3.json
1	materials/masks/waterwaves_mask_13499454.tex
1	models/solid_instance_model_c8f2f69f.json
1	materials/masks/waterflow_mask_03f49de6.tex
1	models/RENWU_puppet.mdl
1	materials/masks/pulse__mask_a59703be.tex
1	models/HUANG.json
1	materials/RENWU.json
1	materials/RENWU.tex
1	materials/masks/waterwaves_mask_d2bf0f41.tex
1	materials/HUANG.json
1	materials/HUANG.tex
1	models/HUANG_puppet.mdl
1	models/RENWU.json
1	materials/masks/waterwaves_mask_644109ca.tex
1	materials/masks/waterwaves_mask_7960f885.tex
1	sounds/obj_wo3DlMOGwrbDjj7DisKw_31051035817_8b82_a384_6bcd_e8add58f647ab296d6371477a1d221f8.mp3
1	materials/masks/waterwaves_mask_32506d6d.tex
1	materials/masks/pulse__mask_48862c3b.tex
1	materials/masks/foliagesway_mask_1188e903.tex
1	materials/masks/pulse__mask_89dbf865.tex
1	effects/workshop/2865559209/pulse/effect.json
1	materials/workshop/2865559209/effects/pulse.json
1	shaders/workshop/2865559209/effects/pulse.vert
1	shaders/workshop/2865559209/effects/pulse.frag
1	models/solid_instance_model_42095d61.json
1	materials/workshop/3365654061/11.tex
1	materials/masks/blur_precise_gaussian_y_mask_178b8c7c.tex
1	materials/雨伞.json
1	models/雨伞.json
1	materials/雨伞.tex
1	models/雨伞_puppet.mdl
1	materials/后发.json
1	materials/后发.tex
1	models/后发.json
1	materials/masks/waterwaves_mask_65c3000a.tex
1	models/后发_puppet.mdl
1	materials/masks/waterwaves_mask_222246c3.tex
1	materials/masks/waterwaves_mask_087d12bf.tex
1	materials/masks/waterwaves_mask_dcfc08b2.tex
1	materials/masks/waterwaves_mask_1eff0742.tex
1	materials/masks/opacity_mask_8b136328.tex
1	materials/masks/waterwaves_mask_f7fa5ed1.tex
1	materials/masks/foliagesway_mask_915bb143.tex
1	materials/particle/图层 5.tex
1	models/workshop/3365654061/bar.json
1	materials/workshop/3365654061/bar.json
1	models/solid_instance_model_9a6855b1.json
1	models/solid_instance_model_ec623f02.json
1	sounds/obj_wo3DlMOGwrbDjj7DisKw_25534847774_c10f_c196_124e_7b111504f513450547f3e73e5c87c2fd.mp3
1	materials/火锅.json
1	models/City_D星星2.json
1	materials/City_SS天空.json
1	models/City_D中楼.json
1	models/City_SS天空.json
1	materials/City_SS天空.tex
1	materials/City_D天空.json
1	models/City_D天空.json
1	models/City_D后光.json
1	materials/City_SS超前楼.tex
1	materials/City_D星星1.tex
1	materials/City_D天空.tex
1	materials/City_D星星2.json
1	materials/City_D中前楼.json
1	materials/City_D星星2.tex
1	models/City_SS中楼.json
1	models/City_D射灯2.json
1	models/City_D星星1.json
1	materials/City_SS超前楼.json
1	materials/City_SS前楼.tex
1	materials/City_D星星1.json
1	models/City_D车后.json
1	models/City_SS后楼.json
1	materials/City_D射灯1.tex
1	materials/City_SS后楼.json
1	models/火锅.json
1	materials/City_SS后楼.tex
1	materials/City_D前楼.json
1	models/City_D后楼.json
1	models/City_SS车后.json
1	materials/City_SS中前楼.tex
1	materials/City_D射灯2.json
1	materials/City_D后楼.json
1	materials/City_D射灯2.tex
1	materials/City_D后楼.tex
1	models/City_SS后光.json
1	materials/City_SS后光.json
1	models/City_D中前楼.json
1	models/City_SS车.json
1	materials/City_SS后光.tex
1	materials/City_D后光.json
1	models/City_SS中前楼.json
1	materials/City_D后光.tex
1	materials/City_D中楼.tex
1	models/City_D射灯1.json
1	materials/City_D射灯1.json
1	materials/City_D超超前楼.json
1	materials/City_SS中楼.json
1	materials/City_D超超前楼.tex
1	materials/City_SS中楼.tex
1	materials/City_D中楼.json
1	models/cato.json
1	materials/cato.json
1	materials/cato.tex
1	materials/火锅.tex
1	models/open.json
1	materials/City_SS车后.json
1	materials/open.json
1	materials/City_SS车后.tex
1	materials/open.tex
1	materials/City_SS中前楼.json
1	materials/City_D中前楼.tex
1	materials/City_D车后.json
1	materials/City_D车后.tex
1	materials/City_SS车.json
1	materials/City_SS车.tex
1	models/City_D车.json
1	materials/City_D车.json
1	materials/City_D车.tex
1	models/City_SS前楼.json
1	materials/City_SS前楼.json
1	models/City_D前楼.json
1	materials/City_D前楼.tex
1	models/酒家.json
1	materials/酒家.json
1	materials/酒家.tex
1	models/hdws (1).json
1	materials/hdws (1).json
1	materials/hdws (1).tex
1	models/City_SS超前楼.json
1	models/City_D超前楼.json
1	materials/City_D超前楼.json
1	materials/City_D超前楼.tex
1	models/City_SS超超前楼.json
1	materials/City_SS超超前楼.json
1	materials/City_SS超超前楼.tex
1	models/City_D超超前楼.json
1	sounds/OST_Day Dream.wav
1	materials/masks/waterwaves_mask_7a91d461.tex
1	materials/masks/foliagesway_mask_6996d4be.tex
1	materials/masks/opacity_mask_9a12ca84.tex
1	materials/masks/foliagesway_mask_f6c43737.tex
1	materials/masks/pulse__mask_567115c0.tex
1	materials/masks/waterwaves_mask_201f8afc.tex
1	models/导出初音.json
1	materials/导出初音.json
1	materials/masks/waterwaves_mask_2dc11c38.tex
1	materials/导出初音.tex
1	models/导出初音_puppet.mdl
1	materials/masks/opacity_mask_4a518de5.tex
1	materials/masks/waterwaves_mask_6ac1aea9.tex
1	materials/masks/foliagesway_mask_b2df9088.tex
1	models/solid_instance_model_ac1928ec.json
1	sounds/obj_wo3DlMOGwrbDjj7DisKw_35934083444_bb2d_60a9_b138_47615ccc3ab359d90e50fdfb4a0b069f.mp3
1	models/遐蝶 4k60帧_1_batch.json
1	materials/遐蝶 4k60帧_1_batch.json
1	materials/遐蝶 4k60帧_1_batch.tex
1	materials/新建画布1.tex
1	sounds/「后宫之乌」ED中日字幕完整版「夏の雪」／krage - 1.「后宫之乌」ED中日字幕完整版「夏の雪」／krage(Av431393147,P1).mp3
1	models/蝴蝶0.json
1	materials/蝴蝶0.json
1	materials/蝴蝶0.tex
1	models/GeYZyipWcAATCdM.json
1	materials/GeYZyipWcAATCdM.json
1	materials/GeYZyipWcAATCdM.tex
1	materials/electrical_cabinet.json
1	materials/betong02.json
1	materials/fenceR.json
1	models/fenceL.json
1	models/betong.json
1	models/trees_far.json
1	materials/railings.tex
1	models/clouds.json
1	models/houses.json
1	models/mountain02.json
1	materials/houses01.tex
1	sounds/Candy_Wind - 春日春风春之语.mp3
1	materials/clouds.json
1	materials/trees_far.json
1	materials/tree_close.json
1	materials/clouds.tex
1	materials/wires.json
1	materials/traffic_light.json
1	materials/mountain02.tex
1	materials/masks/waterflow_mask_5d6d5a73.tex
1	materials/mountain02.json
1	materials/trees_far.tex
1	materials/tree_close.tex
1	materials/houses01.json
1	materials/houses.json
1	materials/houses.tex
1	models/bushes.json
1	models/houses01.json
1	models/tree_close.json
1	models/fenceR.json
1	materials/fenceL.json
1	materials/masks/waterwaves_mask_677165fc.tex
1	materials/betong02.tex
1	materials/fenceR.tex
1	materials/bushes.json
1	materials/bushes.tex
1	models/wires.json
1	materials/fenceL.tex
1	materials/wires.tex
1	materials/masks/foliagesway_mask_dbd08f2f.tex
1	models/poles.json
1	materials/poles.json
1	materials/poles.tex
1	models/traffic_light.json
1	materials/traffic_light.tex
1	materials/masks/pulse_mask_4f1e1df2.tex
1	models/land.json
1	materials/land.json
1	materials/land.tex
1	models/grasses.json
1	materials/grasses.json
1	materials/grasses.tex
1	models/railings.json
1	materials/railings.json
1	materials/bush.tex
1	materials/betong.json
1	materials/betong.tex
1	models/electrical_cabinet.json
1	materials/electrical_cabinet.tex
1	materials/grass_small.json
1	models/grass_small.json
1	materials/grass_small.tex
1	models/sunlight.json
1	models/bush.json
1	materials/bush.json
1	models/betong02.json
1	materials/sunlight.json
1	materials/sunlight.tex
1	materials/reflection_mask.tex
1	materials/masks/waterripple_mask_ff50607f.tex
1	materials/masks/cursorripple_simulate_force_mask_890157d4.tex
1	models/len.json
1	materials/len.json
1	materials/len.tex
1	models/pngwing.com.json
1	materials/Plaque Samdoesart.json
1	materials/Ciel.json
1	models/Ciel.json
1	materials/Plaque Samdoesart.tex
1	materials/Ciel.tex
1	models/Zieux du ptit zoizeau de gauche.json
1	materials/masks/shake_mask_bd2f8b83.tex
1	materials/Mont Fuji.json
1	sounds/slt.mp3
1	materials/Ptits zoizeaux.json
1	materials/masks/foliagesway_mask_b77bf2df.tex
1	particles/workshop/2562725207/Star_03.json
1	materials/masks/blur_precise_gaussian_y_mask_1b71a459.tex
1	models/Sol.json
1	materials/masks/foliagesway_mask_05b4ecc9.tex
1	materials/pngwing.com.json
1	materials/pngwing.com.tex
1	particles/workshop/2562725207/Flare.json
1	materials/Barrière gauche.json
1	models/Nuage 2.json
1	materials/workshop/2562725207/particle/halo_1_1_1_1.json
1	materials/Plaque Corentin.json
1	models/Mont Fuji.json
1	materials/workshop/2562725207/particle/halo_1.json
1	materials/Nuage 2.tex
1	materials/workshop/2562725207/particle/Flare_01.tex
1	models/Barrière et car.png.json
1	materials/Nuage 2.json
1	materials/Mont Fuji.tex
1	models/Nuage 1.json
1	materials/Nuage 1.json
1	materials/Nuage 1.tex
1	models/Eolienne2.json
1	materials/masks/opacity_mask_fe00d9d3.tex
1	materials/Eolienne2.json
1	materials/Eolienne2.tex
1	models/Eolienne1.json
1	materials/Eolienne1.json
1	materials/Eolienne1.tex
1	models/Lanterne.json
1	materials/Skyline.tex
1	materials/Poteau.json
1	materials/Sol.tex
1	materials/Sol.json
1	materials/Zieux chats.json
1	models/Herbe.json
1	materials/Herbe.json
1	materials/Herbe.tex
1	materials/workshop/2888067659/particle/halo_1_1_1_1_1.json
1	materials/masks/opacity_mask_4ca2bdb6.tex
1	materials/Rétroviseur.tex
1	models/Voiture.json
1	materials/Voiture.json
1	materials/Voiture.tex
1	materials/masks/shake_mask_0f14cd00.tex
1	materials/masks/shake_mask_6f24be8a.tex
1	materials/masks/shake_mask_99f8aecb.tex
1	materials/masks/shine_downsample2_mask_7803a18b.tex
1	models/Queue du car.json
1	models/Fille_puppet.mdl
1	materials/Queue du car.json
1	materials/Queue du car.tex
1	materials/masks/foliagesway_mask_9e9e9c97.tex
1	materials/Barrière et car.png.json
1	sounds/Sveriges Nationalsång - DU GAMLA DU FRIA.mp3
1	materials/Barrière et car.png.tex
1	models/Poteau.json
1	materials/Poteau.tex
1	models/Zieux chats.json
1	materials/Zieux chats.tex
1	models/Rétroviseur.json
1	materials/Rétroviseur.json
1	materials/Lanterne.json
1	materials/Lanterne.tex
1	materials/masks/Lanterne_mask_a6442ec5.tex
1	models/Fille.json
1	materials/Fille.json
1	materials/Fille.tex
1	materials/Herbe premier plan droite.json
1	materials/masks/foliagesway_mask_c50d812c.tex
1	models/Plaque Corentin.json
1	materials/Zieux du ptit zoizeau de gauche.tex
1	materials/masks/waterwaves_mask_cc03d8b4.tex
1	materials/masks/iris_mask_60f0c911.tex
1	materials/masks/waterwaves_mask_231d31ef.tex
1	materials/masks/shake_mask_454de22e.tex
1	materials/masks/shake_mask_4461e8d7.tex
1	models/Plaque Samdoesart.json
1	materials/Plaque Corentin.tex
1	materials/masks/opacity_mask_991c8a00.tex
1	models/Barrière gauche.json
1	materials/Barrière gauche.tex
1	models/Car_puppet.mdl
1	models/GTR.json
1	materials/GTR.json
1	materials/GTR.tex
1	models/Ptits zoizeaux.json
1	materials/Ptits zoizeaux.tex
1	models/Oiseaux peur.json
1	materials/Oiseaux peur.json
1	materials/Oiseaux peur.tex
1	models/Herbe premier plan gauche.json
1	models/Zieux du ptit zoizeau de droite.json
1	materials/Zieux du ptit zoizeau de droite.json
1	materials/Zieux du ptit zoizeau de droite.tex
1	materials/Zieux du ptit zoizeau de gauche.json
1	models/Skyline.json
1	materials/Skyline.json
1	materials/Herbe premier plan gauche.json
1	materials/particle/zZzZzZz.tex
1	models/Blé gauche.json
1	materials/Blé gauche.json
1	materials/Blé gauche.tex
1	models/Blé droit.json
1	materials/Blé droit.json
1	materials/Blé droit.tex
1	models/Herbe premier plan droite.json
1	materials/Herbe premier plan droite.tex
1	materials/masks/opacity_mask_9f0a2f90.tex
1	materials/Herbe premier plan gauche.tex
1	materials/masks/opacity_mask_5a14cdc3.tex
1	materials/workshop/2888067659/particle/halo_1_1_1_1.json
1	materials/workshop/2888067659/particle/wind_test-sharp.tex
1	particles/workshop/2888067659/wind-sharp.json
1	materials/workshop/2888067659/particle/wind_test-sharp-double.tex
1	particles/workshop/2888067659/wind-sharp-double.json
1	sounds/R32 Cold Start.mp3
1	sounds/nissan r32 idle and revs.mp3
1	sounds/Field with Wind, Swallows, & Windchimes - Happy Summer moments 4K NO LOOP.mp3
1	sounds/5 minute meditation nature sounds  Nature seasons - Winter in Finland, Forest, Wind noises  4K.mp3
1	sounds/Lonnex - losing [1 Hour Loop].mp3
1	models/solid_instance_model_837af0e1.json
1	models/风车.json
1	models/花丛.json
1	materials/particle/leaves5_2.json
1	materials/masks/waterflow_mask_d8e13ba9.tex
1	models/solid_instance_model_982fa1ae.json
1	models/风车3.json
1	materials/particle/图层 37.tex
1	materials/masks/waterwaves_mask_0bb09567.tex
1	models/风车2.json
1	materials/风车2.json
1	materials/风车3.json
1	materials/风车2.tex
1	materials/风车.json
1	materials/风车.tex
1	materials/masks/waterwaves_mask_7f1ed7b1.tex
1	materials/风车3.tex
1	materials/masks/opacity_mask_5b9e4db6.tex
1	materials/masks/waterwaves_mask_7c2cf8a2.tex
1	materials/masks/waterwaves_mask_9c490251.tex
1	materials/masks/waterwaves_mask_8f909af6.tex
1	materials/masks/foliagesway_mask_75cb8b1a.tex
1	materials/masks/iris_mask_547b8ce3.tex
1	materials/花丛.json
1	materials/花丛.tex
1	models/图层 0 拷贝.json
1	materials/图层 0 拷贝.json
1	materials/图层 0 拷贝.tex
1	materials/particle/图层 35.tex
1	models/solid_instance_model_d34fd6a5.json
1	sounds/obj_wo3DlMOGwrbDjj7DisKw_28481816903_fa7b_d843_8953_a98191ad24f31403842714d47b6c5536.mp3
1	materials/XME.tex
1	materials/fll.tex
1	materials/hua.json
1	materials/masks/foliagesway_mask_33e5d491.tex
1	models/XME_puppet.mdl
1	materials/particle/2.tex
1	models/XME.json
1	materials/XME.json
1	materials/masks/foliagesway_mask_b32f49be.tex
1	materials/masks/waterwaves_mask_5d5e2fd2.tex
1	materials/masks/waterwaves_mask_a79ae1d4.tex
1	materials/fll.json
1	materials/masks/opacity_mask_1ca090d5.tex
1	models/fll_puppet.mdl
1	materials/masks/iris_mask_80274917.tex
1	models/hua.json
1	materials/hua.tex
1	models/fll.json
1	materials/masks/waterwaves_mask_7112c61b.tex
1	materials/masks/opacity_mask_5e34d5af.tex
1	materials/masks/pulse__mask_dc6ac8cb.tex
1	materials/masks/pulse__mask_528da8b8.tex
1	materials/particle/1.tex
1	materials/masks/waterwaves_mask_2490c019.tex
1	materials/masks/glitter_combine_mask_c2a01f0b.tex
1	models/图层 2_puppet.mdl
1	materials/masks/waterwaves_mask_811ff7bb.tex
1	sounds/obj_wo3DlMOGwrbDjj7DisKw_32720656640_cd22_9429_87b3_f60fcd2a28a815aa946bf9ad88f34b8e.mp3
1	models/solid_instance_model_db92eac2.json
1	models/天空.json
1	materials/masks/foliagesway_mask_f8da12e7.tex
1	materials/天空.json
1	materials/masks/foliagesway_mask_aa622f90.tex
1	models/loop-4k.json
1	materials/loop-4k.json
1	sounds/mgs4-old-snake-loop.mp3
1	materials/loop-4k.tex
1	fonts/font-of-the-patriots.ttf
1	models/Metal_Gear_Solid_4_logo.json
1	materials/Metal_Gear_Solid_4_logo.json
1	sounds/mgs4-old-snake-intro.mp3
1	materials/Metal_Gear_Solid_4_logo.tex
1	models/solid_instance_model_4c9b1dba.json
1	models/身体2.json
1	particles/222.json
1	materials/身体2.json
1	particles/xing3.json
1	particles/xing4.json
1	materials/particle/snowperspective_1.json
1	materials/particle/halo_2_2.json
1	materials/masks/waterwaves_mask_30d8c0d9.tex
1	materials/身体2.tex
1	models/身体2_puppet.mdl
1	materials/masks/waterwaves_mask_deaadd6e.tex
1	materials/masks/opacity_mask_a5b34eb3.tex
1	materials/particle/星星.tex
1	materials/particle/halo_2_1_2.json
1	materials/particle/星星2.tex
1	particles/xing6.json
1	materials/masks/opacity_mask_5f12516e.tex
1	materials/masks/waterwaves_mask_942408b9.tex
1	materials/masks/waterwaves_mask_6a91a7b5.tex
1	materials/masks/foliagesway_mask_48a2f56f.tex
1	materials/masks/waterwaves_mask_98593ab5.tex
1	materials/masks/iris_mask_bdb6ec2e.tex
1	materials/masks/iris_mask_1ac8ac71.tex
1	particles/XING.json
1	materials/particle/星星3.tex
1	models/workshop/2183623986/first lense.json
1	materials/workshop/2183623986/first lense.json
1	materials/workshop/2183623986/first lense.tex
1	models/solid_instance_model_f983865d.json
1	sounds/obj_wo3DlMOGwrbDjj7DisKw_35055494044_33a7_4a6d_8a37_06ed0212dad5b4213c1264c43cb660c6.mp3
1	models/hcl2.json
1	models/h16.json
1	materials/h13.tex
1	materials/1b2_stopt.tex
1	materials/hbg3.tex
1	materials/h20.json
1	models/ht.json
1	models/h4.json
1	models/hbg3.json
1	materials/h13.json
1	materials/hbg3.json
1	models/h14.json
1	materials/hcl2.json
1	materials/h17.json
1	materials/hcl2.tex
1	materials/h15.json
1	materials/ht.json
1	models/h18_puppet.mdl
1	models/h1.json
1	materials/ht.tex
1	materials/masks/opacity_mask_66450a57.tex
1	models/h17.json
1	models/h13_puppet.mdl
1	models/ht2.json
1	materials/ht2.json
1	models/h12_puppet.mdl
1	materials/ht2.tex
1	materials/h12.tex
1	models/h19.json
1	models/h20.json
1	models/h18.json
1	materials/h20.tex
1	models/h19_puppet.mdl
1	models/h20_puppet.mdl
1	materials/h14.tex
1	materials/h19.json
1	materials/h19.tex
1	materials/h18.json
1	models/h15_puppet.mdl
1	materials/h18.tex
1	materials/h17.tex
1	materials/h5.tex
1	models/h17_puppet.mdl
1	models/h16_puppet.mdl
1	materials/h16.json
1	models/h15.json
1	materials/h16.tex
1	materials/h15.tex
1	materials/masks/opacity_mask_7747d86f.tex
1	materials/h14.json
1	models/h14_puppet.mdl
1	models/h13.json
1	models/h12.json
1	materials/h12.json
1	models/h11.json
1	materials/h11.json
1	materials/h11.tex
1	models/h11_puppet.mdl
1	models/h10.json
1	materials/h10.json
1	materials/h10.tex
1	models/h10_puppet.mdl
1	models/h9.json
1	materials/h9.json
1	materials/h9.tex
1	models/h9_puppet.mdl
1	models/1b2_stopt.json
1	models/h8.json
1	materials/h8.json
1	models/h7_puppet.mdl
1	materials/h8.tex
1	models/h8_puppet.mdl
1	models/h7.json
1	materials/h7.json
1	materials/h7.tex
1	models/h6.json
1	materials/h6.json
1	materials/h6.tex
1	models/h6_puppet.mdl
1	materials/masks/opacity_mask_189aa9f7.tex
1	models/h5.json
1	materials/h5.json
1	models/h5_puppet.mdl
1	materials/h4.json
1	materials/h4.tex
1	models/h4_puppet.mdl
1	models/h3.json
1	materials/h3.json
1	materials/h3.tex
1	models/h3_puppet.mdl
1	models/h2.json
1	materials/h2.json
1	materials/h2.tex
1	models/h2_puppet.mdl
1	materials/h1.json
1	materials/h1.tex
1	models/h1_puppet.mdl
1	sounds/1-浮光 (The History) 历史如浮光掠影，时间如白驹过隙，众生渺渺(30分钟纯享循环音乐)-480P 清晰-AVC.mp3
1	sounds/屏幕录制 2025-03-07 004925_7.mp3
1	sounds/屏幕录制 2025-03-07 004925_1.mp3
1	fonts/FZZhaoJSJSJF.TTF
1	fonts/FZJinL-B_GBJF.TTF
1	models/hclta2.json
1	materials/hclta2.json
1	materials/hclta2.tex
1	materials/1b2_stopt.json
1	materials/workshop/2655151285/ripple360p.tex
1	materials/BG.json
1	materials/masks/shake_mask_4d70128d.tex
1	models/BG.json
1	materials/fish2-redraw.tex
1	materials/fish2-redraw - Copy.json
1	materials/masks/waterwaves_mask_dd9ab53d.tex
1	particles/workshop/2446158253/Sparks_cursor2_copy1.json
1	materials/workshop/2446158253/particle/halo_34.json
1	materials/masks/shake_mask_aff42a67.tex
1	models/fish2-redraw_puppet.mdl
1	materials/BG.tex
1	models/fish2-redraw.json
1	materials/fish2-redraw.json
1	models/fish2-redraw - Copy_puppet.mdl
1	materials/masks/waterwaves_mask_75c841b8.tex
1	sounds/019. Everbay Coast-compressed.ogg
1	materials/masks/pulse_mask_be1d3df1.tex
1	materials/masks/opacity_mask_1c2f264e.tex
1	models/fish2-redraw - Copy.json
1	materials/fish2-redraw - Copy.tex
1	materials/Kirby.tex
1	models/workshop/2655151285/ripple360p.json
1	materials/masks/waterwaves_mask_633b8714.tex
1	materials/workshop/2655151285/ripple360p.json
1	models/Kirby_puppet.mdl
1	materials/masks/waterflow_mask_ef746fde.tex
1	sounds/zapsplat kevin_boucher_nature_lake_gentle_waves_lapping_onto_rocky_shore_mid_west_usa.mp3
1	materials/masks/shake_mask_42c750cb.tex
1	materials/masks/cursorripple_simulate_force_mask_260a7858.tex
1	materials/masks/waterripple_mask_6deed8ee.tex
1	materials/masks/waterwaves_mask_2d6cd524.tex
1	models/Kirby.json
1	materials/Kirby.json
1	materials/Kirby_channelmap.json
1	materials/Kirby_channelmap.tex
1	materials/masks/waterwaves_mask_cab1ca5c.tex
1	materials/masks/shake_mask_6a51d0c0.tex
1	materials/masks/iris_mask_45af75b5.tex
1	materials/masks/waterripple_mask_791841ec.tex
1	materials/masks/shake_mask_0f73c981.tex
1	materials/masks/shake_mask_7b646fab.tex
1	materials/masks/shake_mask_30d37faa.tex
1	materials/masks/shake_mask_bab636a4.tex
1	materials/masks/shake_mask_5ddb6d51.tex
1	sounds/Big Bean Vine (Lo fi Remix)-(p).mp3
1	sounds/1-17. Big-Bean Vine.mp3
1	sounds/2-15. Blub-Blub Ocean.mp3
1	fonts/BPreplayBold.otf
1	models/solid_instance_model_85d01a0e.json
1	models/cat_bee2_puppet.mdl
1	materials/cat_rb.json
1	models/solid_instance_model_e72490b4.json
1	models/solid_instance_model_96682796.json
1	materials/catx.json
1	models/cat_puppet.mdl
1	models/lz.json
1	models/solid_instance_model_ad7f808e.json
1	materials/masks/opacity_mask_ac686ab6.tex
1	models/cat_r.json
1	materials/cat_lb.tex
1	models/catx.json
1	materials/cat_l.json
1	models/cat_rb.json
1	materials/cat_rb.tex
1	materials/cat_r.json
1	materials/cat_r.tex
1	models/cat_lb.json
1	materials/cat_lb.json
1	models/solid_instance_model_a6e2ee27.json
1	models/cat_l.json
1	materials/cat_l.tex
1	models/catv.json
1	materials/catv.json
1	materials/catv.tex
1	materials/catx.tex
1	materials/bc.json
1	models/cat_bee2.json
1	models/bc.json
1	materials/cat_bee2.json
1	materials/cat_bee2.tex
1	materials/bc.tex
1	materials/lz.json
1	sounds/麻枝准 - 渚 (海滨).ogg
1	materials/lz.tex
1	materials/masks/opacity_mask_2ae93c1b.tex
1	models/遐蝶 冥河永渡.json
1	materials/遐蝶 冥河永渡.json
1	materials/遐蝶 冥河永渡_1.tex
1	models/入场动画.json
1	materials/入场动画_batch.tex
1	sounds/尾澤拓実 - 眠.mp3
1	materials/入场动画.json
1	materials/左眼白.tex
1	models/小孩姐.json
1	materials/左眼球.json
1	models/左眼皮.json
1	materials/左眼球.tex
1	materials/左眼白.json
1	models/左眼白.json
1	materials/戳头.json
1	models/左眼白_puppet.mdl
1	materials/masks/iris_movement___mask_56d9f53c.tex
1	materials/masks/iris_movement___mask_1ce984d0.tex
1	models/戳头.json
1	models/右眼白.json
1	materials/右眼白.json
1	materials/右眼白.tex
1	materials/masks/opacity_mask_8771adab.tex
1	models/左眼球.json
1	materials/左眼皮.tex
1	materials/左眼皮.json
1	models/左眼皮_puppet.mdl
1	models/右眼皮.json
1	materials/右眼皮.json
1	materials/右眼皮.tex
1	models/右眼皮_puppet.mdl
1	materials/masks/opacity_mask_7e12d374.tex
1	materials/戳头.tex
1	materials/masks/waterwaves_mask_208cc110.tex
1	models/呆毛_puppet.mdl
1	models/前手.json
1	materials/前手.json
1	materials/桌子.tex
1	materials/masks/iris_movement___mask_652fc3cb.tex
1	materials/小孩姐.json
1	materials/小孩姐.tex
1	models/闹钟.json
1	materials/闹钟.json
1	materials/闹钟.tex
1	sounds/哈？.mp3
1	sounds/日常的小曲.mp3
1	models/Rella 部件_puppet.mdl
1	models/bb932e46-e820-44ab-8599-dba92cf773e6.json
1	materials/星空.tex
1	materials/masks/opacity_mask_37b1df52.tex
1	models/月亮.json
1	materials/月亮.json
1	materials/月亮.tex
1	materials/栏杆_depth.tex
1	models/透明_2.json
1	materials/透明_2.json
1	materials/透明4.tex
1	models/右窗帘2.json
1	materials/右窗帘2.json
1	materials/右窗帘2.tex
1	materials/masks/waterwaves_mask_b13329e3.tex
1	materials/masks/waterwaves_mask_9d8cc7ea.tex
1	models/Rella 部件.json
1	materials/Rella 部件.json
1	materials/Rella 部件.tex
1	materials/masks/waterwaves_mask_4802f4e7.tex
1	materials/masks/waterwaves_mask_99c30e2e.tex
1	materials/masks/foliagesway_mask_1c8aa54f.tex
1	models/右椅子.json
1	materials/右椅子.json
1	materials/右椅子.tex
1	models/包.json
1	materials/包.json
1	materials/包.tex
1	materials/masks/waterwaves_mask_578e4e93.tex
1	materials/workshop/2097549174/particle/z.tex
1	sounds/ 明透.mp3
1	materials/bb932e46-e820-44ab-8599-dba92cf773e6.json
1	materials/bb932e46-e820-44ab-8599-dba92cf773e6.tex
1	materials/katanagirlangel.background.json
1	models/katanagirlangel.background.json
1	fonts/workshop/3450515646/SmileySans-Oblique.ttf
1	materials/katanagirlangel.background.tex
1	materials/masks/katanagirlangel.background_mask_f3e0f54d.tex
1	materials/katanagirlangel.background_depth.tex
1	materials/swordhalo.json
1	materials/angelandkatanagirlwings.json
1	particles/presets/magic_glyphs_0_swirl.json
1	materials/masks/procedural_noise_mask_2e0ee438.tex
1	particles/presets/magic_glyphs_0.json
1	models/katanagirl_puppet.mdl
1	materials/workshop/3450515646/effects/godrays_gaussian_x.json
1	materials/workshop/3450515646/effects/scroll.json
1	effects/workshop/3450515646/color_grading/effect.json
1	materials/workshop/3450515646/effects/vhs.json
1	shaders/workshop/3450515646/effects/godrays_cast.frag
1	materials/angelmask.tex
1	materials/swordangelkatana.tex
1	models/swordhalo.json
1	particles/workshop/2674194633/getsuga_tenshou.json
1	materials/swordhalo.tex
1	models/angelandkatanagirlwings.json
1	materials/masks/shimmer_mask_71d1addc.tex
1	fonts/workshop/3450515646/chaozishehaoxiashoushujianfan.ttf
1	materials/presets/magic_glyph_0.json
1	materials/presets/magic_glyph_0_swirl.json
1	materials/angelandkatanagirlwings.tex
1	models/angelandkatanagirlwings_puppet.mdl
1	fonts/workshop/3450515646/LEVIBRUSH.ttf
1	materials/masks/iris_movement___mask_b907da2a.tex
1	materials/masks/waterflow_mask_3906342f.tex
1	materials/masks/blend_mask_dfd785bb.tex
1	materials/workshop/2674194633/particle/torch_1.json
1	materials/masks/waterwaves_mask_ee63e704.tex
1	materials/masks/waterwaves_mask_813e0262.tex
1	materials/masks/waterwaves_mask_600a9748.tex
1	materials/masks/waterwaves_mask_3257680f.tex
1	shaders/workshop/3450515646/effects/color_grading.frag
1	materials/masks/pulse_mask_df7c6272.tex
1	models/swordangelkatana.json
1	materials/workshop/3450515646/effects/godrays_gaussian_y.json
1	materials/swordangelkatana.json
1	models/swordangelkatana_puppet.mdl
1	materials/workshop/3450515646/effects/geometric_transform.json
1	materials/workshop/3450515646/effects/shadow.json
1	materials/masks/shake_mask_4604ce18.tex
1	materials/presets/torch.json
1	particles/presets/torch.json
1	materials/presets/torchembers.json
1	particles/presets/torchembers.json
1	models/katanagirl.json
1	fonts/workshop/3450515646/SourceHanSans-Heavy.otf
1	shaders/workshop/3450515646/effects/godrays_combine.frag
1	materials/katanagirl.json
1	materials/katanagirl.tex
1	materials/masks/waterwaves_mask_62aea2ef.tex
1	materials/masks/pulse_mask_71f1003a.tex
1	materials/masks/nitro_mask_41b6c272.tex
1	materials/masks/waterwaves_mask_ab0e8565.tex
1	shaders/workshop/3450515646/effects/godrays_downsample2.vert
1	materials/masks/blur_combine_mask_f46d9ae3.tex
1	fonts/workshop/3450515646/Tourner (440).ttf
1	materials/masks/blur_combine_mask_ce7449f2.tex
1	effects/workshop/3450515646/shadow/effect.json
1	shaders/workshop/3450515646/effects/shadow.vert
1	materials/workshop/2674194633/particle/trail_1_1_1_1.json
1	shaders/workshop/3450515646/effects/shadow.frag
1	effects/workshop/3450515646/scroll/effect.json
1	shaders/workshop/3450515646/effects/scroll.vert
1	shaders/workshop/3450515646/effects/scroll.frag
1	effects/workshop/3450515646/geometric_transform/effect.json
1	shaders/workshop/3450515646/effects/geometric_transform.vert
1	shaders/workshop/3450515646/effects/geometric_transform.frag
1	effects/workshop/3450515646/vhs/effect.json
1	shaders/workshop/3450515646/effects/vhs.vert
1	shaders/workshop/3450515646/effects/vhs.frag
1	effects/workshop/3450515646/godrays/effect.json
1	materials/workshop/3450515646/effects/godrays_downsample2.json
1	shaders/workshop/3450515646/effects/godrays_downsample2.frag
1	materials/workshop/3450515646/effects/godrays_cast.json
1	shaders/workshop/3450515646/effects/godrays_cast.vert
1	shaders/workshop/3450515646/effects/godrays_gaussian.vert
1	shaders/workshop/3450515646/effects/godrays_gaussian.frag
1	materials/workshop/3450515646/effects/godrays_combine.json
1	shaders/workshop/3450515646/effects/godrays_combine.vert
1	materials/workshop/3450515646/effects/color_grading.json
1	shaders/workshop/3450515646/effects/color_grading.vert
1	effects/workshop/3450515646/chromatic_aberration/effect.json
1	materials/workshop/3450515646/effects/chromatic_aberration.json
1	shaders/workshop/3450515646/effects/chromatic_aberration.vert
1	shaders/workshop/3450515646/effects/chromatic_aberration.frag
1	materials/workshop/3291675677/particle/magic_charge_rays_1.json
1	materials/workshop/3291675677/particle/son-goku-anime-saiyan-dragon-ball-M1-Effect.tex
1	particles/workshop/3291675677/DBEffect.json
1	particles/workshop/2674194633/red_fire.json
1	materials/workshop/2674194633/particle/trail_1_1.json
1	particles/workshop/2674194633/getsuga.json
1	sounds/Unbenanntes Video – Mit Clipchamp erstellt (2).mp3
1	models/angelmask.json
1	materials/angelmask.json
1	fonts/workshop/3450515646/Jost-Medium.ttf
1	fonts/workshop/3450515646/方正琥珀简体.ttf
1	fonts/workshop/3450515646/汉仪彩云体简.ttf
1	fonts/workshop/3450515646/Tourner (544).ttf
1	fonts/workshop/3450515646/Aa后浪行楷.ttf
1	fonts/workshop/3450515646/opentype (1).otf
1	fonts/workshop/3450515646/李旭科书法.ttf
1	fonts/workshop/3450515646/Tourner (101).ttf
1	fonts/workshop/3450515646/刘欢卡通手书1.07.ttf
1	fonts/workshop/3450515646/千图笔锋手写体.ttf
1	fonts/workshop/3450515646/禹卫书法行书简体.ttf
1	fonts/workshop/3450515646/Tourner (100).ttf
1	fonts/workshop/3450515646/Champignon.ttf
1	sounds/钢琴纯乐 Declaration__Johannes Bornlöf - 1.Declaration__Johannes Bornlöf(Av203202831,P1).mp3
1	models/Wlop 海琴烟 60帧_batch.json
1	materials/Wlop 海琴烟 60帧_batch.json
1	models/音符.json
1	materials/Wlop 海琴烟 60帧_batch.tex
1	materials/masks/opacity_mask_146ba8be.tex
1	materials/齿轮.tex
1	materials/particle/音符.tex
1	materials/音符.json
1	materials/masks/foliagesway_mask_f915e1e7.tex
1	models/queen repair.json
1	materials/queen repair.json
1	materials/queen repair.tex
1	models/fec1943dfb17c3227d1965f8416fb683.json
1	materials/fec1943dfb17c3227d1965f8416fb683.json
1	materials/fec1943dfb17c3227d1965f8416fb683.tex
1	materials/masks/shake_mask_5e0e8071.tex
1	materials/presets/wildfireembers.json
1	models/1743155077193.json
1	materials/1743155077193.json
1	materials/1743155077193.tex
1	materials/workshop/2446178284/particle/halo_7.json
1	materials/workshop/2446178284/particle/halo_2_1_2.json
1	particles/workshop/2446178284/dust_copy1.json
1	particles/workshop/2446178284/rising_debris_copy1.json
1	particles/presets/wildfireembers.json
1	materials/presets/wildfire.json
1	particles/presets/wildfire.json
1	sounds/Storyteller - 塞壬唱片-MSR_Miaa.flac
1	sounds/Echoism (Instrumental).flac
1	sounds/Silent Tales(未曾讲述之事).flac
1	materials/workshop/2427252388/particle/Untitled.tex
1	materials/masks/waterwaves_mask_2de81353.tex
1	materials/masks/waterwaves_mask_c94b3ee2.tex
1	materials/masks/waterwaves_mask_a621428d.tex
1	particles/new_particle_system2221.json
1	materials/发.json
1	materials/masks/waterwaves_mask_4224f808.tex
1	models/水.json
1	materials/masks/pulse__mask_b465ca0f.tex
1	materials/水.json
1	materials/水.tex
1	materials/masks/waterwaves_mask_260a7858.tex
1	materials/发.tex
1	materials/masks/waterripple_mask_f5012cbc.tex
1	materials/masks/shake_mask_25f0d6d2.tex
1	materials/particle/图层 44.tex
1	models/发.json
1	models/发_puppet.mdl
1	materials/masks/waterwaves_mask_2b72320f.tex
1	materials/masks/waterwaves_mask_a207c263.tex
1	materials/masks/waterwaves_mask_1b11cd82.tex
1	materials/masks/opacity_mask_0c5342bf.tex
1	materials/masks/pulse__mask_3aa85014.tex
1	materials/masks/iris_mask_ab79c5ca.tex
1	materials/workshop/2446178284/particle/halo_9.json
1	particles/workshop/2446178284/debris_copy1.json
1	materials/particle/halo_9_1.json
1	particles/new_particle_system13124.json
1	materials/workshop/2427252388/presets/leaves1.json
1	particles/workshop/2427252388/presets/leaves1.json
1	materials/particle/leaves1_4.json
1	particles/new_particle_system22.json
1	materials/particle/leaves1_3.json
1	materials/particle/图层 39.tex
1	particles/1q.json
1	sounds/0f59_565d_5408_8334159c8da7e26043aacb962066d961.mp3
1	sounds/未知歌手 - 「(電脳)新春行進曲」Theme 2.mp3
1	materials/耳朵.json
1	materials/masks/waterwaves_mask_871cffbf.tex
1	materials/底耳朵.tex
1	models/m上半身.json
1	models/m3 后1.json
1	models/底耳朵.json
1	models/底发1.json
1	materials/m3 后1.json
1	materials/m3 后1.tex
1	models/m3 后2.json
1	models/底发2.json
1	materials/m3 后2.json
1	materials/m3 后2.tex
1	models/眼球.json
1	materials/底发2.json
1	materials/底发2.tex
1	materials/底耳朵.json
1	materials/底发1.tex
1	models/耳朵_puppet.mdl
1	models/听诊器.json
1	materials/masks/shake_mask_699c74bc.tex
1	materials/底发1.json
1	materials/眼球.json
1	materials/masks/foliagesway_mask_91f860a2.tex
1	materials/masks/waterwaves_mask_692ea8c3.tex
1	materials/masks/foliagesway_mask_fc4379fc.tex
1	materials/听诊器.json
1	materials/听诊器.tex
1	materials/眼球.tex
1	models/眼球_puppet.mdl
1	materials/不知道这是啥.json
1	models/m3.json
1	materials/masks/iris_mask_b311cbaa.tex
1	materials/masks/foliagesway_mask_34ab709b.tex
1	materials/masks/waterwaves_mask_08d5fdac.tex
1	materials/m眉毛.json
1	materials/masks/waterwaves_mask_1f0ede79.tex
1	materials/masks/waterwaves_mask_afd71adb.tex
1	models/头发1.json
1	materials/头发1.json
1	materials/头发1.tex
1	models/头发2.json
1	materials/头发2.json
1	materials/头发2.tex
1	materials/m发2.tex
1	materials/masks/waterwaves_mask_0a63fece.tex
1	materials/masks/waterwaves_mask_da259776.tex
1	materials/m发1.tex
1	models/耳朵.json
1	materials/耳朵.tex
1	materials/masks/waterwaves_mask_ace5bc3e.tex
1	materials/m3.json
1	materials/m3.tex
1	materials/masks/shake_mask_3ce989ef.tex
1	models/m下半身.json
1	materials/m下半身.json
1	materials/m下半身.tex
1	materials/masks/foliagesway_mask_7d423ce1.tex
1	materials/m上半身.json
1	materials/m上半身.tex
1	models/m手臂.json
1	materials/m手臂.json
1	materials/m手臂.tex
1	models/m头.json
1	materials/m头.json
1	materials/m头.tex
1	models/m眼睛.json
1	materials/m眼睛.json
1	materials/m眼睛.tex
1	models/m眼睛_puppet.mdl
1	models/m主发.json
1	materials/m主发.json
1	materials/m主发.tex
1	materials/masks/waterwaves_mask_5af949ab.tex
1	materials/masks/waterwaves_mask_4fd4356b.tex
1	materials/masks/waterwaves_mask_318bb6c1.tex
1	models/m发1.json
1	materials/m发1.json
1	models/m发2.json
1	materials/m发2.json
1	models/m发3.json
1	materials/m发3.json
1	materials/m发3.tex
1	models/m眉毛.json
1	materials/m眉毛.tex
1	models/不知道这是啥.json
1	materials/不知道这是啥.tex
1	materials/masks/opacity_mask_16125f0c.tex
1	models/m3 前.json
1	materials/m3 前.json
1	materials/m3 前.tex
1	sounds/【明日方舟｜走过漫漫时空】百万级录音棚听《走过漫漫时空》明日方舟 遗尘漫步OST【Hi-Res】 - 1.【明日方舟｜走过漫漫时空】百万级录音棚听《走过漫漫时空》明日方舟 遗尘漫步O(Av698100100,P1).mp3
1	materials/sky.json
1	materials/masks/waterwaves_mask_ba3479ba.tex
1	materials/hair back big chunk.tex
1	materials/extra bg.json
1	materials/masks/waterwaves_mask_c20a6d52.tex
1	materials/masks/waterwaves_mask_ad7e3e6e_copy1.tex
1	materials/c2 part 5.json
1	materials/hair kirito front.json
1	materials/hair c1 behind 2.tex
1	models/sky.json
1	models/extra bg.json
1	materials/extra bg.tex
1	materials/hair c1 behind 2.json
1	materials/sky.tex
1	materials/masks/waterwaves_mask_d5b72ea8_copy19.tex
1	materials/hair c1 behind 1.tex
1	materials/puppet - Copy.tex
1	materials/masks/waterwaves_mask_c20a6d52_copy2.tex
1	models/c2 part 3.json
1	materials/masks/coc_mask_d9d7f292.tex
1	particles/workshop/2780300536/Gusts_of_wind.json
1	materials/masks/tint_mask_0cf02f39.tex
1	materials/asuna body.tex
1	models/hair extra.json
1	models/puppet_puppet.mdl
1	materials/masks/opacity_mask_bbe99f8b.tex
1	models/puppet - Copy.json
1	models/c2 part 4.json
1	materials/masks/opacity_mask_bbe99f8b_copy1.tex
1	materials/workshop/2780300536/particle/fog1_1_1.json
1	models/hair back big chunk.json
1	models/puppet.json
1	models/kirito face_puppet.mdl
1	materials/hair c1.tex
1	materials/puppet.json
1	materials/puppet.tex
1	materials/masks/apply_mask_a0eb1037.tex
1	materials/hair extra.json
1	models/kirito face.json
1	materials/hair extra.tex
1	materials/hair back big chunk.json
1	models/hair back big chunk_puppet.mdl
1	materials/masks/opacity_mask_a9f40617.tex
1	materials/masks/waterwaves_mask_08023d90_copy4.tex
1	materials/masks/waterwaves_mask_d5b72ea8.tex
1	materials/hair top c1.json
1	models/hair back c3.json
1	materials/hair back c3.json
1	materials/hair back c3.tex
1	materials/masks/waterwaves_mask_d5b72ea8_copy1.tex
1	models/hair back c3 part 2.json
1	materials/hair back c3 part 2.json
1	materials/hair back c3 part 2.tex
1	materials/masks/waterwaves_mask_d5b72ea8_copy2.tex
1	materials/masks/waterwaves_mask_08023d90.tex
1	models/hair back c3 part 3.json
1	materials/hair back c3 part 3.json
1	materials/hair back c3 part 3.tex
1	materials/main hair back c2.json
1	materials/masks/waterwaves_mask_d5b72ea8_copy3.tex
1	materials/masks/waterwaves_mask_08023d90_copy1.tex
1	materials/kirito body.tex
1	models/main hair back c2.json
1	materials/main hair back c2.tex
1	models/main hair back c2_puppet.mdl
1	materials/masks/waterwaves_mask_d5b72ea8_copy4.tex
1	models/kirito body.json
1	materials/masks/waterwaves_mask_08023d90_copy2.tex
1	materials/c2 part 4.json
1	materials/c2 part 4.tex
1	materials/masks/waterwaves_mask_d5b72ea8_copy5.tex
1	materials/masks/waterwaves_mask_08023d90_copy3.tex
1	models/c2 part 6.json
1	materials/c2 part 6.json
1	sounds/The First Town.mp3
1	materials/c2 part 6.tex
1	materials/masks/waterwaves_mask_d5b72ea8_copy6.tex
1	models/c2 part 5.json
1	materials/c2 part 5.tex
1	materials/back mantle.tex
1	materials/masks/waterwaves_mask_d5b72ea8_copy7.tex
1	models/c2 part 2.json
1	models/hair c1 behind 2.json
1	materials/c2 part 2.json
1	materials/c2 part 2.tex
1	materials/masks/waterwaves_mask_d5b72ea8_copy8.tex
1	models/c2 part 1.json
1	models/hair c1 behind 1.json
1	materials/c2 part 1.json
1	materials/c2 part 1.tex
1	materials/masks/waterwaves_mask_d5b72ea8_copy9.tex
1	materials/c2 part 3.json
1	materials/c2 part 3.tex
1	materials/masks/waterwaves_mask_d5b72ea8_copy10.tex
1	materials/masks/opacity_mask_ab7ac6f6.tex
1	models/c2 part 3 c_.json
1	materials/c2 part 3 c_.json
1	materials/c2 part 3 c_.tex
1	materials/masks/waterwaves_mask_d5b72ea8_copy11.tex
1	models/c2 part 7.json
1	materials/c2 part 7.json
1	materials/c2 part 7.tex
1	materials/masks/waterwaves_mask_d5b72ea8_copy12.tex
1	models/hair top back c1.json
1	materials/hair top back c1.json
1	materials/hair top back c1.tex
1	materials/masks/waterwaves_mask_d5b72ea8_copy13.tex
1	models/asuna body bottom.json
1	materials/asuna body bottom.json
1	materials/masks/waterwaves_mask_08023d90_copy6.tex
1	materials/asuna body bottom.tex
1	models/asuna body bottom_puppet.mdl
1	materials/masks/waterwaves_mask_7cac9364.tex
1	materials/kirito legs.json
1	materials/masks/waterwaves_mask_7cac9364_copy1.tex
1	materials/masks/waterwaves_mask_7cac9364_copy2.tex
1	models/asuna body.json
1	materials/asuna body.json
1	models/asuna body_puppet.mdl
1	materials/masks/waterwaves_mask_7cac9364_copy4.tex
1	materials/hair c1 behind 1.json
1	materials/masks/waterwaves_mask_d5b72ea8_copy16.tex
1	materials/masks/waterwaves_mask_08023d90_copy5.tex
1	materials/masks/waterwaves_mask_d5b72ea8_copy15.tex
1	models/hair c1.json
1	materials/hair c1.json
1	materials/masks/waterwaves_mask_d5b72ea8_copy14.tex
1	models/hair top c1 1.json
1	materials/hair top c1 1.json
1	materials/hair top c1 1.tex
1	materials/masks/waterwaves_mask_d5b72ea8_copy17.tex
1	models/hair top c1.json
1	models/kirito arm_puppet.mdl
1	materials/hair top c1.tex
1	materials/masks/waterwaves_mask_d5b72ea8_copy18.tex
1	materials/puppet - Copy.json
1	models/puppet - Copy_puppet.mdl
1	models/back mantle.json
1	materials/back mantle.json
1	materials/masks/waterwaves_mask_7cac9364_copy7.tex
1	models/kirito legs.json
1	materials/kirito legs.tex
1	materials/kirito face.json
1	materials/kirito face.tex
1	materials/masks/waterwaves_mask_ad7e3e6e_copy2.tex
1	models/hair kirito back.json
1	materials/hair kirito back.json
1	materials/hair kirito back.tex
1	materials/masks/waterwaves_mask_ad7e3e6e.tex
1	models/hair kirito front.json
1	materials/hair kirito front.tex
1	materials/masks/opacity_mask_ae39d823.tex
1	materials/kirito body.json
1	materials/masks/waterwaves_mask_7cac9364_copy6.tex
1	materials/masks/waterwaves_mask_7cac9364_copy8.tex
1	materials/masks/shake_mask_c8a61f1a.tex
1	models/kirito arm.json
1	materials/kirito arm.json
1	materials/kirito arm.tex
1	materials/masks/shake_mask_c8a61f1a_copy1.tex
1	models/Terrain front.json
1	materials/Terrain front.json
1	materials/Terrain front.tex
1	shaders/workshop/3168465326/effects/color_grading__extension.frag
1	materials/workshop/3168465326/effects/color_grading__extension.json
1	materials/masks/foliagesway_mask_6a85bbf1.tex
1	materials/masks/waterwaves_mask_90ddbc8e.tex
1	sounds/Comfort - ward wills  Aso.mp3
1	models/线4.json
1	materials/masks/opacity_mask_1b8f8473.tex
1	materials/pulse_mask_e4707aa6.tex
1	materials/masks/pulse__mask_1a6d01ce.tex
1	models/图层 53.json
1	materials/masks/pulse__mask_4dda51d4.tex
1	materials/masks/pulse__mask_5d645bb8.tex
1	materials/masks/pulse_mask_f6aa8d85.tex
1	materials/图层 53.tex
1	materials/masks/pulse_mask_460d69bc.tex
1	materials/图层 53.json
1	models/图层 53_puppet.mdl
1	materials/masks/waterwaves_mask_8837337e.tex
1	particles/yuzi.json
1	particles/yuluj.json
1	materials/线4.json
1	materials/线4.tex
1	particles/new_particle_system11.json
1	materials/masks/waterwaves_mask_fc52e098.tex
1	materials/masks/waterwaves_mask_f2347bb9.tex
1	materials/masks/opacity_mask_cc946378.tex
1	materials/masks/pulse__mask_b18d64d9.tex
1	materials/masks/color_grading_mask_ac4dbf85.tex
1	materials/particle/halo_50_1_1.json
1	models/伞_puppet.mdl
1	materials/particle/halo_16_1.json
1	particles/new_particle_sy2.1.json
1	models/线3.json
1	materials/线3.json
1	materials/线3.tex
1	materials/masks/waterwaves_mask_efb415eb.tex
1	models/线2.json
1	materials/线2.json
1	materials/线2.tex
1	materials/masks/waterwaves_mask_61fcf2ab.tex
1	materials/masks/waterwaves_mask_68c893d9.tex
1	models/纸团.json
1	materials/纸团.json
1	materials/纸团.tex
1	models/cat2.json
1	materials/cat2.json
1	materials/cat2.tex
1	models/cat2_puppet.mdl
1	materials/masks/waterwaves_mask_520884d1.tex
1	models/cat1.json
1	materials/cat1.json
1	materials/cat1.tex
1	materials/masks/waterwaves_mask_dde89a62.tex
1	materials/masks/waterwaves_mask_9c6574bd.tex
1	materials/particle/halo_50_1_1_1.json
1	shaders/workshop/3168465326/effects/color_grading__extension.vert
1	effects/workshop/3168465326/color_grading__extension/effect.json
1	sounds/rain.mp3
1	models/60帧 伊蕾娜 ：静谧时光 清晨.json
1	models/60帧 伊蕾娜 ：静谧时光 白天.json
1	materials/60帧 伊蕾娜 ：静谧时光 清晨.tex
1	sounds/“我一言不发，只是等待着你”  嘘月  -ヨルシカ【Hi-Res无损_4K_中日双字幕_音频可视】【 - 1.“我一言不发，只是等待着你”  嘘月  -ヨルシカ【Hi-Res无损_4K_(Av492605610,P1).mp3
1	materials/60帧 伊蕾娜 ：静谧时光 昼夜变化.tex
1	materials/60帧 伊蕾娜 ：静谧时光 清晨.json
1	materials/60帧 伊蕾娜 ：静谧时光 白天.json
1	materials/60帧 伊蕾娜 ：静谧时光 白天.tex
1	models/60帧 伊蕾娜 ：静谧时光 黄昏.json
1	materials/60帧 伊蕾娜 ：静谧时光 黄昏.json
1	materials/60帧 伊蕾娜 ：静谧时光 黄昏.tex
1	models/60帧 伊蕾娜 ：静谧时光 夜晚.json
1	materials/60帧 伊蕾娜 ：静谧时光 夜晚.json
1	materials/60帧 伊蕾娜 ：静谧时光 夜晚.tex
1	materials/提示框 2.tex
1	models/solid_instance_model_6adedb5d.json
1	materials/masks/DefaultMaterial_mask_86322516.tex
1	materials/0mxx3.json
1	models/szcl.json
1	models/0mxx3.json
1	materials/0mxx3.tex
1	models/0mxx2.json
1	materials/0mxx2.json
1	materials/0mxx2.tex
1	materials/szcl.tex
1	materials/models/uc/材质.json
1	models/uc/uc.mdl
1	materials/szcl.json
1	models/solid_instance_model_b1344353.json
1	models/00jt.json
1	materials/00jt.json
1	materials/00jt.tex
1	fonts/msjhl.ttc
1	scripts/camera_paths_21.json
1	sounds/Melodysheep - First Moments.ogg
1	materials/workshop/2342779250/effects/test_shader.json
1	models/little head/little head.mdl
1	materials/models/little head/kitty head 10 bit.json
1	materials/models/little head/Image_0.tex
1	materials/models/billboard/Screenshot_1.tex
1	materials/models/mc-stars/star.json
1	models/kitty body/kitty body.mdl
1	materials/models/townfbx/Image_0.json
1	materials/models/little head/kitty head 10 bit.tex
1	materials/models/little head/Image_0.json
1	materials/models/kitty body/kitty head 10 bit.json
1	materials/models/kitty body/kitty head 10 bit.tex
1	scripts/camera_paths_34.json
1	materials/masks/Image_3_mask_3fc62503.tex
1	models/townfbx/townfbx.mdl
1	fonts/minecraft.ttf
1	materials/Image_6.tex
1	materials/models/townfbx/Image_0.tex
1	materials/models/townfbx/Image_3.json
1	models/luna-na-prozrachnom-fone-.json
1	materials/models/townfbx/Image_3.tex
1	materials/workshop/3018612333/effects/dithering.json
1	models/mc-stars/mc-stars.mdl
1	materials/luna-na-prozrachnom-fone-.json
1	materials/luna-na-prozrachnom-fone-.tex
1	effects/workshop/2342779250/test_shader/effect.json
1	shaders/workshop/2342779250/effects/test_shader.vert
1	shaders/workshop/2342779250/effects/test_shader.frag
1	models/billboard/billboard.mdl
1	materials/models/billboard/Screenshot_1.json
1	materials/models/billboard/Light.json
1	models/solid_instance_model_a4a13f4a.json
1	materials/e555402af290cd801befb31f56adfa79.tex
1	effects/workshop/3018612333/dithering/effect.json
1	shaders/workshop/3018612333/effects/dithering.vert
1	shaders/workshop/3018612333/effects/dithering.frag
1	materials/masks/refract_mask_62efe2eb.tex
1	materials/细发4.tex
1	materials/masks/foliagesway_mask_6e05db28.tex
1	models/细发2.json
1	materials/masks/waterflow_mask_2e1c3fbe.tex
1	materials/细发2.json
1	materials/masks/waterripple_mask_163ed3c3.tex
1	materials/细发3.tex
1	materials/masks/waterwaves_mask_4cb372a2.tex
1	models/人物主体.json
1	materials/人物主体.json
1	materials/人物主体.tex
1	materials/masks/waterripple_mask_d048d4be.tex
1	materials/masks/waterwaves_mask_32b199d9.tex
1	materials/细发2.tex
1	materials/masks/opacity_mask_ef6dfbd6.tex
1	models/左刘海.json
1	materials/masks/foliagesway_mask_bd48d3c3.tex
1	models/帽子底部.json
1	materials/masks/waterwaves_mask_b4bbf945.tex
1	materials/masks/waterwaves_mask_cc037d4a.tex
1	materials/masks/waterwaves_mask_ce86c46b.tex
1	materials/masks/waterwaves_mask_4c1fad1b.tex
1	materials/帽子底部.json
1	materials/帽子底部.tex
1	materials/masks/foliagesway_mask_473304d3.tex
1	models/后马尾.json
1	materials/后马尾.json
1	materials/后马尾.tex
1	materials/masks/waterwaves_mask_03228e26.tex
1	materials/masks/waterwaves_mask_3e817c7a.tex
1	materials/masks/waterwaves_mask_04ce6785.tex
1	models/右垂发1.json
1	materials/右垂发1.json
1	materials/右垂发1.tex
1	materials/masks/waterwaves_mask_2db3ed48.tex
1	models/左垂发4.json
1	materials/左垂发4.json
1	materials/左垂发4.tex
1	materials/masks/waterwaves_mask_5db7b449.tex
1	materials/细发4.json
1	materials/masks/waterwaves_mask_3e307bbb.tex
1	models/细发4.json
1	models/细发3.json
1	materials/细发3.json
1	materials/masks/waterwaves_mask_5c983957.tex
1	materials/masks/waterwaves_mask_e735c650.tex
1	materials/masks/waterwaves_mask_28988775.tex
1	materials/左刘海.json
1	materials/左刘海.tex
1	materials/masks/waterwaves_mask_521e5e8b.tex
1	materials/masks/waterwaves_mask_4c1035ca.tex
1	models/细发1.json
1	materials/细发1.json
1	materials/细发1.tex
1	materials/masks/waterwaves_mask_fa87cb91.tex
1	materials/masks/waterwaves_mask_d4d7b3d8.tex
1	models/细发5.json
1	materials/细发5.json
1	materials/细发5.tex
1	materials/masks/waterwaves_mask_f89044b1.tex
1	materials/masks/waterwaves_mask_19def17b.tex
1	models/前帽子.json
1	models/细发6.json
1	materials/细发6.json
1	materials/细发6.tex
1	sounds/keeno feat. 初音ミク (Append Dark ) - decide - 1.videoplayback (2)(Av795577590,P1).mp3
1	materials/masks/waterwaves_mask_0a84a81e.tex
1	materials/masks/waterwaves_mask_2a929e46.tex
1	materials/前帽子.json
1	materials/前帽子.tex
1	models/人物左手臂.json
1	materials/人物左手臂.json
1	materials/人物左手臂.tex
1	models/Z.json
1	materials/Z.json
1	materials/Z.tex
1	models/workshop/3030918169/solid_instance_model_969f00fd.json
1	materials/masks/opacity_mask_a292fbde.tex
1	models/workshop/3030918169/solid_instance_model_7d738a82.json
1	materials/小.tex
1	models/云6.json
1	models/云5.json
1	materials/云5.json
1	materials/云5.tex
1	particles/presets/leaves2b.json
1	models/云4.json
1	models/框.json
1	materials/云4.json
1	materials/云4.tex
1	models/云2.json
1	materials/masks/waterwaves_mask_f508050e.tex
1	materials/云2.json
1	particles/new_particle_system2.json
1	materials/栏杆2.json
1	materials/云2.tex
1	materials/云6.json
1	materials/云6.tex
1	models/云1.json
1	materials/云1.json
1	materials/云1.tex
1	materials/particle/leaves2_1.json
1	materials/masks/clipping_mask_9a677fed.tex
1	materials/masks/clipping_mask_2a57129f.tex
1	materials/masks/waterwaves_mask_73533313.tex
1	materials/masks/waterwaves_mask_69282021.tex
1	materials/masks/waterwaves_mask_54e15c03.tex
1	models/栏杆2.json
1	materials/栏杆2.tex
1	materials/presets/leaves2b.json
1	materials/masks/foliagesway_mask_7ed20085.tex
1	materials/masks/waterwaves_mask_c65c27eb.tex
1	materials/框.json
1	materials/框.tex
1	models/气球.json
1	materials/气球.json
1	materials/气球.tex
1	models/气球_puppet.mdl
1	materials/masks/waterwaves_mask_cc75e0a6.tex
1	materials/masks/shake_mask_12ec179f.tex
1	materials/masks/shake_mask_514ebaae.tex
1	materials/masks/shake_mask_fa03c8b7.tex
1	materials/masks/shake_mask_3f5c6fa1.tex
1	materials/masks/foliagesway_mask_b9ab7d6d.tex
1	scripts/camera_paths_309.json
1	sounds/松谷卓 - 君の膵臓をたべたい -Prologue.flac
1	models/原.json
1	materials/原.json
1	materials/原.tex
1	materials/masks/opacity_mask_f1d04d58.tex
1	materials/前花丛2.json
1	models/9829dd7d01ca85e2a9845164ebd65534.json
1	materials/9829dd7d01ca85e2a9845164ebd65534.json
1	materials/9829dd7d01ca85e2a9845164ebd65534.tex
1	models/9829dd7d01ca85e2a9845164ebd65534_puppet.mdl
1	materials/阿罗娜 人物.json
1	models/后花丛1.json
1	materials/前花丛.json
1	materials/底部花.json
1	models/底部花.json
1	models/阿罗娜 人物.json
1	materials/底部花.tex
1	materials/光环2.json
1	models/前花丛2.json
1	materials/后花丛1.json
1	materials/后花丛1.tex
1	models/后花丛2.json
1	materials/后花丛2.json
1	materials/后花丛2.tex
1	models/光环2.json
1	materials/光环2.tex
1	materials/阿罗娜 人物.tex
1	models/前花丛.json
1	materials/前花丛.tex
1	materials/前花丛2.tex
1	materials/新建画布2.tex
1	sounds/鹿乃 - 春に落ちて.mp3
1	materials/workshop/2077598366/particle/rainrefractive_2.json
1	models/左飘发.json
1	materials/masks/waterwaves_mask_11efdcdb.tex
1	materials/左垂发组.tex
1	materials/masks/waterwaves_mask_f6110cd1.tex
1	materials/masks/opacity_mask_a078c184.tex
1	models/左大衣.json
1	models/鸟_00020.json
1	materials/鸟_00020.json
1	materials/鸟_00020.tex
1	particles/workshop/2077598366/raindrops-down.json
1	models/鼻子_puppet.mdl
1	materials/masks/waterwaves_mask_7a9eb7c8.tex
1	materials/masks/waterwaves_mask_5993710a.tex
1	materials/masks/waterwaves_mask_cc946378.tex
1	models/左垂发组2.json
1	materials/左垂发组2.json
1	materials/左垂发组2.tex
1	materials/masks/waterwaves_mask_e9589ee1.tex
1	materials/masks/waterwaves_mask_bf4f7569.tex
1	materials/masks/foliagesway_mask_1593aae4.tex
1	materials/右大衣.tex
1	materials/masks/clipping_mask_23971e7a.tex
1	models/左眼_puppet.mdl
1	materials/masks/clipping_mask_3f8ac499.tex
1	materials/花.tex
1	models/蝴蝶.json
1	materials/masks/waterwaves_mask_b6e13790.tex
1	materials/masks/waterwaves_mask_734c9255.tex
1	materials/masks/waterwaves_mask_584d00db.tex
1	models/右飘发.json
1	materials/右飘发.json
1	materials/右飘发.tex
1	materials/masks/waterwaves_mask_33b276b0.tex
1	materials/masks/waterwaves_mask_19969b84.tex
1	materials/masks/waterwaves_mask_abf27ce6.tex
1	models/左垂发组.json
1	materials/左垂发组.json
1	models/左垂发组_puppet.mdl
1	materials/masks/waterwaves_mask_24f38b30.tex
1	materials/左飘发.json
1	materials/左飘发.tex
1	models/刘海7.json
1	materials/刘海7.json
1	materials/刘海7.tex
1	materials/masks/waterwaves_mask_e8a20781.tex
1	models/刘海6.json
1	materials/刘海6.json
1	materials/刘海6.tex
1	materials/masks/waterwaves_mask_6be9b65a.tex
1	models/刘海5.json
1	materials/刘海5.json
1	materials/刘海5.tex
1	materials/masks/waterwaves_mask_6e87128e.tex
1	materials/masks/waterwaves_mask_e7f64787.tex
1	materials/masks/waterwaves_mask_32a23ebe.tex
1	materials/masks/waterwaves_mask_0f0105cd.tex
1	materials/masks/waterwaves_mask_3509470a.tex
1	models/右大衣.json
1	materials/右大衣.json
1	materials/蝴蝶.json
1	materials/蝴蝶.tex
1	materials/左大衣.json
1	materials/左大衣.tex
1	models/左大衣_puppet.mdl
1	materials/masks/foliagesway_mask_b04172aa.tex
1	models/左臂.json
1	materials/左臂.json
1	materials/左臂.tex
1	materials/masks/foliagesway_mask_8c05677f.tex
1	models/花.json
1	materials/花.json
1	sounds/日剧《我存在的时间》OST - 15.15.春花（やまだ豊）(Av17012482,P15).mp3
1	materials/Background.tex
1	models/BackgroundLights.json
1	materials/BackgroundLights.json
1	materials/BackgroundLights.tex
1	models/Moon.json
1	materials/Moon.json
1	materials/Moon.tex
1	materials/Layer3.tex
1	models/Layer4.json
1	models/Layer1.json
1	models/LightPoles.json
1	materials/Layer1.tex
1	models/Powerlines.json
1	materials/Layer3.json
1	materials/Layer5.tex
1	materials/Layer2.json
1	materials/Layer4.json
1	materials/Layer1.json
1	models/Layer2.json
1	materials/Layer2.tex
1	models/Layer3.json
1	materials/Layer4.tex
1	models/Layer5.json
1	materials/Layer5.json
1	materials/LightPoles.json
1	sounds/inside-the-old-train-66350.mp3
1	materials/LightPoles.tex
1	materials/train2.json
1	materials/Road.tex
1	models/Layer6.json
1	materials/Layer6.json
1	materials/Layer6.tex
1	models/Highway.json
1	materials/Highway.json
1	materials/Highway.tex
1	materials/Powerlines.json
1	materials/Powerlines.tex
1	models/Road.json
1	materials/Road.json
1	materials/TrainWindow.tex
1	models/train2.json
1	materials/masks/waterripple_mask_bc135c28.tex
1	models/train light2.json
1	materials/train light2.json
1	materials/TrainWindowLightingLow.tex
1	sounds/rain-window-int-01.mp3
1	sounds/wind-draft_11.mp3
1	sounds/relaxing-guitar-loop-v8-252351.mp3
1	materials/左垂发.tex
1	materials/前景1.tex
1	models/左细发1.json
1	materials/左发饰1.json
1	materials/masks/waterwaves_mask_1b2c5d08.tex
1	materials/masks/waterwaves_mask_43276ecd.tex
1	materials/右细发.tex
1	materials/左细发1.tex
1	models/主体_puppet.mdl
1	materials/masks/waterwaves_mask_ca59b773.tex
1	materials/masks/opacity_mask_5514c8d9.tex
1	materials/右细发.json
1	materials/左细发1.json
1	materials/masks/opacity_mask_a76856ab.tex
1	materials/前景4.tex
1	models/右细发.json
1	models/左垂发.json
1	materials/左垂发.json
1	models/左发饰2.json
1	materials/左发饰2.json
1	materials/左发饰2.tex
1	models/左发饰1.json
1	materials/左发饰1.tex
1	models/右发饰.json
1	materials/右发饰.json
1	materials/右发饰.tex
1	materials/前景1.json
1	models/前景3.json
1	materials/前景3.json
1	materials/前景3.tex
1	models/前景1.json
1	models/前景4.json
1	materials/前景4.json
1	sounds/【初音ミク】keeno - before light + 特典 16P - 8.8(Av6339841,P8).mp3
1	materials/masks/材质_mask_d86e683c.tex
1	models/black2.json
1	materials/B8k.json
1	materials/black2.json
1	materials/B8k.tex
1	materials/masks/Material__50_mask_fe7471cd.tex
1	materials/black2.tex
1	materials/masks/Material__50_mask_b2555642.tex
1	fonts/FZTieXHJW_Cu.TTF
1	models/solid_instance_model_03de9c8d.json
1	models/solid_instance_model_5f3e4616.json
1	models/0aun.json
1	materials/models/自制天空盒01/材质.json
1	models/solid_instance_model_fb6df235.json
1	fonts/Rajdhani Medium.otf
1	models/ta.json
1	materials/masks/Material__50_mask_5bfd18e1.tex
1	materials/st2.json
1	materials/ta.json
1	materials/st2.tex
1	materials/models/球体04/DefaultMaterial.json
1	materials/ta.tex
1	materials/0aun.json
1	materials/0dq.tex
1	models/3/3.mdl
1	models/CUbg.json
1	materials/0aun.tex
1	models/0sun.json
1	models/BB8k3.json
1	materials/0sun.json
1	materials/0sun.tex
1	materials/ll.json
1	models/1/1.mdl
1	models/0dq.json
1	materials/sa3.json
1	materials/models/1/Material__50.json
1	models/sa3.json
1	materials/sa3.tex
1	materials/models/自制天空盒00/材质.json
1	models/2/2.mdl
1	materials/models/2/Material__50.json
1	materials/models/3/Material__50.json
1	materials/BB8k3.json
1	materials/masks/DefaultMaterial_mask_8b11065b.tex
1	models/球体04/球体04.mdl
1	materials/0dq.json
1	models/solid_instance_model_d04c2e29.json
1	models/B8k.json
1	materials/BB8k3.tex
1	materials/LOAD-P.json
1	models/st2.json
1	models/自制天空盒00/自制天空盒00.mdl
1	models/自制天空盒01/自制天空盒01.mdl
1	materials/CUbg.json
1	materials/CUbg.tex
1	models/solid_instance_model_a4682815.json
1	models/solid_instance_model_8f909af6.json
1	models/sz00png.json
1	materials/sz00png.json
1	materials/sz00png.tex
1	models/ll.json
1	materials/ll.tex
1	materials/llx.tex
1	models/llx.json
1	materials/llx.json
1	models/2y.json
1	materials/2y.json
1	materials/2y.tex
1	models/3y.json
1	materials/3y.json
1	materials/3y.tex
1	models/3f.json
1	materials/3f.json
1	materials/3f.tex
1	models/OL.json
1	materials/OL.json
1	scripts/camera_paths_443.json
1	materials/OL.tex
1	models/LOAD.json
1	materials/LOAD.json
1	materials/LOAD.tex
1	models/LOAD-S.json
1	materials/LOAD-S.json
1	materials/LOAD-S.tex
1	sounds/Melodysheep - Ether.flac
1	models/LOAD-A.json
1	materials/LOAD-A.json
1	materials/LOAD-A.tex
1	models/kk.json
1	materials/kk.json
1	materials/kk.tex
1	models/LOAD-P.json
1	materials/LOAD-P.tex
1	models/星野 窗畔弦歌.json
1	materials/星野 窗畔弦歌.json
1	materials/星野 窗畔弦歌.tex
1	materials/masks/opacity_mask_38e47700.tex
1	sounds/吉俣良 - Letter From Heaven.mp3
1	materials/Background Space.json
1	materials/masks/pulse_mask_6967697d.tex
1	models/Background Space.json
1	materials/Background Space.tex
1	shaders/workshop/2853248625/effects/audio_flame_v2.frag
1	materials/workshop/2853248625/effects/audio_flame_v2.json
1	materials/Spaceman.json
1	materials/masks/cloudmotion_mask_29a27b4a.tex
1	models/Space Sun.json
1	materials/Transparent.json
1	materials/masks/pulse_mask_e5daa84b.tex
1	materials/workshop/3460366369/circle - Copie.json
1	shaders/workshop/2853248625/effects/audio_flame_v2.vert
1	materials/masks/shake_mask_413cddb9.tex
1	sounds/Electronic Visions & Hello Meteor - Dana Point.mp3
1	materials/masks/pulse_mask_f5e421cd.tex
1	models/Space Rocks.json
1	materials/Space Rocks.json
1	materials/masks/shake_mask_d58941c5.tex
1	materials/Space Rocks.tex
1	models/Spaceman.json
1	materials/Spaceman.tex
1	materials/masks/pulse_mask_abdde564.tex
1	materials/masks/shake_mask_12bd3328.tex
1	materials/Space Sun.json
1	materials/Space Sun.tex
1	effects/workshop/2853248625/audio_flame_v2/effect.json
1	models/Transparent.json
1	materials/Transparent.tex
1	materials/workshop/3460366369/circle - Copie.tex
1	models/workshop/3460366369/circle - Copie.json
1	sounds/YOUTH 83 - Sanctuary.mp3
1	sounds/Tides.mp3
1	materials/132178898_p0.json
1	materials/132178898_p0_fg.json
1	models/132178898_p0.json
1	materials/132178898_p0bg_bg.tex
1	shaders/workshop/3516081375/effects/blur_precise_gaussian.vert
1	materials/workshop/3516081375/effects/blur_precise_gaussian_x.json
1	models/132178898_p0_bg_fg.json
1	effects/workshop/3516081375/blurprecise/effect.json
1	materials/masks/waterflow_mask_05f45a41.tex
1	materials/masks/waterwaves_mask_11eb39e5.tex
1	sounds/Travis Scott - Astrothunder (LOOPED OUTRO).mp3
1	materials/132178898_p0_bg_fg.json
1	materials/132178898_p0_bg_fg.tex
1	shaders/workshop/3516081375/effects/blur_precise_gaussian.frag
1	models/132178898_p0_fg.json
1	materials/132178898_p0_fg.tex
1	materials/masks/pulse_mask_488e1755.tex
1	materials/masks/waterwaves_mask_57738e33.tex
1	materials/masks/waterwaves_mask_8b7e0e6c.tex
1	fonts/workshop/3516081375/Warpen.ttf
1	materials/workshop/3516081375/effects/blur_precise_gaussian_y.json
1	materials/masks/waterwaves_mask_91fb179d.tex
1	materials/workshop/3451729699/masks/blur_combine_mask_e8f0190b.tex
1	materials/树.json
1	models/黑.json
1	materials/黑.json
1	materials/白.json
1	materials/白.tex
1	materials/黑.tex
1	materials/特效_00037.json
1	effects/workshop/3451729699/scroll/effect.json
1	materials/workshop/3451729699/masks/tint_mask_3dacc2d1.tex
1	materials/masks/depthparallax_mask_8553cb55.tex
1	materials/衣服4.tex
1	materials/末日废墟2.tex
1	models/黑白.json
1	materials/黑白.json
1	materials/黑白.tex
1	materials/workshop/3451729699/butterflyanime.json
1	models/末日后景.json
1	materials/衣服7.json
1	materials/末日废墟1.json
1	models/衣服1.json
1	materials/masks/tint_mask_3b3e9c55.tex
1	materials/masks/waterflow_mask_9df92746.tex
1	models/白.json
1	materials/workshop/3451729699/effects/blur_gaussian_y.json
1	models/末日废墟1.json
1	materials/masks/opacity_mask_552dadde.tex
1	materials/衣服7.tex
1	models/衣服6.json
1	materials/末日废墟1.tex
1	models/末日废墟2.json
1	shaders/workshop/3451729699/effects/blur_combine.vert
1	materials/末日后景.tex
1	materials/衣服4.json
1	materials/末日废墟2.json
1	materials/末日后景.json
1	materials/workshop/3291671886/particle/ember_1.json
1	materials/衣服6.json
1	materials/workshop/3291671886/particle/RaidenRocks.tex
1	materials/workshop/3451729699/effects/tint.json
1	particles/workshop/3291671886/MyRocks1.json
1	materials/masks/foliagesway_mask_8b8ad21f.tex
1	models/树3.json
1	materials/树3.json
1	materials/树3.tex
1	materials/树.tex
1	models/树.json
1	materials/masks/tint_mask_eac22c39.tex
1	materials/masks/tint_mask_30031b4e.tex
1	materials/masks/foliagesway_mask_74efba1f.tex
1	shaders/workshop/3451729699/effects/blur_downsample4.vert
1	models/右花.json
1	materials/右花.json
1	materials/右花.tex
1	materials/树2.json
1	materials/masks/waterwaves_mask_9abc3898.tex
1	materials/masks/waterwaves_mask_fe7471cd.tex
1	models/右花2.json
1	materials/右花2.json
1	materials/右花2.tex
1	models/右花3.json
1	materials/右花3.json
1	materials/右花3.tex
1	models/workshop/3451729699/butterflyanime.json
1	materials/workshop/3451729699/butterflyanime.tex
1	effects/workshop/3451729699/blur/effect.json
1	materials/workshop/3451729699/effects/blur_downsample4.json
1	shaders/workshop/3451729699/effects/blur_downsample4.frag
1	materials/workshop/3451729699/effects/blur_gaussian_x.json
1	shaders/workshop/3451729699/effects/blur_gaussian.vert
1	shaders/workshop/3451729699/effects/blur_gaussian.frag
1	materials/workshop/3451729699/effects/blur_combine.json
1	materials/workshop/3451729699/effects/scroll.json
1	shaders/workshop/3451729699/effects/blur_combine.frag
1	materials/衣服3.tex
1	effects/workshop/3451729699/tint/effect.json
1	materials/masks/waterwaves_mask_4dc98d96.tex
1	shaders/workshop/3451729699/effects/tint.vert
1	shaders/workshop/3451729699/effects/tint.frag
1	materials/衣服3.json
1	effects/workshop/3451729699/swing/effect.json
1	materials/workshop/3451729699/effects/swing.json
1	models/衣服7.json
1	shaders/workshop/3451729699/effects/swing.vert
1	shaders/workshop/3451729699/effects/swing.frag
1	shaders/workshop/3451729699/effects/scroll.vert
1	shaders/workshop/3451729699/effects/scroll.frag
1	materials/masks/waterwaves_mask_675f3be2.tex
1	models/树2.json
1	materials/树2.tex
1	models/特效_00037.json
1	models/白厄主体.json
1	materials/希望 前景2.json
1	materials/白厄主体.json
1	materials/希望 前景2.tex
1	materials/白厄主体.tex
1	materials/masks/waterwaves_mask_04bd5d73.tex
1	materials/masks/shake_mask_7d78dfa1.tex
1	materials/衣服1.json
1	materials/衣服1.tex
1	models/衣服2.json
1	materials/衣服2.json
1	materials/衣服2.tex
1	models/衣服3.json
1	materials/masks/waterwaves_mask_cb666aa5.tex
1	materials/masks/waterwaves_mask_56ad434c.tex
1	models/衣服4.json
1	materials/masks/waterwaves_mask_51924e61.tex
1	materials/衣服6.tex
1	materials/masks/waterwaves_mask_4dee202b.tex
1	models/衣服5.json
1	materials/衣服5.json
1	materials/衣服5.tex
1	materials/masks/waterwaves_mask_80e1e268.tex
1	materials/masks/waterwaves_mask_6476d6a4.tex
1	models/希望 前景3.json
1	materials/希望 前景3.json
1	materials/希望 前景3.tex
1	materials/masks/waterwaves_mask_84471893.tex
1	models/希望 前景2.json
1	materials/masks/waterwaves_mask_4279e85d.tex
1	models/希望 前景1.json
1	materials/希望 前景1.json
1	materials/希望 前景1.tex
1	models/2特效_00037.json
1	materials/2特效_00037.json
1	materials/2特效_00037.tex
1	materials/特效_00037.tex
1	scripts/camera_paths_257.json
1	models/psc.json
1	materials/psc.json
1	materials/psc.tex
1	sounds/bgm.wav
1	models/白厄提示框.json
1	materials/白厄提示框.json
1	materials/白厄提示框.tex
1	models/34.json
1	models/11_puppet.mdl
1	models/yzz.json
1	materials/位置.json
1	materials/ty.tex
1	materials/yzz.tex
1	materials/ty.json
1	materials/yzz.json
1	materials/34.json
1	materials/34.tex
1	models/y333.json
1	materials/y333.json
1	materials/y333.tex
1	materials/masks/foliagesway_mask_d1af5209.tex
1	models/ty_puppet.mdl
1	particles/b.json
1	materials/stt.tex
1	particles/yh.json
1	particles/yh2.json
1	models/兔2.json
1	materials/兔2.json
1	materials/兔2.tex
1	models/22.json
1	materials/masks/pulse__mask_96701b40.tex
1	materials/masks/2_mask_4bdcd929.tex
1	shaders/effects/2.vert
1	materials/22.json
1	materials/22.tex
1	particles/ly22.json
1	models/22_puppet.mdl
1	models/stt.json
1	materials/stt.json
1	models/ty.json
1	materials/masks/clipping_mask_e5ab0ea3.tex
1	effects/2/effect.json
1	materials/effects/2.json
1	shaders/effects/2.frag
1	models/位置.json
1	materials/位置.tex
1	materials/masks/pulse__mask_1876a3aa.tex
1	models/rwm.json
1	materials/rwm.json
1	materials/rwm.tex
1	models/rwm_puppet.mdl
1	materials/masks/clipping_mask_262f69f9.tex
1	models/you.json
1	materials/masks/waterwaves_mask_9c0be192.tex
1	materials/masks/waterwaves_mask_f2619473.tex
1	materials/masks/waterwaves_mask_5119e8dd.tex
1	materials/masks/waterwaves_mask_ff183ca5.tex
1	models/小猫_puppet.mdl
1	materials/masks/iris_movement___mask_e5030371.tex
1	materials/底.json
1	models/底.json
1	materials/底.tex
1	models/1a-恢复的.json
1	models/图层 6 拷贝 2.json
1	materials/图层 6 拷贝 2.json
1	materials/图层 6 拷贝 2.tex
1	models/外壳.json
1	materials/外壳.json
1	materials/外壳.tex
1	models/外.json
1	materials/外.json
1	materials/外.tex
1	models/小猫.json
1	models/zuo_puppet.mdl
1	materials/小猫.json
1	materials/小猫.tex
1	materials/masks/clipping_mask_e2859da5.tex
1	materials/masks/iris_movement___mask_49c43c1b.tex
1	models/飞行物.json
1	materials/飞行物.json
1	materials/飞行物.tex
1	models/飞行物_puppet.mdl
1	models/zuo.json
1	materials/zuo.json
1	materials/zuo.tex
1	sounds/御宅訪問.mp3
1	materials/masks/opacity_mask_701c9569.tex
1	materials/you.json
1	materials/you.tex
1	models/you_puppet.mdl
1	materials/particle/yhhh.tex
1	particles/yh_copy1.json
1	materials/1a-恢复的.json
1	materials/1a-恢复的.tex
1	shaders/workshop/2079971872/effects/scroll.frag
1	materials/workshop/2079971872/2k2hd.tex
1	materials/workshop/2079971872/Earth_Diffuse_6K.json
1	scripts/camera_paths_1640.json
1	models/h.json
1	particles/长2.json
1	effects/workshop/2079971872/blend/effect.json
1	materials/h.json
1	models/workshop/2079971872/Earth_Illumination_6K.json
1	materials/particle/halo_1_1_1.json
1	shaders/workshop/2079971872/effects/transform.vert
1	materials/h.tex
1	materials/particle/shootingstarglow_1.json
1	materials/workshop/2079971872/effects/tint.json
1	materials/particle/星.tex
1	particles/十字星.json
1	shaders/workshop/2079971872/effects/transform.frag
1	materials/workshop/2079971872/effects/scroll.json
1	models/workshop/2079971872/day.json
1	models/workshop/2079971872/Earth_Clouds_6K.json
1	materials/particle/shootingstar_1.json
1	particles/短.json
1	materials/workshop/2079971872/Earth_Clouds_6K.tex
1	materials/workshop/2079971872/effects/spin.json
1	models/d.json
1	materials/d.json
1	materials/d.tex
1	materials/workshop/2079971872/Earth_Clouds_6K.json
1	materials/workshop/2079971872/atmosphere.json
1	shaders/workshop/2079971872/effects/tint.frag
1	materials/workshop/2079971872/day.json
1	materials/workshop/2079971872/effects/transform.json
1	materials/workshop/2079971872/day.tex
1	models/workshop/2079971872/night1.json
1	materials/workshop/2079971872/Earth_Illumination_6K.tex
1	materials/workshop/2079971872/night1.json
1	materials/workshop/2079971872/night1.tex
1	effects/workshop/2079971872/transform/effect.json
1	shaders/workshop/2079971872/effects/spin.vert
1	models/workshop/2079971872/planetmask.json
1	materials/workshop/2079971872/planetmask.json
1	materials/workshop/2079971872/planetmask.tex
1	models/workshop/2079971872/Earth_Diffuse_6K.json
1	effects/workshop/2079971872/scroll/effect.json
1	shaders/workshop/2079971872/effects/spin.frag
1	shaders/workshop/2079971872/effects/scroll.vert
1	effects/workshop/2079971872/spin/effect.json
1	materials/workshop/2079971872/Earth_Illumination_6K.json
1	effects/workshop/2079971872/fisheye/effect.json
1	effects/workshop/2079971872/tint/effect.json
1	shaders/workshop/2079971872/effects/tint.vert
1	materials/workshop/2079971872/effects/blend.json
1	shaders/workshop/2079971872/effects/blend.vert
1	shaders/workshop/2079971872/effects/blend.frag
1	materials/workshop/2079971872/effects/fisheye.json
1	shaders/workshop/2079971872/effects/fisheye.vert
1	shaders/workshop/2079971872/effects/fisheye.frag
1	effects/workshop/2079971872/opacity/effect.json
1	materials/workshop/2079971872/effects/opacity.json
1	shaders/workshop/2079971872/effects/opacity.vert
1	shaders/workshop/2079971872/effects/opacity.frag
1	models/workshop/2079971872/atmosphere.json
1	materials/workshop/2079971872/atmosphere.tex
1	materials/masks/waterwaves_mask_76f38612.tex
1	models/Lucy.json
1	materials/图层 44.tex
1	materials/Lucy.json
1	materials/Lucy.tex
1	models/Lucy_puppet.mdl
1	materials/masks/shake_mask_1867d603.tex
1	materials/masks/waterwaves_mask_bae21a0c.tex
1	materials/masks/waterwaves_mask_887f0f68.tex
1	materials/masks/waterwaves_mask_c0365eb5.tex
1	materials/masks/opacity_mask_edbcc9f2.tex
1	materials/masks/shine_downsample2_mask_305e6fc9.tex
1	models/吊瓶.json
1	materials/吊瓶.json
1	materials/吊瓶.tex
1	materials/masks/cloudmotion_mask_341d97c2.tex
1	models/图层 44.json
1	materials/masks/shake_mask_540dc30b.tex
1	materials/masks/waterwaves_mask_db119f7a.tex
1	materials/masks/shine_downsample2_mask_13a1ecf7.tex
1	materials/图层 44.json
1	materials/workshop/3502639183/dingwei.json
1	sounds/I Really Want to Stay at Your House (Cyberpunk Edgerunners Lofi).mp3
1	models/workshop/3502639183/dingwei.json
1	materials/workshop/3502639183/dingwei.tex
1	models/videoedit.json
1	materials/linepattern.tex
1	materials/appframe.tex
1	materials/wiiframe.tex
1	materials/disc.tex
1	shaders/workshop/3523098019/effects/Simple_Audio_Bars.frag
1	effects/workshop/3523098019/enhanced_simple_audio_bars/effect.json
1	models/linepattern.json
1	materials/bgkrita.json
1	materials/workshop/3523098019/effects/Simple_Audio_Bars.json
1	materials/steam.json
1	materials/linepattern.json
1	shaders/workshop/3523098019/effects/Simple_Audio_Bars.vert
1	materials/imgobs.json
1	models/bgblender.json
1	models/disc.json
1	materials/disc.json
1	materials/discord.json
1	materials/wiiframe.json
1	materials/appframe.json
1	models/cs2.json
1	materials/cs2.json
1	materials/placeholder.tex
1	models/geo.json
1	materials/wiicircle.json
1	models/wiicircle.json
1	particles/presets/leaves1b.json
1	materials/appframemask.tex
1	models/browser.json
1	models/appframe.json
1	models/steam.json
1	models/discord.json
1	sounds/wiihome.mp3
1	materials/browser.json
1	materials/videoedit.json
1	materials/bgblender.json
1	models/forecast.json
1	models/godot.json
1	materials/godot.json
1	models/bgkrita.json
1	models/imgobs.json
1	materials/forecast.json
1	materials/geo.json
1	models/wiiframe.json
1	fonts/DigitalDisplayRegular-ODEO.ttf
1	models/dolphin.json
1	materials/dolphin.json
1	sounds/select_short.wav
1	materials/wiicircle.tex
1	materials/presets/leaves1b.json
1	materials/beijing.tex
1	materials/beijing.json
1	materials/masks/waterwaves_mask_669b5093.tex
1	models/beijing.json
1	materials/guan.json
1	materials/houtui.json
1	models/guanzi.json
1	materials/qiansha.tex
1	materials/particle/yu.tex
1	models/shanhu.json
1	materials/shanhu.json
1	materials/guanzi.json
1	materials/shanhu.tex
1	materials/masks/caustics_mask_fe21405b.tex
1	models/houtui.json
1	materials/yizhi.json
1	models/qiansha_puppet.mdl
1	materials/houtui.tex
1	models/houtui_puppet.mdl
1	models/qiansha.json
1	materials/qiansha.json
1	materials/masks/waterwaves_mask_631fe0e3.tex
1	models/guan.json
1	materials/masks/waterwaves_mask_ef6bb766.tex
1	materials/guan.tex
1	models/yizhi.json
1	materials/yizhi.tex
1	models/yizhi_puppet.mdl
1	materials/masks/waterwaves_mask_540dc30b.tex
1	materials/guanzi.tex
1	sounds/Grand_Blue-湘南乃風-97150907-320.mp3
1	models/植物1.json
1	materials/masks/opacity_mask_01597e2a.tex
1	models/芙莉莲  改_00000.json
1	materials/masks/waterwaves_mask_fc2d9a70.tex
1	models/植物13_puppet.mdl
1	models/鱼00000.json
1	materials/芙莉莲  改_00000.json
1	materials/masks/opacity_mask_2a93a606.tex
1	materials/鱼00000.json
1	materials/鱼00000.tex
1	materials/masks/opacity_mask_64bb4faf.tex
1	materials/植物11.json
1	materials/masks/waterflow_mask_e9dd35dd.tex
1	models/圆环.json
1	materials/workshop/2790231929/effects/waterripplenormal.tex
1	materials/圆环.json
1	materials/圆环.tex
1	effects/workshop/2790231929/waterripple/effect.json
1	materials/masks/opacity_mask_117bc08b.tex
1	materials/植物12.tex
1	materials/masks/shake_mask_5c1df7a3.tex
1	materials/workshop/2790231929/WC test.json
1	materials/masks/shake_mask_fb026659.tex
1	materials/masks/waterflow_mask_ec4279c8.tex
1	models/白色鱼.json
1	materials/workshop/2790231929/gffgjgjg.tex
1	effects/workshop/2790231929/foliagesway/effect.json
1	materials/白色鱼.json
1	materials/白色鱼.tex
1	models/workshop/2790231929/WC test.json
1	sounds/Evan Call - The End of One Journey.mp3
1	materials/workshop/2790231929/WC test.tex
1	materials/workshop/2790231929/effects/foliagesway.json
1	shaders/workshop/2790231929/effects/foliagesway.vert
1	materials/masks/shake_mask_3b24ed24.tex
1	shaders/workshop/2790231929/effects/foliagesway.frag
1	materials/workshop/2790231929/effects/waterripple.json
1	shaders/workshop/2790231929/effects/waterripple.vert
1	shaders/workshop/2790231929/effects/waterripple.frag
1	materials/masks/waterwaves_mask_ad2741b3.tex
1	materials/植物1.json
1	materials/植物1.tex
1	materials/masks/clipping_mask_2766f6e9.tex
1	models/植物12.json
1	materials/masks/shake_mask_edcaf66b.tex
1	materials/植物6.json
1	models/植物2.json
1	materials/植物2.json
1	materials/植物2.tex
1	materials/masks/shake_mask_18532439.tex
1	materials/masks/shake_mask_a9652896.tex
1	materials/masks/waterripple_mask_1f9d7d37.tex
1	models/植物3.json
1	materials/植物3.json
1	materials/植物3.tex
1	materials/masks/shake_mask_b726819c.tex
1	materials/masks/shake_mask_c0c57a6e.tex
1	models/植物4.json
1	materials/植物4.json
1	materials/植物4.tex
1	models/植物4_puppet.mdl
1	materials/masks/shake_mask_2bdd0d30.tex
1	models/植物5.json
1	materials/植物5.json
1	materials/植物5.tex
1	materials/masks/shake_mask_a4c6c30a.tex
1	models/植物13.json
1	materials/植物13.json
1	materials/植物13.tex
1	materials/植物8.json
1	materials/masks/foliagesway_mask_1e5b0b95.tex
1	materials/masks/shake_mask_1df1d8fe.tex
1	models/植物6.json
1	materials/植物6.tex
1	materials/植物11.tex
1	materials/masks/shake_mask_24c075ed.tex
1	materials/masks/shake_mask_f6d55f9f.tex
1	materials/masks/waterripple_mask_46a0f318.tex
1	models/水_00000.json
1	materials/masks/shake_mask_b66608d1.tex
1	models/植物10.json
1	materials/masks/waterripple_mask_ff6485ac.tex
1	materials/masks/waterwaves_mask_4b2d0167.tex
1	materials/水_00000.tex
1	models/植物7.json
1	materials/植物10.tex
1	materials/masks/iris_mask_d742c6b0.tex
1	materials/masks/iris_mask_7262a7bc.tex
1	materials/masks/waterripple_mask_f9f43c36.tex
1	materials/masks/waterripple_mask_7b7d27ed.tex
1	materials/masks/waterwaves_mask_3952dd07.tex
1	scripts/camera_paths_2064.json
1	materials/masks/cursorripple_simulate_force_mask_4dede634.tex
1	materials/masks/waterripple_mask_d2de7137.tex
1	materials/植物7.json
1	materials/植物7.tex
1	models/植物8.json
1	materials/植物8.tex
1	materials/masks/shake_mask_3a4f7b8c.tex
1	models/植物9.json
1	materials/植物9.json
1	materials/植物9.tex
1	materials/masks/shake_mask_19bb0a48.tex
1	materials/masks/shake_mask_1f9081fc.tex
1	materials/植物10.json
1	materials/masks/shake_mask_33cdb030.tex
1	models/植物11.json
1	materials/masks/shake_mask_1a1050e3.tex
1	materials/植物12.json
1	materials/masks/foliagesway_mask_210071d4.tex
1	materials/masks/shake_mask_9a7a9e2c.tex
1	materials/水_00000.json
1	materials/particle/花瓣.tex
1	sounds/bliss.MP3
1	materials/masks/foliagesway_mask_1686899f.tex
1	models/芙莉莲.json
1	materials/芙莉莲.json
1	materials/芙莉莲.tex
1	models/fish 2.json
1	models/CLEARED.json
1	materials/fish 2.json
1	materials/CLEARED.json
1	materials/masks/waterripple_mask_e548b762.tex
1	materials/fish 2.tex
1	materials/CLEARED.tex
1	models/FISH 5.json
1	materials/FISH 5.json
1	materials/masks/shake_mask_cccba5a5.tex
1	materials/FISH 5.tex
1	materials/masks/waterwaves_mask_e6b35001.tex
1	models/girl high res eyes 2 LOW RES.json
1	materials/fish 7.tex
1	models/toppng.com-spirited-away-logo-spirited-away-logo-781x166.json
1	materials/girl high res eyes 1 LOW RES.json
1	models/fish 7.json
1	materials/fish 7.json
1	models/fish 1.json
1	materials/fish 1.json
1	materials/masks/shake_mask_c4be4b82.tex
1	materials/fish 1.tex
1	models/fish 3.json
1	sounds/aMess - Your cozy home.mp3
1	materials/fish 3.json
1	materials/fish 3.tex
1	materials/girl high res eyes 1 LOW RES.tex
1	models/fish 6 circle.json
1	materials/fish 6 circle.json
1	materials/fish 6 circle.tex
1	models/girl high res eyes 3 LOW RES.json
1	models/girl high res eyes 1 LOW RES.json
1	materials/girl high res eyes 2 LOW RES.json
1	materials/masks/shake_mask_03388cad.tex
1	materials/masks/shake_mask_1ad6a2bc.tex
1	materials/girl high res eyes 2 LOW RES.tex
1	materials/girl high res eyes 3 LOW RES.json
1	materials/girl high res eyes 3 LOW RES.tex
1	materials/toppng.com-spirited-away-logo-spirited-away-logo-781x166.json
1	materials/toppng.com-spirited-away-logo-spirited-away-logo-781x166.tex
1	materials/particle/bird gif.tex
1	models/cloud mirrored FIX 1.json
1	materials/cloud mirrored FIX 1.json
1	materials/cloud mirrored FIX 1.tex
1	sounds/name of life spirited away.mp3
1	sounds/casiio Reservoirs.mp3
1	sounds/fourwalls · nightlight Skin.mp3
1	sounds/Krynose x Devon Rea - Ripples.mp3
1	sounds/Mix - Blue Wednesday - Driftwood ft Middle School x Tender Spring_Blue Wednesday - Driftwood ft Middle School x Tender Spring.mp3
1	sounds/Mix - Feelings_Feelings.mp3
1	sounds/Mix - Liquid Spots_Liquid Spots.mp3
1	sounds/Sleep cycles EP_time for bed.mp3
1	sounds/Tibeauthetraveler & reysi Bright Lights.mp3
1	materials/19腰带.tex
1	models/19腰带.json
1	materials/masks/waterwaves_mask_ade514e7.tex
1	materials/masks/waterripple_mask_c510af15.tex
1	materials/21左长发.tex
1	materials/03右发.tex
1	materials/09结2.json
1	materials/21左长发.json
1	materials/18腰蝴蝶.tex
1	materials/masks/waterwaves_mask_9cce8d66.tex
1	materials/20右长发.tex
1	models/21左长发.json
1	materials/19腰带.json
1	materials/masks/waterwaves_mask_e5de6065.tex
1	materials/masks/waterwaves_mask_d981e6e2.tex
1	models/20右长发.json
1	materials/20右长发.json
1	models/18腰蝴蝶.json
1	materials/masks/waterwaves_mask_5982a694.tex
1	materials/18腰蝴蝶.json
1	models/17头顶发.json
1	materials/17头顶发.json
1	materials/17头顶发.tex
1	materials/masks/waterwaves_mask_f1021ca0.tex
1	materials/masks/waterwaves_mask_b96dca1a.tex
1	models/15飘带左.json
1	models/16飘带右.json
1	materials/16飘带右.json
1	materials/16飘带右.tex
1	materials/06脸.json
1	materials/masks/waterwaves_mask_9bc7988f.tex
1	materials/15飘带左.json
1	materials/15飘带左.tex
1	materials/masks/waterwaves_mask_dcebf4f9.tex
1	models/14下身.json
1	materials/14下身.json
1	materials/14下身.tex
1	materials/masks/waterwaves_mask_c629796b.tex
1	models/13上身.json
1	materials/13上身.json
1	materials/13上身.tex
1	materials/masks/waterwaves_mask_b3a10f80.tex
1	models/03右发.json
1	materials/masks/waterwaves_mask_3d8e2485.tex
1	models/12左袖.json
1	materials/12左袖.json
1	materials/12左袖.tex
1	materials/masks/waterwaves_mask_9a227d53.tex
1	models/11伞.json
1	materials/11伞.json
1	materials/11伞.tex
1	models/11伞_puppet.mdl
1	models/10蝴蝶结.json
1	materials/10蝴蝶结.json
1	materials/10蝴蝶结.tex
1	materials/masks/waterwaves_mask_41686a7b.tex
1	materials/masks/waterwaves_mask_e7797990.tex
1	models/09结2.json
1	materials/09结2.tex
1	materials/masks/waterwaves_mask_b43c95ff.tex
1	models/08结1.json
1	materials/08结1.json
1	materials/08结1.tex
1	materials/masks/waterwaves_mask_904d68b0.tex
1	models/07左后发.json
1	materials/07左后发.json
1	materials/07左后发.tex
1	materials/masks/waterwaves_mask_1dfd960e.tex
1	models/06脸.json
1	materials/06脸.tex
1	models/05眼.json
1	materials/05眼.json
1	materials/05眼.tex
1	models/05眼_puppet.mdl
1	materials/masks/shake_mask_6df74969.tex
1	materials/02左发.json
1	materials/masks/shake_mask_ae1adca4.tex
1	models/04头盖.json
1	materials/04头盖.json
1	materials/04头盖.tex
1	materials/02左发.tex
1	materials/masks/waterwaves_mask_222bf789.tex
1	materials/03右发.json
1	materials/masks/waterwaves_mask_b2ad7a95.tex
1	models/02左发.json
1	materials/masks/waterwaves_mask_5c05f9c6.tex
1	models/01刘海.json
1	materials/01刘海.json
1	materials/01刘海.tex
1	materials/masks/waterwaves_mask_c3d2c08b.tex
1	sounds/万古; Xy - 我看过花开又花落.mp3
1	materials/houseback.json
1	models/houseback.json
1	materials/houseback.tex
1	shaders/workshop/3544136971/effects/swing.frag
1	shaders/workshop/3527452011/effects/coc.vert
1	materials/houseback_depth.tex
1	models/workshop/3200298808/iconfinder_skip-back_2561277.json
1	effects/workshop/3200298808/gradient_color/effect.json
1	shaders/workshop/3200298808/effects/blur_radial_gaussian.frag
1	materials/workshop/3228477186/particle/halo_1_1.json
1	effects/workshop/3200298808/tint/effect.json
1	materials/workshop/3200298808/Comp 1_00000.json
1	particles/workshop/3228477186/shootingstar_blue-2.json
1	effects/workshop/3527452011/filmgrain/effect.json
1	effects/workshop/3544136971/blur/effect.json
1	materials/workshop/3228477186/particle/shootingstar_1_1.json
1	particles/workshop/3228477186/star_shine-2.json
1	materials/workshop/3200298808/effects/edgedetection.json
1	shaders/workshop/3544136971/effects/blur_combine.vert
1	shaders/workshop/3200298808/effects/Simple_Audio_Bars.frag
1	materials/workshop/3200298808/placeholder.tex
1	shaders/workshop/3200298808/effects/tint.vert
1	effects/workshop/3200298808/opacity/effect.json
1	materials/workshop/2562725207/particle/halo_1_2.json
1	models/workshop/3544136971/butterfly.many1.json
1	materials/workshop/3544136971/butterfly.many1.json
1	materials/workshop/3544136971/butterfly.many1.tex
1	materials/workshop/3544136971/effects/blur_downsample4.json
1	shaders/workshop/3200298808/effects/colorkey.frag
1	shaders/workshop/3544136971/effects/blur_downsample4.vert
1	shaders/workshop/3544136971/effects/blur_downsample4.frag
1	materials/workshop/3200298808/effects/scroll.json
1	materials/workshop/3544136971/effects/blur_gaussian_x.json
1	shaders/workshop/3527452011/effects/gaussian.frag
1	materials/masks/waterwaves_mask_cc201b4f.tex
1	materials/workshop/3544136971/masks/blur_combine_mask_55ff05b6.tex
1	shaders/workshop/3544136971/effects/blur_gaussian.vert
1	materials/workshop/3544136971/effects/blur_combine.json
1	shaders/workshop/3544136971/effects/blur_gaussian.frag
1	materials/workshop/3544136971/effects/blur_gaussian_y.json
1	shaders/workshop/3200298808/effects/blur_radial_gaussian.vert
1	shaders/workshop/3544136971/effects/blur_combine.frag
1	effects/workshop/3544136971/swing/effect.json
1	materials/workshop/3544136971/effects/swing.json
1	shaders/workshop/3544136971/effects/swing.vert
1	effects/workshop/3544136971/scroll/effect.json
1	materials/workshop/3544136971/effects/scroll.json
1	shaders/workshop/3544136971/effects/scroll.vert
1	shaders/workshop/3544136971/effects/scroll.frag
1	materials/workshop/3527452011/effects/gaussian_precise_x.json
1	particles/workshop/2562725207/Star_Reactive.json
1	materials/housebasic.json
1	materials/workshop/3200298808/effects/blur_combine.json
1	materials/masks/waterwaves_mask_2f7385e5.tex
1	materials/masks/procedural_noise_mask_53f43676.tex
1	shaders/workshop/3200298808/effects/blur_precise_gaussian.vert
1	models/housebasic.json
1	materials/workshop/3200298808/volume_max_speaker_sound_audio_icon_149179.json
1	materials/housebasic.tex
1	materials/masks/shake_mask_71d064be.tex
1	models/housevorhang.json
1	shaders/workshop/3200298808/effects/gradient_color.vert
1	materials/housevorhang.json
1	materials/housevorhang.tex
1	materials/masks/waterwaves_mask_56c01df6.tex
1	models/girl_puppet.mdl
1	models/hosuevorhang2.json
1	materials/hosuevorhang2.json
1	materials/hosuevorhang2.tex
1	shaders/workshop/3200298808/effects/fisheye.vert
1	materials/masks/waterwaves_mask_86142b4a.tex
1	materials/presets/vapor1.json
1	shaders/workshop/3200298808/effects/blur_downsample4.vert
1	particles/presets/vapor1.json
1	materials/presets/vapor1b.json
1	particles/presets/vapor1_child.json
1	materials/workshop/3200298808/masks/opacity_mask_6da039dd6f1016329b8f560422de28671ad5e1f8.tex
1	models/workshop/3200298808/Comp 1_00000.json
1	shaders/workshop/3527452011/effects/coc.frag
1	materials/workshop/3200298808/Comp 1_00000.tex
1	models/workshop/3200298808/placeholder.json
1	materials/workshop/3200298808/placeholder.json
1	effects/workshop/3200298808/blendgradient/effect.json
1	materials/workshop/3200298808/effects/blendgradient.json
1	shaders/workshop/3200298808/effects/blendgradient.vert
1	shaders/workshop/3200298808/effects/blendgradient.frag
1	materials/workshop/3200298808/effects/opacity.json
1	shaders/workshop/3200298808/effects/opacity.vert
1	materials/workshop/3200298808/effects/blur_precise_gaussian_y.json
1	shaders/workshop/3200298808/effects/opacity.frag
1	materials/workshop/3200298808/masks/opacity_mask_04a251dd.tex
1	effects/workshop/3200298808/blurprecise/effect.json
1	materials/workshop/3200298808/masks/opacity_mask_a27d757b.tex
1	materials/workshop/3200298808/effects/blur_precise_gaussian_x.json
1	shaders/workshop/3200298808/effects/blur_precise_gaussian.frag
1	shaders/workshop/3527452011/effects/downsample.vert
1	models/workshop/3200298808/Sans_titre__2_-removebg-preview.json
1	effects/workshop/3200298808/blurradial/effect.json
1	materials/workshop/3200298808/effects/blur_radial_gaussian.json
1	materials/workshop/3200298808/effects/tint.json
1	shaders/workshop/3200298808/effects/tint.frag
1	effects/workshop/3200298808/blur/effect.json
1	materials/workshop/3200298808/loop.tex
1	materials/workshop/3200298808/effects/blur_downsample4.json
1	shaders/workshop/3200298808/effects/blur_downsample4.frag
1	materials/workshop/3200298808/effects/blur_gaussian_x.json
1	shaders/workshop/3200298808/effects/blur_gaussian.vert
1	shaders/workshop/3200298808/effects/blur_gaussian.frag
1	materials/workshop/3200298808/effects/blur_gaussian_y.json
1	shaders/workshop/3200298808/effects/blur_combine.vert
1	shaders/workshop/3200298808/effects/blur_combine.frag
1	materials/workshop/3200298808/masks/opacity_mask_b46090becade15742727de64041260c1ab4bade4.tex
1	materials/workshop/3200298808/cornered.tex
1	effects/workshop/3200298808/fisheye/effect.json
1	materials/workshop/3200298808/effects/fisheye.json
1	shaders/workshop/3200298808/effects/fisheye.frag
1	models/workshop/3200298808/volume_max_speaker_sound_audio_icon_149179.json
1	shaders/workshop/3200298808/effects/edgedetection.frag
1	materials/workshop/3200298808/volume_max_speaker_sound_audio_icon_149179.tex
1	models/workshop/3200298808/cropped.json
1	materials/workshop/3200298808/cropped.json
1	materials/workshop/3200298808/cropped.tex
1	effects/workshop/3200298808/colorkey/effect.json
1	materials/workshop/3200298808/effects/colorkey.json
1	shaders/workshop/3200298808/effects/colorkey.vert
1	materials/workshop/3200298808/iconfinder_skip-back_2561277.json
1	materials/workshop/3200298808/masks/blend_mask_6d9ea1cb.tex
1	materials/workshop/3200298808/iconfinder_skip-back_2561277.tex
1	models/workshop/3200298808/loop.json
1	materials/workshop/3200298808/loop.json
1	effects/workshop/3200298808/edgedetection/effect.json
1	shaders/workshop/3200298808/effects/edgedetection.vert
1	materials/workshop/3200298808/effects/gradient_color.json
1	shaders/workshop/3200298808/effects/gradient_color.frag
1	effects/workshop/3200298808/Simple_Audio_Bars/effect.json
1	materials/workshop/3200298808/Sans_titre__2_-removebg-preview.json
1	materials/workshop/3200298808/Sans_titre__2_-removebg-preview.tex
1	fonts/workshop/3200298808/nasalization-rg.otf
1	effects/workshop/3200298808/blend/effect.json
1	materials/workshop/3200298808/effects/blend.json
1	shaders/workshop/3200298808/effects/blend.vert
1	shaders/workshop/3200298808/effects/blend.frag
1	materials/workshop/3200298808/effects/Simple_Audio_Bars.json
1	shaders/workshop/3200298808/effects/Simple_Audio_Bars.vert
1	effects/workshop/3200298808/scroll/effect.json
1	shaders/workshop/3200298808/effects/scroll.vert
1	shaders/workshop/3200298808/effects/scroll.frag
1	materials/workshop/3527452011/effects/filmgrain.json
1	shaders/workshop/3527452011/effects/bokeh.vert
1	shaders/workshop/3527452011/effects/filmgrain.vert
1	shaders/workshop/3527452011/effects/bokeh.frag
1	shaders/workshop/3527452011/effects/filmgrain.frag
1	effects/workshop/3527452011/bokeh_blur/effect.json
1	materials/workshop/3527452011/effects/downsample.json
1	shaders/workshop/3527452011/effects/downsample.frag
1	materials/workshop/3527452011/effects/coc.json
1	shaders/workshop/3527452011/effects/gaussian.vert
1	materials/workshop/3527452011/effects/gaussian_precise_y.json
1	materials/workshop/3527452011/effects/bokeh.json
1	materials/workshop/3527452011/effects/gaussian_x.json
1	materials/workshop/3527452011/effects/gaussian_y.json
1	materials/masks/waterripple_mask_1a812728.tex
1	materials/masks/waterflow_mask_832c0fd2.tex
1	materials/masks/foliagesway_mask_2b5a699d.tex
1	materials/workshop/2894041887/particle/shootingstar_1.json
1	models/ut1.json
1	materials/ut1.json
1	materials/ut1.tex
1	materials/masks/waterflow_mask_127cdbd1.tex
1	materials/masks/waterripple_mask_e4ad39ca.tex
1	materials/masks/cursorripple_simulate_force_mask_df499111.tex
1	materials/ut2.json
1	particles/workshop/2894041887/Shooting_Star.json
1	materials/masks/pulse_mask_03c620a1.tex
1	materials/workshop/2894041887/presets/shootingstarglow.json
1	particles/workshop/2894041887/presets/shootingstarglow.json
1	models/ut2.json
1	materials/ut2.tex
1	materials/masks/foliagesway_mask_2debe9d9.tex
1	materials/masks/foliagesway_mask_b40a129c.tex
1	materials/masks/foliagesway_mask_edf93c3f.tex
1	materials/masks/waterripple_mask_e6beffa1.tex
1	materials/masks/waterflow_mask_62a0312a.tex
1	sounds/SpotiDownloader.com - Passing Ships - Yestalgia.mp3
1	materials/wallhaven-9omr8kbg_bg.tex
1	materials/wallhaven-9omr8k.json
1	materials/masks/foliagesway_mask_2c0869c0.tex
1	models/wallhaven-9omr8k.json
1	materials/wallhaven-9omr8k_fg.tex
1	materials/wallhaven-9omr8k_bg_fg.tex
1	materials/masks/waterflow_mask_ad377280.tex
1	models/wallhaven-9omr8k_bg_fg.json
1	materials/masks/cloudmotion_mask_46193a36.tex
1	materials/masks/waterwaves_mask_1fc73bf2.tex
1	effects/workshop/3550561961/enhanced_simple_audio_bars/effect.json
1	sounds/sunshine - (prod. adturnup x antibeatz).mp3
1	models/wallhaven-9omr8k_fg.json
1	materials/wallhaven-9omr8k_bg_fg.json
1	materials/wallhaven-9omr8k_fg.json
1	materials/masks/waterwaves_mask_1b832d93.tex
1	materials/workshop/3550561961/effects/Simple_Audio_Bars.json
1	shaders/workshop/3550561961/effects/Simple_Audio_Bars.vert
1	shaders/workshop/3550561961/effects/Simple_Audio_Bars.frag
1	fonts/workshop/3550561961/Warpen.ttf
1	effects/workshop/3550561961/blurprecise/effect.json
1	materials/workshop/3550561961/effects/blur_precise_gaussian_x.json
1	shaders/workshop/3550561961/effects/blur_precise_gaussian.vert
1	shaders/workshop/3550561961/effects/blur_precise_gaussian.frag
1	materials/workshop/3550561961/effects/blur_precise_gaussian_y.json
1	effects/workshop/2844906964/test_shader/effect.json
1	models/C1 拷 21_puppet.mdl
1	models/图层11 1_puppet.mdl
1	scripts/camera_paths_354.json
1	models/SHU.json
1	materials/SHU.json
1	materials/SHU.tex
1	materials/pifeng1.json
1	materials/workshop/2844906964/effects/test_shader.json
1	materials/masks/nitro_mask_8667ec84.tex
1	materials/C1 拷 21.tex
1	materials/masks/waterflow_mask_16dfe709.tex
1	materials/masks/waterflow_mask_b5db060c.tex
1	models/toufaa_puppet.mdl
1	models/2026-05-16 16-00-25.00_00_50_06.Still001 拷贝.json
1	materials/2026-05-16 16-00-25.00_00_50_06.Still001 拷贝.json
1	materials/masks/caustics_mask_1ef22fe4.tex
1	materials/2026-05-16 16-00-25.00_00_50_06.Still001 拷贝.tex
1	materials/masks/opacity_mask_2741c39f.tex
1	materials/masks/godrays_downsample2_mask_5db56785.tex
1	materials/masks/shake_mask_1dd2946c.tex
1	shaders/workshop/2844906964/effects/test_shader.vert
1	materials/masks/waterflow_mask_8c629698.tex
1	materials/masks/shake_mask_67cf0723.tex
1	shaders/workshop/2844906964/effects/test_shader.frag
1	materials/benti.tex
1	models/图层11 1.json
1	models/C1 拷 21.json
1	materials/C1 拷 21.json
1	materials/masks/swing_mask_e515ff54.tex
1	materials/masks/nitro_mask_1e6a936d.tex
1	materials/masks/waterwaves_mask_b48a3461.tex
1	materials/masks/waterwaves_mask_43d918d8.tex
1	materials/masks/godrays_downsample2_mask_e0482119.tex
1	materials/masks/waterflow_mask_27cfa7aa.tex
1	materials/masks/nitro_mask_a0a107a9.tex
1	models/C1 拷 23.json
1	models/JIAN12.json
1	materials/C1 拷 23.json
1	materials/C1 拷 23.tex
1	models/C1 拷 23_puppet.mdl
1	materials/masks/waterflow_mask_d3f6473c.tex
1	materials/masks/godrays_downsample2_mask_d00e8e5d.tex
1	materials/图层11 1.json
1	materials/图层11 1.tex
1	models/toufaa.json
1	materials/masks/swing_mask_18e28139.tex
1	materials/toufaa.json
1	materials/toufaa.tex
1	materials/masks/waterflow_mask_18894351.tex
1	materials/JIAN12.tex
1	materials/masks/waterwaves_mask_dd0467be.tex
1	materials/masks/waterflow_mask_9c49900b.tex
1	models/toufaa11.json
1	materials/masks/waterwaves_mask_1bdaca79.tex
1	materials/toufaa11.json
1	materials/toufaa11.tex
1	models/toufaa11_puppet.mdl
1	models/pifeng1.json
1	materials/pifeng1.tex
1	models/pifeng1_puppet.mdl
1	materials/masks/waterwaves_mask_4fc7e090.tex
1	materials/masks/shake_mask_73466dc4.tex
1	materials/JIAN12.json
1	models/JIAN12_puppet.mdl
1	materials/masks/pulse_mask_2025461b.tex
1	models/benti.json
1	materials/benti.json
1	materials/masks/waterwaves_mask_8cc7e65d.tex
1	materials/masks/waterwaves_mask_92a3a7f4.tex
1	materials/masks/waterwaves_mask_0cc77e7e.tex
1	materials/qianpifeng.tex
1	materials/masks/waterwaves_mask_ee725be6.tex
1	models/benti11.json
1	materials/benti11.json
1	materials/benti11.tex
1	models/图层 111 拷贝.json
1	materials/masks/shimmer_mask_b7cac974.tex
1	materials/图层 111 拷贝.json
1	materials/图层 111 拷贝.tex
1	models/QIANDAI.json
1	materials/QIANDAI.json
1	materials/QIANDAI.tex
1	materials/masks/waterwaves_mask_b18d64d9.tex
1	models/qianpifeng.json
1	materials/qianpifeng.json
1	models/ping1112.json
1	materials/ping1112.json
1	materials/ping1112.tex
1	fonts/workshop/3541902138/ZiKuJiangHuGuFengTi-2.ttf
1	materials/masks/waterwaves_mask_7faef549.tex
1	materials/masks/waterwaves_mask_ce1daaa2.tex
1	sounds/不凡 (凡人修仙传 结婴曲 高清音源 回顾版MV)  王铮亮 唱  韩立 慕沛灵 宋玉 主演.mp3
1	materials/masks/waterflow_mask_e587bea6.tex
1	materials/钢琴.tex
1	materials/花朵 拷贝.json
1	materials/masks/waterflow_mask_ad6d8b4d.tex
1	materials/masks/waterwaves_mask_2c1ec0ea.tex
1	materials/particle/3.tex
1	particles/huya.json
1	materials/花朵 拷贝.tex
1	models/花朵.json
1	models/裙子底.json
1	materials/裙子底.json
1	materials/裙子底.tex
1	materials/masks/waterwaves_mask_aaca2087.tex
1	materials/masks/shake_mask_007c0871.tex
1	materials/masks/waterwaves_mask_3789a9fd.tex
1	models/钢琴.json
1	materials/钢琴.json
1	materials/masks/waterwaves_mask_a6e1b50f.tex
1	materials/masks/waterwaves_mask_d03b2d97.tex
1	materials/masks/shake_mask_8e90c525.tex
1	materials/masks/waterwaves_mask_d4f2e6b3.tex
1	materials/花朵.json
1	materials/花朵.tex
1	materials/masks/waterwaves_mask_7c34534a.tex
1	materials/masks/waterwaves_mask_f026fd5b.tex
1	materials/masks/waterwaves_mask_62e7ff03.tex
1	models/花朵 拷贝.json
1	materials/masks/waterwaves_mask_fb76837f.tex
1	materials/masks/waterwaves_mask_d53e7dcd.tex
1	materials/masks/waterwaves_mask_6602acf3.tex
1	materials/masks/pulse__mask_c49d0b71.tex
1	materials/masks/pulse__mask_9913c181.tex
1	materials/masks/pulse_mask_0d778f68.tex
1	materials/masks/opacity_mask_b2589f0f.tex
1	particles/new_particle_system3.json
1	particles/x2.json
1	particles/new_part3.json
1	materials/particle/fireflies_1.json
1	particles/new_particle33.json
1	scripts/camera_paths_3727.json
1	sounds/Desktop_2025_(mp3cut.net).mp3
1	materials/masks/waterwaves_mask_4afd580a.tex
1	materials/34背景.tex
1	models/34背景.json
1	materials/30左叶2.tex
1	materials/34背景.json
1	models/26左藤叶.json
1	materials/masks/waterwaves_mask_bf82bfbc.tex
1	materials/33左叶5.tex
1	materials/01中藤.tex
1	materials/31左叶3.tex
1	materials/18后发.json
1	materials/28左叶1.json
1	models/22右叶4.json
1	materials/07前景藤叶.json
1	models/33左叶5.json
1	models/25左叶.json
1	models/32左叶4.json
1	materials/33左叶5.json
1	materials/27左花.json
1	models/12左刘海.json
1	models/30左叶2.json
1	materials/masks/waterwaves_mask_5b495c85.tex
1	materials/32左叶4.json
1	materials/32左叶4.tex
1	materials/masks/waterwaves_mask_cc7e56e0.tex
1	models/27左花.json
1	materials/masks/waterwaves_mask_47e5d3a3.tex
1	materials/masks/waterwaves_mask_6c09a52f.tex
1	materials/18后发.tex
1	materials/28左叶1.tex
1	models/31左叶3.json
1	models/14耳遮挡.json
1	materials/31左叶3.json
1	materials/masks/waterwaves_mask_0f09afac.tex
1	materials/masks/waterwaves_mask_fa58f4b2.tex
1	materials/30左叶2.json
1	materials/masks/waterwaves_mask_c1f7503f.tex
1	materials/25左叶.json
1	models/29左花2.json
1	materials/29左花2.json
1	materials/21右叶3.json
1	materials/17左发.json
1	materials/29左花2.tex
1	materials/masks/waterwaves_mask_1d1b4ba2.tex
1	models/28左叶1.json
1	materials/27左花.tex
1	materials/masks/waterwaves_mask_3d9fdcf3.tex
1	materials/26左藤叶.json
1	materials/26左藤叶.tex
1	materials/masks/waterwaves_mask_553dd8c7.tex
1	materials/masks/shake_mask_11e64387.tex
1	materials/25左叶.tex
1	materials/masks/waterwaves_mask_9f57d656.tex
1	materials/masks/waterwaves_mask_8b681e1c.tex
1	materials/masks/waterwaves_mask_7eb1c505.tex
1	models/24右叶6.json
1	materials/24右叶6.json
1	materials/24右叶6.tex
1	materials/masks/waterwaves_mask_6289102e.tex
1	models/23右叶5.json
1	materials/23右叶5.json
1	materials/23右叶5.tex
1	materials/masks/waterwaves_mask_f5fb4947.tex
1	materials/22右叶4.json
1	materials/22右叶4.tex
1	materials/masks/waterwaves_mask_42a9fd85.tex
1	models/21右叶3.json
1	models/16主体.json
1	materials/21右叶3.tex
1	materials/masks/waterwaves_mask_316fbc25.tex
1	particles/workshop/3355704177/new_particle_system.json
1	models/20右叶2.json
1	materials/20右叶2.json
1	materials/masks/waterwaves_mask_e739bb00.tex
1	materials/20右叶2.tex
1	materials/masks/waterwaves_mask_9d75751a.tex
1	models/19右叶1.json
1	materials/19右叶1.json
1	materials/19右叶1.tex
1	materials/workshop/3355704177/particle/halo_1.json
1	models/18后发.json
1	materials/16主体.tex
1	materials/masks/waterwaves_mask_d88b0c0d.tex
1	models/10右刘海.json
1	models/17左发.json
1	materials/17左发.tex
1	materials/masks/waterwaves_mask_a1e681dc.tex
1	materials/16主体.json
1	materials/masks/shake_mask_e419df9d.tex
1	models/15发.json
1	materials/15发.json
1	materials/masks/waterwaves_mask_5dd6b3db.tex
1	materials/15发.tex
1	materials/masks/waterwaves_mask_51789b7c.tex
1	materials/masks/waterwaves_mask_af17911e.tex
1	materials/14耳遮挡.json
1	materials/14耳遮挡.tex
1	models/11鼻遮挡.json
1	models/13眼组.json
1	models/07前景藤叶.json
1	materials/13眼组.json
1	materials/13眼组.tex
1	materials/10右刘海.json
1	models/13眼组_puppet.mdl
1	models/01中藤.json
1	materials/masks/clipping_mask_e5b07ba8.tex
1	materials/12左刘海.json
1	materials/12左刘海.tex
1	materials/11鼻遮挡.json
1	materials/11鼻遮挡.tex
1	materials/10右刘海.tex
1	materials/masks/waterwaves_mask_556d2dee.tex
1	materials/masks/waterwaves_mask_bfbf03a8.tex
1	models/09中刘海.json
1	materials/09中刘海.json
1	materials/09中刘海.tex
1	models/04右叶.json
1	materials/masks/waterwaves_mask_ea40e877.tex
1	models/08后景藤叶花.json
1	materials/08后景藤叶花.json
1	materials/08后景藤叶花.tex
1	materials/masks/waterwaves_mask_5cbddc51.tex
1	materials/masks/shake_mask_8ef93f7e.tex
1	materials/07前景藤叶.tex
1	materials/masks/waterwaves_mask_14fc5772.tex
1	materials/masks/shake_mask_990284e9.tex
1	models/06右藤.json
1	materials/06右藤.json
1	materials/06右藤.tex
1	models/05右叶.json
1	materials/05右叶.json
1	materials/05右叶.tex
1	materials/04右叶.json
1	materials/04右叶.tex
1	materials/masks/waterwaves_mask_e9272529.tex
1	models/03中花.json
1	materials/03中花.json
1	materials/03中花.tex
1	materials/masks/waterwaves_mask_9749c2e6.tex
1	models/02左藤.json
1	materials/02左藤.json
1	materials/02左藤.tex
1	materials/masks/waterwaves_mask_43517d5d.tex
1	materials/01中藤.json
1	materials/masks/waterwaves_mask_21dc4e0f.tex
1	sounds/Hea2t - 初夏的风.mp3
1	materials/masks/waterwaves_mask_b8204d3d.tex
1	materials/图层68.tex
1	shaders/workshop/2179455321/effects/dot_matrix_mobile_fix.frag
1	materials/masks/waterwaves_mask_9e5f236e.tex
1	models/133.json
1	materials/红线s.json
1	materials/masks/shake_mask_672ec6a2.tex
1	models/遮罩.json
1	materials/masks/tint_mask_7d4fe6ed.tex
1	materials/masks/waterflow_mask_ef27ca80.tex
1	materials/masks/shake_mask_0e9f3826.tex
1	effects/workshop/2179455321/dot_matrix_mobile_fix/effect.json
1	materials/workshop/2179455321/effects/dot_matrix_mobile_fix.json
1	materials/masks/waterwaves_mask_a15eebaf.tex
1	shaders/workshop/2179455321/effects/dot_matrix_mobile_fix.vert
1	models/图层 23.json
1	materials/铁轨.tex
1	materials/铁轨2.tex
1	models/铁轨.json
1	materials/铁轨.json
1	materials/铁轨2.json
1	materials/masks/waterflow_mask_c8b6d3a4.tex
1	models/铁轨2.json
1	materials/masks/waterflow_mask_e2cea6e8.tex
1	particles/workshop/2446163257/Glass_falling_copy1.json
1	materials/图层 23.json
1	materials/masks/shake_mask_3f8a1e12.tex
1	materials/图层 20.json
1	materials/masks/shake_mask_f19fb415.tex
1	models/红线.json
1	materials/workshop/2446163257/particle/halo_38.json
1	materials/masks/tint_mask_64480432.tex
1	models/人物拆分.json
1	materials/人物拆分.json
1	materials/人物拆分.tex
1	models/人物拆分_puppet.mdl
1	materials/masks/waterwaves_mask_e4f24b3e.tex
1	materials/masks/waterwaves_mask_0be391c8.tex
1	materials/masks/waterwaves_mask_99c762eb.tex
1	materials/masks/waterwaves_mask_d0be07ea.tex
1	materials/masks/waterwaves_mask_cebbf46d.tex
1	materials/masks/waterwaves_mask_de83f3f6.tex
1	materials/红线s.tex
1	materials/masks/shimmer_mask_ada8cf1c.tex
1	fonts/演示秋鸿楷.ttf
1	materials/红线.json
1	materials/图层 3s.tex
1	materials/masks/clipping_mask_7fba0501.tex
1	materials/masks/clipping_mask_ad8a4467.tex
1	materials/图层 18.json
1	materials/masks/iris_mask_c14e1fb5.tex
1	materials/masks/pulse_mask_bc89835e.tex
1	materials/masks/waterwaves_mask_92bc581d.tex
1	fonts/SF-Pro-Rounded-Heavy.otf
1	materials/masks/waterwaves_mask_e8ed351c.tex
1	materials/masks/waterwaves_mask_de81883f.tex
1	materials/masks/opacity_mask_97deacf3.tex
1	models/红线s.json
1	models/红线s_puppet.mdl
1	materials/masks/waterflow_mask_d8533386.tex
1	materials/masks/opacity_mask_dbb65841.tex
1	models/图层58(3).json
1	materials/图层58(3).json
1	materials/图层58(3).tex
1	materials/masks/shake_mask_4b8c6873.tex
1	materials/图层 3s.json
1	materials/图层 5s.json
1	models/图层 25.json
1	materials/图层 25.json
1	materials/图层 25.tex
1	materials/图层 23.tex
1	models/图层 20.json
1	materials/图层 20.tex
1	models/图层 18.json
1	models/图层 17.json
1	materials/图层 17.json
1	materials/图层 17.tex
1	models/图层 6s.json
1	materials/图层 6s.json
1	materials/图层 6s.tex
1	models/图层 5s.json
1	materials/图层 5s.tex
1	models/图层 4s.json
1	materials/图层 4s.json
1	materials/图层 4s.tex
1	models/图层 3s.json
1	models/图层 2s.json
1	materials/图层 2s.json
1	materials/图层 2s.tex
1	models/图层 16.json
1	materials/图层 16.json
1	materials/图层 16.tex
1	materials/133.json
1	materials/133.tex
1	models/图层68.json
1	materials/图层68.json
1	materials/遮罩.json
1	materials/遮罩.tex
1	materials/红线.tex
1	materials/masks/tint_mask_4f677530.tex
1	sounds/Quixotic-White Testarossa.mp3
1	fonts/Imagination Station.ttf
1	fonts/Aa攒劲小楷.ttf
1	fonts/白路飞云手写体.ttf
1	fonts/SF-Pro-Medium.otf
1	fonts/ELEPHNTI.ttf
1	materials/masks/opacity_mask_232cf9ee.tex
1	models/solid_instance_model_22afbf24.json
1	materials/мини рама.tex
1	materials/textureR1.tex
1	materials/мини рама.json
1	materials/Спойлер Ч.tex
1	materials/D2 Кузов.tex
1	materials/Банер.json
1	models/мини рама.json
1	materials/D2 Диск.json
1	materials/textureR2.tex
1	materials/Ра D4.json
1	fonts/japan_top-webfont.ttf
1	models/Фото Фон.json
1	models/Фото Рамка Мини.json
1	materials/Фото Фон.json
1	models/D4 Кузов.json
1	materials/Фото Фон.tex
1	materials/masks/opacity_mask_d32139d3.tex
1	materials/D4 Основа.json
1	materials/WLR32d2.tex
1	models/Банер.json
1	materials/Банер.tex
1	models/D2 Основа.json
1	materials/masks/opacity_mask_9176ec3e.tex
1	fonts/japan_bottom_alpha-webfont.ttf
1	materials/r32D4 Кузов.json
1	materials/Фото Рамка Мини.json
1	materials/Спойлер Цвет.tex
1	materials/Ч мини.tex
1	models/Ра d2.json
1	materials/masks/opacity_mask_7b168fb9.tex
1	materials/Р d2.json
1	materials/D4 Кузов.tex
1	materials/Конус.tex
1	models/IR1.json
1	models/Р d2.json
1	materials/IR1.json
1	materials/IR1.tex
1	models/Ч мини.json
1	materials/Спойлер Цвет.json
1	materials/Ч мини.json
1	models/Г d2.json
1	materials/D2 Основа.json
1	models/D4 Диск.json
1	materials/D2 Основа.tex
1	models/D2 Диск.json
1	materials/D2 Диск.tex
1	materials/Р d2.tex
1	materials/Ра d2.json
1	models/D2 Кузов.json
1	materials/Ра d2.tex
1	materials/WLR32d4.tex
1	materials/Г d2.json
1	materials/Г d2.tex
1	materials/Спойлер Ч.json
1	materials/D2 Кузов.json
1	models/D4 Основа.json
1	materials/D4 Основа.tex
1	materials/Ливрей2.json
1	models/Ра D4.json
1	materials/D4 Диск.json
1	materials/D4 Диск.tex
1	materials/Ра D4.tex
1	materials/D4 Кузов.json
1	models/solid_instance_model_3b80ef78.json
1	materials/fixpalaroid.tex
1	materials/r32D4 Кузов.tex
1	materials/Фото Рамка Мини.tex
1	models/Ливрей2.json
1	models/Панелька.json
1	materials/Панелька.json
1	materials/Панелька.tex
1	fonts/IntroFriday.ttf
1	models/r32D2 Основа.json
1	materials/r32D2 Основа.json
1	materials/r32D2 Основа.tex
1	materials/Конус.json
1	materials/masks/opacity_mask_b795512d.tex
1	models/Спойлер ЗЧ.json
1	models/Губа D2.json
1	materials/Спойлер ЗЧ.json
1	materials/Спойлер ЗЧ.tex
1	materials/masks/opacity_mask_8b8e26a1.tex
1	models/WLR32d2.json
1	materials/WLR32d2.json
1	materials/masks/opacity_mask_1d8ec361.tex
1	models/r32D2 Диски.json
1	materials/r32D2 Диски.json
1	materials/r32D2 Диски.tex
1	materials/masks/opacity_mask_dd58b975.tex
1	materials/masks/opacity_mask_8c4ab441.tex
1	models/Решётки D2.json
1	materials/Решётки D2.json
1	materials/Решётки D2.tex
1	materials/Ливрей.json
1	models/Радик D2.json
1	materials/Радик D2.json
1	materials/Радик D2.tex
1	materials/Губа D2.json
1	materials/Губа D2.tex
1	models/r32D2 Кузов.json
1	materials/logoT1.json
1	materials/r32D2 Кузов.json
1	materials/logoT1.tex
1	materials/r32D2 Кузов.tex
1	models/Спойлер Ч.json
1	models/Спойлер Цвет.json
1	models/Ливрей.json
1	materials/Ливрей.tex
1	materials/Радик D4.json
1	materials/masks/opacity_mask_14a61201.tex
1	materials/masks/opacity_mask_61646a48.tex
1	models/r32D4 Основа.json
1	materials/r32D4 Основа.json
1	materials/r32D4 Основа.tex
1	materials/masks/opacity_mask_e1e3a996.tex
1	materials/masks/opacity_mask_181e5774.tex
1	models/WLR32d4.json
1	materials/WLR32d4.json
1	models/r32D4 Диски.json
1	materials/r32D4 Диски.json
1	materials/r32D4 Диски.tex
1	materials/masks/opacity_mask_24429ebe.tex
1	models/Радик D4.json
1	materials/Радик D4.tex
1	models/r32D4 Кузов.json
1	materials/Ливрей2.tex
1	models/Ч конус.json
1	materials/Ч конус.json
1	materials/Ч конус.tex
1	models/Конус.json
1	models/logo bg.json
1	materials/logo bg.json
1	materials/logo bg.tex
1	scripts/camera_paths_129.json
1	models/logoT1.json
1	materials/中环转1.json
1	models/头后发狂三-对决版.json
1	models/纯黑4K.json
1	materials/纯黑4K.json
1	materials/左马尾2白の女王-对决版.json
1	materials/纯黑4K.tex
1	materials/左马尾1白の女王-对决版.json
1	models/持剑手白の女王-对决版_puppet.mdl
1	materials/中环转2.json
1	materials/masks/waterwaves_mask_dc25ba1d.tex
1	materials/持枪手狂三-对决版.json
1	models/狂狂帝左马尾1.json
1	materials/狂狂帝右马尾.json
1	materials/masks/waterwaves_mask_ae5f7a25.tex
1	materials/workshop/2107481179/seconds_white.json
1	models/新狂三背景.json
1	materials/新狂三背景.json
1	materials/狂狂帝背景.json
1	materials/黑点.json
1	materials/新狂三背景.tex
1	models/狂狂帝背景.json
1	materials/碎发5狂三-对决版.json
1	materials/狂狂帝背景.tex
1	materials/黑点.tex
1	models/新白の女王背景.json
1	materials/双腿白の女王-对决版.tex
1	materials/狂狂帝右马尾2.tex
1	materials/新白の女王背景.json
1	models/黑点.json
1	materials/新白の女王背景.tex
1	materials/中环转1.tex
1	materials/masks/foliagesway_mask_7217c633.tex
1	models/中环转2.json
1	materials/狂狂帝左马尾1.tex
1	sounds/Rhapsody (Flame) - 坂部剛.mp3
1	materials/腰摆白の女王-对决版.tex
1	models/圆.json
1	materials/刻.tex
1	materials/碎发1狂三-对决版.tex
1	materials/最外圈.tex
1	materials/圆.json
1	materials/头饰.tex
1	models/workshop/2107481179/seconds_white.json
1	models/狂狂帝右马尾.json
1	materials/圆.tex
1	materials/左马尾2白の女王-对决版.tex
1	models/碎发1狂三-对决版.json
1	models/workshop/2107481179/hour.json
1	materials/workshop/2107481179/hour.json
1	materials/持剑手白の女王-对决版.json
1	materials/workshop/2107481179/hour_white.tex
1	models/workshop/2107481179/minute.json
1	models/发箍.json
1	materials/workshop/2107481179/minute.json
1	materials/workshop/2107481179/minute.tex
1	materials/持枪手狂三-对决版.tex
1	materials/狂狂帝右马尾.tex
1	materials/masks/waterwaves_mask_c39bd10a.tex
1	materials/workshop/2107481179/seconds_white.tex
1	models/最外圈.json
1	materials/刻.json
1	materials/碎发1狂三-对决版.json
1	materials/最外圈.json
1	models/次外圈.json
1	models/中环转1.json
1	materials/次外圈.json
1	models/狂狂帝右马尾2.json
1	materials/次外圈.tex
1	materials/左马尾1白の女王-对决版.tex
1	materials/中环转2.tex
1	sounds/D.A.L.Nap - 坂部剛.mp3
1	models/刻.json
1	materials/刘海白の女王-对决版.json
1	models/左马尾4.json
1	models/下裙摆狂三-对决版.json
1	materials/masks/shake_mask_be7a81b4.tex
1	models/头身.json
1	materials/束腰狂三-对决版.json
1	materials/束腰狂三-对决版.tex
1	materials/masks/waterwaves_mask_b831046b.tex
1	materials/masks/waterwaves_mask_28d71450.tex
1	materials/碎发3狂三-对决版.json
1	models/裙子左.json
1	materials/裙子左.json
1	materials/裙子左.tex
1	materials/上半身白の女王-对决版.tex
1	materials/masks/waterwaves_mask_04b61d4e.tex
1	models/持枪手.json
1	materials/持枪手.json
1	materials/持枪手.tex
1	models/持枪手_puppet.mdl
1	materials/发箍.json
1	materials/发箍.tex
1	models/肩饰.json
1	materials/内裙.tex
1	materials/masks/waterwaves_mask_b6adb011.tex
1	models/帽子白の女王-对决版.json
1	models/右马尾2.json
1	materials/右马尾2.json
1	materials/右马尾2.tex
1	models/右马尾3.json
1	materials/帽子白の女王-对决版.tex
1	materials/右马尾3.json
1	materials/右马尾3.tex
1	materials/狂狂帝左马尾1.json
1	models/右马尾4.json
1	materials/右马尾4.json
1	models/狂狂帝右马尾3.json
1	materials/右马尾4.tex
1	models/右马尾5.json
1	materials/右马尾5.json
1	materials/右马尾5.tex
1	materials/左马尾4.json
1	materials/左马尾4.tex
1	models/左马尾3.json
1	materials/左马尾3.json
1	materials/左马尾3.tex
1	models/左马尾2.json
1	materials/头身.tex
1	materials/左马尾2.json
1	materials/左马尾2.tex
1	models/发箍狂三-对决版.json
1	materials/碎发4狂三-对决版.json
1	materials/masks/waterwaves_mask_05179766.tex
1	materials/masks/waterwaves_mask_d5cec952.tex
1	materials/刘海狂三-对决版.tex
1	materials/masks/waterwaves_mask_6fe00cc2.tex
1	models/下裙摆白の女王-对决版.json
1	materials/腰摆白の女王-对决版.json
1	models/持刀手.json
1	models/双腿.json
1	materials/双腿.json
1	materials/masks/shake_mask_c22cc8e0.tex
1	materials/双腿.tex
1	materials/masks/shake_mask_b7af1ccd.tex
1	models/外裙.json
1	materials/外裙.json
1	materials/外裙.tex
1	materials/masks/waterwaves_mask_741a88d8.tex
1	materials/masks/waterwaves_mask_e09705f9.tex
1	materials/masks/waterwaves_mask_e64a49b6.tex
1	models/内裙.json
1	materials/内裙.json
1	materials/头身.json
1	materials/肩饰.json
1	materials/肩饰.tex
1	materials/masks/waterwaves_mask_e1a34ba5.tex
1	models/狂狂帝右马尾1.json
1	materials/狂狂帝右马尾1.json
1	materials/狂狂帝右马尾1.tex
1	materials/双腿白の女王-对决版.json
1	materials/狂狂帝右马尾2.json
1	materials/狂狂帝右马尾3.json
1	materials/帽子白の女王-对决版.json
1	models/持剑手白の女王-对决版.json
1	materials/狂狂帝右马尾3.tex
1	models/碎发5狂三-对决版.json
1	models/狂狂帝右马尾4.json
1	materials/狂狂帝右马尾4.json
1	materials/狂狂帝右马尾4.tex
1	models/头饰.json
1	materials/头饰.json
1	materials/masks/waterwaves_mask_f03a2829.tex
1	materials/头后发狂三-对决版.tex
1	models/狂狂帝左马尾2.json
1	materials/狂狂帝左马尾2.json
1	materials/狂狂帝左马尾2.tex
1	materials/持刀手.json
1	materials/持刀手.tex
1	materials/头巾狂三-对决版.json
1	models/持刀手_puppet.mdl
1	materials/masks/shake_mask_b61fa89f.tex
1	models/持枪手狂三-对决版.json
1	models/持枪手狂三-对决版_puppet.mdl
1	materials/发箍狂三-对决版.json
1	materials/发箍狂三-对决版.tex
1	models/刘海狂三-对决版.json
1	materials/刘海狂三-对决版.json
1	materials/masks/waterwaves_mask_ef14ff3b.tex
1	models/上半身狂三-对决版.json
1	models/束腰狂三-对决版.json
1	materials/上半身狂三-对决版.json
1	materials/上半身狂三-对决版.tex
1	models/上裙摆狂三-对决版.json
1	materials/上裙摆狂三-对决版.json
1	materials/上裙摆狂三-对决版.tex
1	models/双腿狂三-对决版.json
1	models/碎发6狂三-对决版.json
1	materials/双腿狂三-对决版.json
1	materials/双腿狂三-对决版.tex
1	models/碎发2狂三-对决版.json
1	materials/碎发2狂三-对决版.json
1	materials/碎发2狂三-对决版.tex
1	models/碎发3狂三-对决版.json
1	materials/碎发3狂三-对决版.tex
1	models/碎发4狂三-对决版.json
1	models/底部草.json
1	materials/碎发4狂三-对决版.tex
1	materials/碎发5狂三-对决版.tex
1	materials/碎发6狂三-对决版.json
1	materials/碎发6狂三-对决版.tex
1	materials/刘海白の女王-对决版.tex
1	materials/头后发狂三-对决版.json
1	models/头巾狂三-对决版.json
1	materials/头巾狂三-对决版.tex
1	materials/下裙摆狂三-对决版.json
1	materials/下裙摆狂三-对决版.tex
1	materials/masks/shake_mask_daec0790.tex
1	materials/masks/shake_mask_3c5c860e.tex
1	materials/持剑手白の女王-对决版.tex
1	models/刘海白の女王-对决版.json
1	materials/masks/waterwaves_mask_2b3f93af.tex
1	sounds/Portrait - 坂部剛.mp3
1	models/上半身白の女王-对决版.json
1	materials/上半身白の女王-对决版.json
1	materials/底部草.json
1	models/双腿白の女王-对决版.json
1	materials/下裙摆白の女王-对决版.json
1	models/左马尾2白の女王-对决版.json
1	materials/下裙摆白の女王-对决版.tex
1	materials/masks/waterwaves_mask_61e8af41.tex
1	models/腰摆白の女王-对决版.json
1	materials/masks/foliagesway_mask_e723c1ac.tex
1	materials/masks/waterwaves_mask_6c0476bc.tex
1	models/左马尾0白の女王-对决版.json
1	materials/左马尾0白の女王-对决版.json
1	materials/左马尾0白の女王-对决版.tex
1	materials/masks/waterwaves_mask_b3b61e03.tex
1	models/左马尾1白の女王-对决版.json
1	models/左马尾3白の女王-对决版.json
1	materials/左马尾3白の女王-对决版.json
1	materials/左马尾3白の女王-对决版.tex
1	materials/底部草.tex
1	sounds/Secret - 坂部剛.mp3
1	sounds/Empty Nest - 坂部剛.mp3
1	sounds/Milk - 坂部剛.mp3
1	sounds/Only wish - Luiza.mp3
1	sounds/Rain in the Garden - 坂部剛.mp3
1	sounds/Rhapsody (Rage) - 坂部剛.mp3
1	sounds/D.A.L. Seasons - 坂部剛.mp3
1	models/120498462_p0 (1)bgbgbgbg_bg_fg.json
1	materials/120498462_p0 (1)bgbgbg_bg_fg.tex
1	materials/masks/waterwaves_mask_5b425960.tex
1	models/120498462_p0 (1).json
1	materials/120498462_p0 (1)bgbgbgbgbgbgbg_bg.tex
1	materials/120498462_p0 (1).json
1	materials/masks/waterflow_mask_1e73d9b4.tex
1	materials/masks/waterwaves_mask_5aa68dfd.tex
1	materials/120498462_p0 (1)bg_bg_fg.tex
1	models/120498462_p0 (1)bgbgbgbgbgbg_bg_fg.json
1	materials/120498462_p0 (1)bgbgbgbgbgbg_bg_fg.json
1	materials/120498462_p0 (1)bgbgbgbgbgbg_bg_fg.tex
1	models/120498462_p0 (1)bgbgbgbgbg_bg_fg.json
1	materials/120498462_p0 (1)_fg.tex
1	materials/120498462_p0 (1)bgbgbgbgbg_bg_fg.json
1	materials/120498462_p0 (1)bgbgbgbgbg_bg_fg.tex
1	materials/120498462_p0 (1)_bg_fg.json
1	materials/120498462_p0 (1)bgbgbgbg_bg_fg.json
1	materials/120498462_p0 (1)bgbgbgbg_bg_fg.tex
1	materials/masks/waterwaves_mask_4286fa34.tex
1	materials/120498462_p0 (1)_fg.json
1	materials/120498462_p0 (1)bgbgbg_bg_fg.json
1	models/120498462_p0 (1)bgbgbg_bg_fg.json
1	materials/masks/waterwaves_mask_8bea37d1.tex
1	models/120498462_p0 (1)bg_bg_fg.json
1	materials/120498462_p0 (1)bg_bg_fg.json
1	models/120498462_p0 (1)bgbg_bg_fg.json
1	materials/120498462_p0 (1)bgbg_bg_fg.json
1	materials/120498462_p0 (1)bgbg_bg_fg.tex
1	materials/masks/waterwaves_mask_22ca8d10.tex
1	models/120498462_p0 (1)_bg_fg.json
1	materials/120498462_p0 (1)_bg_fg.tex
1	models/120498462_p0 (1)_fg.json
1	materials/masks/waterwaves_mask_cd7bec38.tex
1	fonts/Storm Gust.otf
1	shaders/workshop/3572249782/effects/blur_precise_gaussian.frag
1	effects/workshop/3572249782/blurprecise/effect.json
1	materials/workshop/3572249782/effects/blur_precise_gaussian_x.json
1	shaders/workshop/3573358585/effects/frame_builder.frag
1	shaders/workshop/3572249782/effects/blur_precise_gaussian.vert
1	materials/workshop/3572249782/effects/blur_precise_gaussian_y.json
1	effects/workshop/3573358585/frame_builder/effect.json
1	materials/workshop/3573358585/effects/frame_builder.json
1	shaders/workshop/3573358585/effects/frame_builder.vert
1	models/workshop/3573358585/noFilter-removebg-preview.json
1	materials/workshop/3573358585/noFilter-removebg-preview.json
1	materials/workshop/3573358585/noFilter-removebg-preview.tex
1	effects/workshop/3573358585/spin/effect.json
1	materials/workshop/3573358585/effects/spin.json
1	shaders/workshop/3573358585/effects/spin.vert
1	shaders/workshop/3573358585/effects/spin.frag
1	models/workshop/3573358585/solid_instance_model_99c5a772.json
1	materials/sl.json
1	materials/sl.tex
1	materials/workshop/3573886911/effects/frame_builder.json
1	models/杆子.json
1	materials/masks/clipping_mask_02a9a1b9.tex
1	materials/masks/opacity_mask_069049cd.tex
1	models/合成 1_00004.json
1	materials/合成 1_00004.json
1	materials/合成 1_00004.tex
1	sounds/26 Sequence Of Fireworks, Explosion Fireworks.mp3
1	materials/杆子.json
1	materials/杆子.tex
1	models/sl_puppet.mdl
1	materials/masks/waterwaves_mask_66a85eba.tex
1	models/sl.json
1	materials/masks/opacity_mask_9be77f33.tex
1	materials/masks/waterwaves_mask_09229367.tex
1	materials/masks/waterwaves_mask_486c0abf.tex
1	materials/masks/waterwaves_mask_457b92b0.tex
1	materials/masks/waterwaves_mask_af575441.tex
1	materials/masks/waterwaves_mask_3854e488.tex
1	materials/masks/shake_mask_9825b921.tex
1	materials/masks/iris_mask_93b6ae8a.tex
1	materials/particle/ember_beams_1.json
1	particles/1313.json
1	materials/masks/shake_mask_e3d5339e.tex
1	effects/workshop/3573886911/frame_builder/effect.json
1	shaders/workshop/3573886911/effects/frame_builder.vert
1	shaders/workshop/3573886911/effects/frame_builder.frag
1	sounds/obj_w5rDlsOJwrLDjj7CmsOj_33768711294_74d0_2f67_8046_732ede5c2141dddfec6154e2b4cf6569_(mp3cut.net).mp3
1	models/1758183063.json
1	materials/1758183063.json
1	materials/1758183063.tex
1	particles/workshop/2446163257/Glass_copy1.json
1	materials/masks/shake_mask_8fa58b2b.tex
1	materials/workshop/2446163257/particle/halo_35.json
1	materials/workshop/2446178284/particle/halo_41_1.json
1	particles/workshop/2446178284/debris2_copy1.json
1	materials/workshop/3585617735/dl7.tex
1	materials/workshop/3585617735/tb-cloud.json
1	materials/pp.tex
1	models/saturn2_B_diffuse.json
1	materials/Saturn6k.tex
1	models/workshop/3585617735/tb-browser.json
1	models/space.json
1	materials/workshop/3585617735/dr1.json
1	models/木星环/木星环.mdl
1	models/workshop/3585617735/do.json
1	models/球体01/球体01.mdl
1	shaders/workshop/3578746259/effects/geo.vert
1	shaders/workshop/3578746259/effects/geo.frag
1	materials/workshop/3585617735/effects/opacity.json
1	models/material_4_baseColor.json
1	materials/space.tex
1	materials/space.json
1	materials/Saturn6k.json
1	models/s1 - 副本 (2)/s1 - 副本 (2).mdl
1	materials/models/s1 - 副本 (2)/DefaultMaterial.json
1	materials/masks/DefaultMaterial_mask_8a1c68f6.tex
1	models/Saturn6k.json
1	materials/masks/DefaultMaterial_mask_d511483a.tex
1	models/workshop/3585617735/dr2.json
1	effects/workshop/3585617735/opacity/effect.json
1	shaders/workshop/3585617735/effects/opacity.vert
1	shaders/workshop/3585617735/effects/opacity.frag
1	models/s1/s1.mdl
1	effects/workshop/3578746259/geo/effect.json
1	materials/models/scene/material_4_baseColor.json
1	materials/workshop/3578746259/effects/geo.json
1	materials/models/球体01/DefaultMaterial.json
1	materials/models/木星环/saturn2_B_diffuse.json
1	materials/models/木星环/saturn2_B_diffuse.tex
1	models/陨石/陨石.mdl
1	materials/saturn2_B_diffuse.tex
1	materials/models/s1/DefaultMaterial.json
1	materials/models/陨石/saturn2_A_diffuse.json
1	materials/models/scene/material_1_baseColor.json
1	materials/pp.json
1	materials/models/陨石/saturn2_A_diffuse.tex
1	materials/saturn2_B_diffuse.json
1	models/saturn2_A_diffuse.json
1	materials/workshop/3585617735/dl1.json
1	materials/saturn2_A_diffuse.json
1	materials/workshop/3585617735/dl1.tex
1	materials/saturn2_A_diffuse.tex
1	models/workshop/3585617735/tb-cloud.json
1	materials/workshop/3585617735/dl5.json
1	materials/workshop/3585617735/tb-game.json
1	models/pp.json
1	materials/workshop/3585617735/tb-browser.json
1	materials/models/scene/material_0_baseColor.json
1	materials/workshop/3585617735/dr7.json
1	materials/models/scene/material_3_baseColor.json
1	materials/models/scene/material_2.json
1	materials/workshop/3585617735/tb-browser.tex
1	materials/workshop/3585617735/tb-cloud.tex
1	models/workshop/3585617735/tb-music.json
1	materials/workshop/3585617735/tb-music.json
1	materials/workshop/3585617735/tb-music.tex
1	models/workshop/3585617735/tb-game.json
1	materials/workshop/3585617735/dl5.tex
1	materials/workshop/3585617735/tb-game.tex
1	models/workshop/3585617735/tb-tiktok.json
1	materials/workshop/3585617735/tb-tiktok.json
1	materials/workshop/3585617735/tb-tiktok.tex
1	models/workshop/3585617735/tb-player.json
1	materials/workshop/3585617735/tb-player.json
1	materials/workshop/3585617735/tb-player.tex
1	fonts/A-OTF-GothicMB101Pro-Light.otf
1	models/workshop/3585617735/tb-steam.json
1	materials/workshop/3585617735/tb-steam.json
1	materials/workshop/3585617735/tb-steam.tex
1	models/workshop/3585617735/tb-bilibili.json
1	materials/workshop/3585617735/tb-bilibili.json
1	materials/workshop/3585617735/tb-bilibili.tex
1	models/workshop/3585617735/tb-search.json
1	materials/workshop/3585617735/tb-search.json
1	materials/workshop/3585617735/tb-search.tex
1	models/workshop/3585617735/tb-computer.json
1	materials/workshop/3585617735/tb-computer.json
1	materials/workshop/3585617735/tb-computer.tex
1	models/workshop/3585617735/tb-file.json
1	materials/workshop/3585617735/tb-file.json
1	materials/workshop/3585617735/tb-file.tex
1	models/workshop/3585617735/tb-set.json
1	materials/workshop/3585617735/tb-set.json
1	materials/workshop/3585617735/tb-set.tex
1	models/workshop/3585617735/tb-wechat.json
1	materials/workshop/3585617735/tb-wechat.json
1	models/workshop/3585617735/tb-book.json
1	materials/workshop/3585617735/tb-wechat.tex
1	materials/workshop/3585617735/tb-book.json
1	materials/workshop/3585617735/tb-book.tex
1	materials/workshop/3585617735/dl7.json
1	models/workshop/3585617735/tb-vscode.json
1	materials/workshop/3585617735/tb-vscode.json
1	materials/workshop/3585617735/tb-vscode.tex
1	models/workshop/3585617735/tb-engineering.json
1	materials/workshop/3585617735/tb-engineering.json
1	materials/workshop/3585617735/tb-engineering.tex
1	models/workshop/3585617735/tb-ten.json
1	materials/workshop/3585617735/tb-ten.json
1	models/workshop/3585617735/dr7.json
1	materials/workshop/3585617735/tb-ten.tex
1	models/workshop/3585617735/icontmd.json
1	materials/workshop/3585617735/icontmd.json
1	materials/workshop/3585617735/icontmd.tex
1	models/workshop/3585617735/dr8.json
1	materials/workshop/3585617735/dr8.json
1	materials/workshop/3585617735/dr8.tex
1	materials/workshop/3585617735/dr7.tex
1	models/workshop/3585617735/dr6.json
1	materials/workshop/3585617735/dr6.json
1	materials/workshop/3585617735/dr6.tex
1	materials/material_1_baseColor.json
1	models/workshop/3585617735/dr5.json
1	materials/workshop/3585617735/dr5.json
1	materials/workshop/3585617735/dr5.tex
1	models/workshop/3585617735/dr4.json
1	materials/workshop/3585617735/dr4.json
1	materials/workshop/3585617735/dr4.tex
1	models/workshop/3585617735/dr3.json
1	materials/workshop/3585617735/dr3.json
1	materials/workshop/3585617735/dr3.tex
1	materials/workshop/3585617735/dr2.json
1	materials/workshop/3585617735/dr2.tex
1	models/workshop/3585617735/dr1.json
1	materials/workshop/3585617735/dl8.json
1	materials/workshop/3585617735/dr1.tex
1	materials/workshop/3585617735/do.json
1	materials/workshop/3585617735/do.tex
1	models/workshop/3585617735/dl1.json
1	models/workshop/3585617735/dl2.json
1	materials/workshop/3585617735/dl2.json
1	materials/workshop/3585617735/dl2.tex
1	models/workshop/3585617735/dl3.json
1	materials/workshop/3585617735/dl3.json
1	materials/workshop/3585617735/dl3.tex
1	models/workshop/3585617735/dl4.json
1	materials/workshop/3585617735/dl4.json
1	materials/workshop/3585617735/dl4.tex
1	models/workshop/3585617735/dl5.json
1	models/workshop/3585617735/dl6.json
1	materials/workshop/3585617735/dl6.json
1	materials/workshop/3585617735/dl6.tex
1	models/workshop/3585617735/dl7.json
1	models/workshop/3585617735/dl8.json
1	materials/workshop/3585617735/dl8.tex
1	sounds/明快单击声.mp3
1	sounds/低沉单击.mp3
1	sounds/Arrival of the Birds.mp3
1	scripts/camera_paths_243.json
1	models/material_0_baseColor.json
1	materials/material_0_baseColor.json
1	models/material_1_baseColor.json
1	models/material_3_baseColor.json
1	materials/material_3_baseColor.json
1	materials/material_4_baseColor.json
1	particles/biks.json
1	materials/图层 56.tex
1	materials/图层 56.json
1	materials/masks/waterflow_mask_29f5e64f.tex
1	materials/masks/waterflow_mask_1e56dc49.tex
1	materials/masks/pulse__mask_cabb330a.tex
1	particles/FL_copy1.json
1	materials/masks/pulse__mask_be3ec6cb.tex
1	materials/masks/_____________________mask_81fca662.tex
1	particles/223.json
1	materials/particle/halo_1_2_1.json
1	particles/new_89.json
1	particles/213.json
1	materials/masks/pulse__mask_ab9c2d14.tex
1	materials/masks/waterflow_mask_b6275280.tex
1	materials/particle/do22wnload.tex
1	materials/particle/halo_3_1.json
1	materials/particle/downl313oad.tex
1	models/图层 56.json
1	particles/FL2.json
1	materials/masks/waterwaves_mask_d14b0e34.tex
1	materials/masks/waterwaves_mask_5c69401e.tex
1	particles/FL.json
1	particles/31.json
1	materials/particle/dna_1.json
1	particles/dna2.json
1	materials/masks/opacity_mask_b4095735.tex
1	materials/masks/_____________________mask_a295a9a7.tex
1	materials/masks/_____________________mask_4a335694.tex
1	materials/masks/_____________________mask_e30589ca.tex
1	materials/masks/_____________________mask_639b3d91.tex
1	materials/masks/_____________________mask_6e2345cb.tex
1	materials/masks/_____________________mask_3170f8fc.tex
1	materials/masks/_____________________mask_087d12bf.tex
1	materials/masks/_____________________mask_20cf41c4.tex
1	materials/masks/_____________________mask_d048d4be.tex
1	materials/masks/_____________________mask_54cebebc.tex
1	materials/masks/_____________________mask_5cf6fd28.tex
1	materials/masks/shake_mask_232d2cea.tex
1	materials/masks/shake_mask_987cae25.tex
1	materials/masks/shake_mask_6a17f12b.tex
1	materials/masks/shake_mask_a7f5f5ad.tex
1	materials/masks/pulse__mask_e4d5773b.tex
1	sounds/Euphoria.mp3
1	materials/gjewrbgwesbghjerw.tex
1	materials/workshop/3330949883/PreviousButton.tex
1	materials/masks/chromatic_aberration_mask_bdbb75bf.tex
1	materials/workshop/3330949883/next2.json
1	sounds/quilt heron - Koharu.mp3
1	models/dsegdsgsdgds.json
1	models/gjewrbgwesbghjerw.json
1	materials/gjewrbgwesbghjerw.json
1	fonts/workshop/3330949883/Roboto-Black.ttf
1	materials/workshop/3330949883/playAndPause.json
1	materials/workshop/3330949883/ShuffleButton.json
1	materials/masks/shake_mask_0a7d87b2.tex
1	sounds/Breaking Silence (quilt heron remix) _ Blue Archive Seia Theme Remix.mp3
1	models/workshop/3330949883/prev.json
1	materials/workshop/3330949883/prev.json
1	materials/masks/pulse_mask_bc438247.tex
1	materials/masks/shake_mask_2158a769.tex
1	materials/dsegdsgsdgds.json
1	materials/dsegdsgsdgds.tex
1	materials/masks/shake_mask_df7196ba.tex
1	sounds/Kyrie Eleison. 4.mp3
1	materials/masks/iris_mask_b6e478c4.tex
1	sounds/Quilt heron - Don't cry down my moonlight. - 04.mp3
1	sounds/Hifumi, Daisuki_.mp3
1	sounds/The Ghost of You..mp3
1	sounds/HIGH5LANDER ~Galactic Train Lands Sky High~ _ Blue Archive Remix.mp3
1	materials/workshop/3330949883/PlayButton.tex
1	models/workshop/3330949883/playAndPause.json
1	models/workshop/3330949883/next2.json
1	materials/workshop/3330949883/NextButton.tex
1	models/workshop/3330949883/ShuffleButton.json
1	materials/workshop/3330949883/ShuffleButton.tex
1	models/workshop/3330949883/FavoriteButton.json
1	materials/workshop/3330949883/FavoriteButton.json
1	materials/workshop/3330949883/FavoriteButton.tex
1	fonts/workshop/3330949883/Roboto-Regular.ttf
1	materials/workshop/2727665642/bar.json
1	materials/masks/vhs_mask_f8d084fe.tex
1	models/workshop/2727665642/bar.json
1	shaders/workshop/2727665642/tint.vert
1	shaders/workshop/2727665642/tint.frag
1	materials/workshop/2727665642/bar.tex
1	materials/particle/vapor0_1_1.json
1	models/knight_puppet.mdl
1	materials/masks/waterwaves_mask_867190a1.tex
1	materials/masks/waterwaves_mask_d0451f02_copy1.tex
1	models/things in the air_puppet.mdl
1	models/shadow2.json
1	materials/masks/waterwaves_mask_9de9f7bb.tex
1	materials/masks/waterwaves_mask_fb494790.tex
1	models/things in the air.json
1	materials/things in the air.json
1	materials/masks/waterwaves_mask_7212d2bf_copy4.tex
1	materials/things in the air.tex
1	materials/masks/waterwaves_mask_839933c6.tex
1	materials/particle/snowflat_3.json
1	materials/terrain.json
1	particles/new_particle_system_copy5.json
1	materials/masks/waterwaves_mask_95b43fb5_copy3.tex
1	models/terrain.json
1	materials/masks/opacity_mask_72075569.tex
1	materials/masks/opacity_mask_2735c14a.tex
1	materials/shadow1.json
1	models/10.json
1	materials/particle/fog1_1.json
1	materials/terrain.tex
1	materials/masks/waterwaves_mask_ecedbbc4.tex
1	particles/new_particle_system_copy7.json
1	materials/masks/tint_mask_73b73ddf.tex
1	materials/masks/waterwaves_mask_b8300775_copy1.tex
1	models/shadow1.json
1	materials/shadow1.tex
1	materials/masks/waterwaves_mask_d0451f02.tex
1	materials/masks/waterwaves_mask_95b43fb5_copy2.tex
1	materials/masks/waterwaves_mask_6fea27d1.tex
1	materials/shadow2.json
1	materials/shadow2.tex
1	materials/masks/waterwaves_mask_9764dd85.tex
1	materials/masks/waterwaves_mask_c50a82ae.tex
1	materials/masks/waterwaves_mask_7cd69485.tex
1	models/shadow3.json
1	materials/shadow3.json
1	materials/shadow3.tex
1	materials/masks/waterwaves_mask_b8300775.tex
1	materials/masks/waterwaves_mask_227006c8.tex
1	materials/masks/waterwaves_mask_0f3e22fa.tex
1	models/sword_puppet.mdl
1	materials/masks/waterwaves_mask_5429dd35.tex
1	materials/masks/waterwaves_mask_551431f0.tex
1	materials/10.json
1	materials/masks/waterwaves_mask_c4448fde.tex
1	materials/10.tex
1	materials/masks/waterwaves_mask_37268612_copy6.tex
1	models/knight.json
1	models/9.json
1	materials/knight.json
1	materials/knight.tex
1	materials/9.json
1	materials/9.tex
1	materials/masks/waterwaves_mask_37268612_copy7.tex
1	materials/masks/waterwaves_mask_37268612_copy5.tex
1	materials/masks/waterwaves_mask_7212d2bf_copy1.tex
1	materials/masks/waterwaves_mask_46a4ab23.tex
1	materials/masks/waterwaves_mask_7212d2bf_copy2.tex
1	materials/masks/waterwaves_mask_b7498a0f.tex
1	materials/masks/waterwaves_mask_95b43fb5.tex
1	materials/masks/waterwaves_mask_639f7022.tex
1	materials/masks/waterwaves_mask_37268612.tex
1	materials/masks/waterwaves_mask_7212d2bf.tex
1	models/sword.json
1	materials/sword.json
1	materials/sword.tex
1	materials/masks/shimmer_mask_7a94d495.tex
1	materials/particle/snowflat_5.json
1	particles/new_particle_system_copy8.json
1	materials/particle/snowflat_4.json
1	particles/new_particle_system_copy6.json
1	sounds/Hollow Knight OST - Dirtmouth.mp3
1	materials/图层 0.json
1	models/图层 0.json
1	materials/图层 0.tex
1	materials/masks/waterwaves_mask_cebed00d.tex
1	models/图层 bj.json
1	materials/masks/waterwaves_mask_7e7386a1.tex
1	materials/masks/waterflow_mask_b6ca5d7b.tex
1	models/图层 34.json
1	materials/图层 34.json
1	materials/图层 34.tex
1	materials/图层 bj.json
1	materials/图层 bj.tex
1	models/图层 bj_puppet.mdl
1	materials/masks/waterwaves_mask_b5c5f454.tex
1	materials/masks/foliagesway_mask_a1bf06a7.tex
1	materials/masks/opacity_mask_49bbdd18.tex
1	materials/masks/opacity_mask_bb10eac2.tex
1	materials/masks/waterwaves_mask_6e7d28ce.tex
1	materials/masks/foliagesway_mask_12a03bb3.tex
1	materials/masks/foliagesway_mask_7a0312a4.tex
1	materials/masks/waterwaves_mask_27a53e28.tex
1	materials/masks/waterwaves_mask_04323e2c.tex
1	materials/masks/opacity_mask_29f772af.tex
1	models/图层 22_puppet.mdl
1	materials/masks/waterwaves_mask_9229b4f5.tex
1	materials/masks/waterwaves_mask_d38ac048.tex
1	materials/masks/opacity_mask_e97b0849.tex
1	models/图层 15_puppet.mdl
1	materials/masks/waterwaves_mask_de429e0f.tex
1	materials/masks/opacity_mask_d2fb0486.tex
1	models/鼠标分.json
1	materials/masks/iris_mask_c281f9d2.tex
1	materials/particle/鼠标2.tex
1	materials/鼠标分.json
1	materials/鼠标分.tex
1	models/鼠标分_puppet.mdl
1	materials/masks/waterwaves_mask_56c1073c.tex
1	sounds/11月9日.MP3
1	materials/foto buena.json
1	models/foto buena.json
1	materials/foto buena.tex
1	materials/Foto dia acabada.tex
1	models/Foto dia acabada.json
1	materials/Foto dia acabada.json
1	materials/什么塔来着.tex
1	models/solid_instance_model_36a01b00.json
1	materials/特蕾西娅-常态_1_thd3.json
1	models/特蕾西娅-常态_1_thd3.json
1	materials/workshop/2446146941/particle/halo_24_1.json
1	models/动作1-止语_4_thd3.json
1	materials/特蕾西娅-常态_1_thd3.tex
1	materials/rect_logo.tex
1	materials/苦命鸳鸯.json
1	particles/workshop/2446146941/strings_simple_copy1.json
1	models/入场动画【18.51】_2_thd3.json
1	models/什么塔来着.json
1	materials/什么塔来着.json
1	models/动作2-变花_6_thd3.json
1	materials/动作2-变花_6_thd3.json
1	materials/动作2-变花_6_thd3.tex
1	materials/动作1-止语_4_thd3.json
1	materials/动作1-止语_4_thd3.tex
1	sounds/如果你在1.mp3
1	materials/workshop/2446146941/particle/halo_23_1.json
1	models/卡兹戴尔.json
1	materials/卡兹戴尔.json
1	materials/workshop/2446146941/particle/halo_24_1_1.json
1	particles/workshop/2446146941/notes2_simple_copy1.json
1	materials/卡兹戴尔.tex
1	materials/苦命鸳鸯.tex
1	materials/masks/shake_mask_03ab1a6d.tex
1	materials/workshop/2446146941/particle/string_white_804x201_4.tex
1	particles/workshop/2446146941/strings_white_copy1.json
1	materials/particle/【轨迹材质】流星.tex
1	models/苦命鸳鸯.json
1	materials/入场动画【18.51】_2_thd3.json
1	materials/入场动画【18.51】_2_thd3.tex
1	sounds/入场声音_缩混.mp3
1	sounds/入场音频-日语版.mp3
1	sounds/主界面BGM3 - MSR.mp3
1	sounds/Echoism (Instrumental) - 塞壬唱片-MSR_Adam Gubman.mp3
1	sounds/Silent Tales - 塞壬唱片-MSR_Sara Barone.mp3
1	sounds/Echoism - 塞壬唱片-MSR_Casey Lee Williams_Adam Gubman.mp3
1	sounds/不存在的乐园 - 塞壬唱片-MSR_Erik Castro.mp3
1	scripts/camera_paths_206.json
1	scripts/camera_paths_188.json
1	scripts/camera_paths_204.json
1	fonts/猫啃网风雅宋.ttf
1	models/solid_instance_model_578e4e93.json
1	sounds/装睡3.mp3
1	sounds/手的触感2.mp3
1	sounds/魔王.mp3
1	sounds/特雷西斯.mp3
1	sounds/拉玛莲.mp3
1	effects/workshop/3616258436/sharpen_filter/effect.json
1	effects/workshop/3616258436/color_grading/effect.json
1	materials/espiral.json
1	materials/Cuadricula v3.json
1	models/solid_instance_model_4c324cf3.json
1	models/workshop/3616258436/Album_Outline.json
1	shaders/workshop/3616258436/effects/blend.frag
1	materials/espiral.tex
1	materials/Cuadricula v3.tex
1	materials/workshop/3616258436/effects/sharpen_filter.json
1	models/Cuadricula v3.json
1	materials/SS.tex
1	shaders/workshop/3616258436/effects/sharpen_filter.vert
1	materials/masks/opacity_mask_14c1d9ad.tex
1	shaders/workshop/3616258436/effects/blendgradient.vert
1	materials/cuadrados.json
1	models/solid_instance_model_630601a7.json
1	shaders/workshop/3561955336/effects/3333.frag
1	materials/Flachas Update.tex
1	effects/workshop/3616258436/blendgradient/effect.json
1	materials/Green.tex
1	materials/workshop/3616258436/Album_Outline.tex
1	effects/workshop/3561955336/3333/effect.json
1	materials/workshop/3616197529/effects/chromatic_aberration.json
1	materials/Album texture.json
1	effects/workshop/3616258436/blend/effect.json
1	fonts/Gobold Regular.otf
1	shaders/workshop/3616258436/effects/blend.vert
1	models/SS.json
1	materials/SS.json
1	materials/workshop/3616258436/effects/blend.json
1	materials/workshop/3616258436/effects/blendgradient.json
1	shaders/workshop/3616258436/effects/blendgradient.frag
1	materials/cuadrados.tex
1	materials/workshop/3616258436/05.tex
1	shaders/workshop/3616258436/effects/sharpen_filter.frag
1	models/Album texture.json
1	materials/workshop/3616258436/effects/color_grading.json
1	shaders/workshop/3616258436/effects/color_grading.vert
1	shaders/workshop/3616258436/effects/color_grading.frag
1	shaders/workshop/3561955336/effects/3333.vert
1	materials/workshop/3616258436/Album_Outline.json
1	materials/Album texture.tex
1	materials/workshop/3561955336/effects/3333.json
1	models/Atomo.json
1	materials/Atomo.json
1	materials/Atomo.tex
1	fonts/code128.ttf
1	models/Lineas Expandidas Update.json
1	materials/Lineas Expandidas Update.json
1	materials/Lineas Expandidas Update.tex
1	effects/workshop/3616127924/scroll/effect.json
1	materials/workshop/3616127924/effects/scroll.json
1	shaders/workshop/3616127924/effects/scroll.vert
1	shaders/workshop/3616127924/effects/scroll.frag
1	models/Green.json
1	fonts/Gobold Hollow.otf
1	materials/Green.json
1	effects/workshop/3600820723/vhs/effect.json
1	materials/workshop/3600820723/effects/vhs.json
1	shaders/workshop/3600820723/effects/vhs.vert
1	shaders/workshop/3600820723/effects/vhs.frag
1	materials/masks/opacity_mask_6c8a9146.tex
1	materials/Flachas Update.json
1	effects/workshop/3600820723/water_caustics/effect.json
1	materials/workshop/3600820723/effects/water_caustics.json
1	materials/circulos.tex
1	shaders/workshop/3600820723/effects/water_caustics.vert
1	shaders/workshop/3600820723/effects/water_caustics.frag
1	models/cuadrados.json
1	models/eb7b32b2bb14b3d935e7033ab6747bd8.json
1	materials/eb7b32b2bb14b3d935e7033ab6747bd8.json
1	materials/eb7b32b2bb14b3d935e7033ab6747bd8.tex
1	models/descargar.json
1	materials/descargar.json
1	materials/descargar.tex
1	materials/Mascara de capa.tex
1	models/espiral.json
1	models/Flachas Update.json
1	effects/workshop/3616169603/Simple_Audio_Bars/effect.json
1	materials/workshop/3616169603/effects/Simple_Audio_Bars.json
1	shaders/workshop/3616169603/effects/Simple_Audio_Bars.vert
1	shaders/workshop/3616169603/effects/Simple_Audio_Bars.frag
1	effects/workshop/3616169603/enhanced_simple_audio_bars/effect.json
1	models/circulos.json
1	materials/circulos.json
1	effects/workshop/3612903462/scroll/effect.json
1	materials/workshop/3612903462/effects/scroll.json
1	shaders/workshop/3612903462/effects/scroll.vert
1	shaders/workshop/3612903462/effects/scroll.frag
1	effects/workshop/3616197529/chromaticaberration/effect.json
1	shaders/workshop/3616197529/effects/chromatic_aberration.vert
1	shaders/workshop/3616197529/effects/chromatic_aberration.frag
1	shaders/workshop/3616197529/effects/filmgrain.vert
1	effects/workshop/3616197529/filmgrain/effect.json
1	materials/workshop/3616197529/effects/filmgrain.json
1	shaders/workshop/3616197529/effects/filmgrain.frag
1	sounds/Soundbeats - Spray.wav
1	models/右头发2.json
1	models/8 战士.json
1	materials/LOGO 拷贝.tex
1	materials/masks/waterwaves_mask_77588e63.tex
1	materials/masks/waterwaves_mask_30dc347d.tex
1	materials/LOGO 拷贝.json
1	models/4_puppet.mdl
1	fonts/workshop/2978655964/airstrike.ttf
1	models/LOGO 拷贝.json
1	materials/9 花.tex
1	materials/右头发.json
1	materials/右头发2.tex
1	materials/masks/shake_mask_e369d261.tex
1	materials/masks/waterwaves_mask_1be44590.tex
1	materials/masks/shimmer_mask_51f03cc5.tex
1	materials/masks/iris_mask_b055c93a.tex
1	materials/masks/shake_mask_744a20ee.tex
1	models/左头发.json
1	materials/左头发.json
1	materials/左头发.tex
1	materials/masks/waterwaves_mask_58fdf1d8.tex
1	materials/masks/waterwaves_mask_1fad936c.tex
1	models/右头发.json
1	materials/右头发.tex
1	materials/masks/waterwaves_mask_c71102fc.tex
1	materials/右头发2.json
1	models/6 伊芙琳.json
1	materials/6 伊芙琳.json
1	materials/6 伊芙琳.tex
1	models/7矮人.json
1	models/6 伊芙琳_puppet.mdl
1	materials/8 战士.json
1	materials/8 战士.tex
1	models/8 战士_puppet.mdl
1	materials/7矮人.json
1	materials/7矮人.tex
1	models/7矮人_puppet.mdl
1	materials/masks/waterwaves_mask_21abd85c.tex
1	materials/masks/waterwaves_mask_bd74f2f0.tex
1	models/9 花.json
1	materials/9 花.json
1	models/9 花_puppet.mdl
1	models/5_puppet.mdl
1	materials/masks/chromatic_aberration_mask_97abaa9f.tex
1	sounds/Evan Call - New Friends and Old Faces.mp3
1	materials/layer 2 fixed.json
1	materials/smoke cig.json
1	models/SKYt 3.json
1	materials/SKYt 3.json
1	materials/character t1.tex
1	materials/SKYt 3.tex
1	materials/masks/waterflow_mask_5db8a705.tex
1	models/layer 2 fixed.json
1	models/sky test 22.json
1	particles/workshop/3625078742/PARTICLERIGHT3.json
1	materials/sky test 22.json
1	materials/character t1.json
1	materials/sky test 22.tex
1	materials/masks/waterflow_mask_2b9b1ef6.tex
1	models/sky t4.json
1	materials/cape.json
1	models/cable 4.json
1	materials/sky t4.json
1	models/cable 3.json
1	materials/sky t4.tex
1	materials/masks/waterflow_mask_13b30af8.tex
1	materials/masks/waterflow_mask_04f81d6f.tex
1	materials/smoke cig.tex
1	materials/workshop/3538102804/particle/BIRD white.tex
1	models/layer 4.json
1	models/cape.json
1	materials/layer 4.json
1	models/character test 23.json
1	models/smoke cig.json
1	materials/layer 4.tex
1	models/moon.json
1	materials/masks/pulse_mask_0f142b1a.tex
1	sounds/Echoes of Yesterday.mp3
1	materials/layer 2 fixed.tex
1	materials/masks/pulse_mask_b33205a6.tex
1	models/character t1.json
1	materials/character test 23.json
1	materials/workshop/3625078742/particle/halo_4_2_1.json
1	materials/cable 3.tex
1	materials/masks/waterwaves_mask_c24b7a5e.tex
1	materials/character test 23.tex
1	materials/cape.tex
1	materials/masks/waterwaves_mask_b9824223.tex
1	materials/cable 3.json
1	materials/cable 4.json
1	materials/cable 4.tex
1	models/layer 1.json
1	materials/layer 1.json
1	materials/layer 1.tex
1	models/cable 2.json
1	materials/cable 2.json
1	materials/cable 2.tex
1	models/cable 1.json
1	materials/cable 1.json
1	materials/cable 1.tex
1	materials/moon.json
1	materials/moon.tex
1	sounds/Counting.mp3
1	sounds/Take Me With You.mp3
1	sounds/In the Moment.mp3
1	sounds/Lonely.mp3
1	sounds/Magical Connection.mp3
1	sounds/Rooftop Rendezvous.mp3
1	sounds/Solitude.mp3
1	sounds/The Bad Party.mp3
1	materials/若叶睦 眼睛部件.json
1	materials/左后发2.tex
1	materials/masks/clipping_mask_6cec714b.tex
1	materials/右后发3.json
1	materials/若叶睦 眼睛部件.tex
1	materials/左后发3.json
1	materials/masks/foliagesway_mask_fa17390d.tex
1	materials/masks/waterwaves_mask_753ed5da.tex
1	materials/右后发3.tex
1	materials/masks/waterwaves_mask_f32eb48c.tex
1	materials/masks/waterwaves_mask_486f047a.tex
1	materials/上半身.tex
1	materials/masks/waterwaves_mask_04295ef6.tex
1	models/上半身_puppet.mdl
1	models/右后发2.json
1	materials/masks/waterwaves_mask_b4360153.tex
1	materials/masks/waterwaves_mask_1d77c079.tex
1	models/左后发3.json
1	materials/masks/foliagesway_mask_f51ac3ac.tex
1	materials/上半身.json
1	models/右后发3.json
1	models/左后发1.json
1	materials/masks/foliagesway_mask_b223a1d2.tex
1	models/上半身.json
1	materials/masks/waterwaves_mask_37953f0e.tex
1	models/左后发2.json
1	materials/masks/waterwaves_mask_eacbcbce.tex
1	models/后主发.json
1	materials/masks/waterwaves_mask_5456eef3.tex
1	materials/后主发.json
1	materials/后主发.tex
1	materials/masks/waterwaves_mask_ac27df0c.tex
1	models/右后发1.json
1	materials/右后发1.json
1	materials/右后发1.tex
1	materials/masks/waterwaves_mask_47bf6d3c.tex
1	materials/左后发3.tex
1	materials/masks/waterwaves_mask_1e8a08bb.tex
1	materials/左后发2.json
1	materials/masks/waterwaves_mask_9d48fe1f.tex
1	materials/masks/waterwaves_mask_64b73f29.tex
1	materials/右后发2.json
1	materials/右后发2.tex
1	materials/左后发1.json
1	materials/左后发1.tex
1	materials/masks/waterwaves_mask_b2c8ec81.tex
1	sounds/藤田淳平(Elements Garden) - 可哀想なお人形 (Toy Piano Ver.).mp3
1	models/若叶睦 眼睛部件.json
1	models/若叶睦 眼睛部件_puppet.mdl
1	materials/masks/clipping_mask_d9c9ec64.tex
1	materials/masks/shake_mask_a68da953.tex
1	materials/masks/shake_mask_dbb7bb48.tex
1	models/嘴巴_puppet.mdl
1	materials/masks/waterwaves_mask_4b07c270.tex
1	materials/masks/waterwaves_mask_1ee52af3.tex
1	materials/masks/waterwaves_mask_313cc086.tex
1	materials/masks/shadow______________mask_419d33da.tex
1	materials/masks/waterwaves_mask_595de315.tex
1	materials/masks/waterwaves_mask_b391e1d8.tex
1	materials/masks/waterwaves_mask_34c39fd6.tex
1	materials/masks/waterwaves_mask_9e4058c8.tex
1	materials/masks/waterwaves_mask_466a78e9.tex
1	scripts/camera_paths_216.json
1	materials/masks/waterwaves_mask_29c65adb.tex
1	materials/masks/waterwaves_mask_ec48bf9c.tex
1	materials/masks/waterwaves_mask_04bf856d.tex
1	models/左飘发3.json
1	materials/左飘发3.json
1	materials/左飘发3.tex
1	materials/masks/waterwaves_mask_19bb0a48.tex
1	materials/masks/_____________________mask_41af7823.tex
1	materials/蕾丝花纹.json
1	models/蕾丝花纹.json
1	models/十字架.json
1	materials/蕾丝花纹.tex
1	materials/13123.tex
1	models/N.json
1	materials/N.json
1	materials/masks/shake_mask_76a71ecd.tex
1	materials/N.tex
1	materials/masks/_____________________mask_66694dae.tex
1	models/N_puppet.mdl
1	materials/masks/shake_mask_91b1b738.tex
1	materials/masks/_____________________mask_a3e63ec6.tex
1	materials/masks/_____________________mask_da59015c.tex
1	materials/masks/_____________________mask_52474093.tex
1	materials/masks/pulse__mask_540a0c5d.tex
1	materials/masks/waterflow_mask_f16750ec.tex
1	materials/masks/waterflow_mask_2b8731ea.tex
1	materials/masks/pulse__mask_56ecf1fa.tex
1	materials/masks/foliagesway_mask_5bb20c16.tex
1	materials/masks/pulse__mask_e8934d5d.tex
1	materials/masks/pulse__mask_ae5dbe88.tex
1	materials/十字架.json
1	materials/十字架.tex
1	models/十字架_puppet.mdl
1	materials/masks/pulse__mask_f361d94e.tex
1	materials/masks/_____________________mask_aedace78.tex
1	models/nv.json
1	materials/nv.json
1	materials/nv.tex
1	models/nv_puppet.mdl
1	materials/masks/_____________________mask_e82720a9.tex
1	materials/masks/_____________________mask_45017055.tex
1	materials/masks/_____________________mask_c64058d5.tex
1	materials/masks/_____________________mask_3e6935f1.tex
1	materials/masks/_____________________mask_7f3a568b.tex
1	materials/masks/_____________________mask_101b6316.tex
1	materials/masks/_____________________mask_178cb7fd.tex
1	materials/masks/_____________________mask_56774e0f.tex
1	materials/masks/iris_mask_dbce3e1f.tex
1	materials/masks/opacity_mask_bccc2e54.tex
1	sounds/obj_w5rDlsOJwrLDjj7CmsOj_5387906132_884e_2064_3672_b43e89f1cf890d96b93d9aa9fd1874ed.mp3
1	materials/b1.json
1	materials/masks/foliagesway_mask_ed8a42b9.tex
1	materials/masks/shake_mask_4e58c731.tex
1	materials/masks/waterripple_mask_99cbc571.tex
1	materials/图层 90.json
1	materials/b1.tex
1	materials/b2.tex
1	models/图层 90.json
1	materials/masks/_____________________mask_56bb99db.tex
1	materials/图层 90.tex
1	materials/cat11.json
1	materials/masks/opacity_mask_1d7857b5.tex
1	models/图层 11112.json
1	materials/图层 11112.json
1	materials/图层 93.tex
1	materials/图层 91.tex
1	materials/b2.json
1	materials/图层 94.tex
1	models/b1_puppet.mdl
1	materials/masks/foliagesway_mask_e877f3df.tex
1	models/b1.json
1	materials/masks/foliagesway_mask_5309ca7c.tex
1	materials/masks/waterwaves_mask_09ef8479.tex
1	materials/图层 11112.tex
1	models/b2.json
1	models/b2_puppet.mdl
1	materials/masks/waterwaves_mask_75bb44d2.tex
1	materials/masks/waterflow_mask_f7df8b84.tex
1	materials/图层 26_depth.tex
1	models/图层 19_puppet.mdl
1	materials/masks/_____________________mask_14b365ec.tex
1	models/图层 21_puppet.mdl
1	models/cat11.json
1	materials/cat11.tex
1	materials/masks/shake_mask_7fc5067a.tex
1	models/cat11_puppet.mdl
1	sounds/夏虫与风.mp3
1	materials/masks/iris_mask_3db8a2c0.tex
1	materials/图层 87.tex
1	materials/e329186714127be9c19279651974067e.tex
1	materials/masks/waterwaves_mask_85b571f0.tex
1	materials/masks/_____________________mask_7555805c.tex
1	materials/RW0.tex
1	materials/masks/opacity_mask_49022b17.tex
1	materials/masks/texture_override_mask_f852fee4.tex
1	materials/masks/opacity_mask_c9e23b8c.tex
1	materials/masks/waterwaves_mask_6ae40ff0.tex
1	materials/masks/_____________________mask_21dc4e0f.tex
1	materials/masks/opacity_mask_d5bf7e81.tex
1	models/RW0.json
1	materials/RW0.json
1	models/RW0_puppet.mdl
1	materials/masks/_____________________mask_a9b25566.tex
1	materials/masks/clipping_mask_e529867d.tex
1	materials/masks/opacity_mask_2ec95a31.tex
1	materials/masks/_____________________mask_30bdb4a1.tex
1	materials/masks/_____________________mask_a84a06df.tex
1	materials/masks/_____________________mask_21b1e14a.tex
1	materials/masks/_____________________mask_25857f8d.tex
1	materials/masks/_____________________mask_6f3b7f11.tex
1	materials/masks/_____________________mask_2c6e0f96.tex
1	materials/masks/_____________________mask_8faf53dd.tex
1	materials/masks/_____________________mask_0b564399.tex
1	materials/masks/opacity_mask_6c900d99.tex
1	materials/masks/iris_mask_81460e23.tex
1	materials/左上3.tex
1	materials/左.tex
1	materials/masks/_____________________mask_ee9ee6ed.tex
1	materials/masks/_____________________mask_376dcd7c.tex
1	materials/左上1.tex
1	materials/masks/_____________________mask_fa1bca8f.tex
1	materials/左上2.tex
1	materials/masks/_____________________mask_1bb8fbc6.tex
1	materials/masks/_____________________mask_4dc2f970.tex
1	materials/masks/shake_mask_ad73b25e.tex
1	materials/masks/_____________________mask_7c8a37df.tex
1	materials/右下.tex
1	scripts/camera_paths_725.json
1	materials/masks/waterripple_mask_7632fd6c.tex
1	materials/particle/rain_splashes_1.json
1	materials/111332095_p4 sky.json
1	models/111332095_p4 sky.json
1	materials/masks/pulse_mask_d3e883eb.tex
1	materials/111332095_p4 sky.tex
1	materials/masks/reflection_mask_9a13cc0b.tex
1	particles/bokeh_distant.json
1	materials/masks/waterflow_mask_a924eb52.tex
1	materials/masks/pulse_mask_3fcbb850.tex
1	materials/111332095_p4 foreground.tex
1	materials/masks/shine_downsample2_mask_5604cd72.tex
1	particles/big_stars.json
1	materials/111332095_p4 girl.tex
1	models/111332095_p4 foreground.json
1	materials/111332095_p4 foreground.json
1	materials/masks/pulse_mask_d814aee4.tex
1	materials/masks/pulse_mask_84e0d221.tex
1	materials/masks/shine_downsample2_mask_8c4ab441.tex
1	sounds/The Beach.mp3
1	materials/111332095_p4 4k_depth sky.tex
1	particles/floating_particles.json
1	models/111332095_p4 girl.json
1	materials/111332095_p4 girl.json
1	materials/masks/waterwaves_mask_34700bd6.tex
1	materials/masks/shake_mask_7d7756a3.tex
1	materials/masks/waterwaves_mask_5c90d063.tex
1	materials/masks/waterwaves_mask_9e34af75.tex
1	materials/masks/waterripple_mask_29cbf920.tex
1	particles/water_rippling.json
1	particles/bokeh.json
1	models/solid_instance_model_88bdb34f.json
1	materials/the beach.tex
1	materials/workshop/3308559193/gappy2_2_noGrain.tex
1	fonts/Queensides-3z7Ey.ttf
1	fonts/QueensidesLight-ZVj3l.ttf
1	materials/背景灰.json
1	materials/背彩带1.tex
1	materials/山.json
1	materials/masks/waterwaves_mask_7e802a6d.tex
1	models/bj1.json
1	materials/背彩带4.json
1	effects/workshop/2944127259/tint/effect.json
1	models/背景灰.json
1	materials/背彩带3.tex
1	materials/bj1.json
1	materials/bj1.tex
1	materials/背景灰.tex
1	materials/workshop/2944127259/masks/tint_mask_95f9fe1e.tex
1	materials/workshop/2944127259/effects/tint.json
1	shaders/workshop/2944127259/effects/tint.vert
1	models/背彩带7.json
1	shaders/workshop/2944127259/effects/tint.frag
1	materials/背彩带1.json
1	materials/masks/waterwaves_mask_9b97b7cc.tex
1	materials/背彩带3.json
1	materials/masks/waterwaves_mask_e0ca226b.tex
1	models/山.json
1	materials/山.tex
1	models/背彩带5.json
1	models/背彩带1.json
1	materials/masks/waterwaves_mask_ab155aa2.tex
1	models/背彩带2.json
1	materials/背彩带2.json
1	materials/背彩带2.tex
1	materials/masks/waterwaves_mask_1a80be26.tex
1	materials/衣.json
1	models/背彩带3.json
1	materials/masks/waterwaves_mask_03764652.tex
1	models/背彩带4.json
1	materials/背彩带4.tex
1	materials/masks/waterwaves_mask_bd7f7e20.tex
1	materials/背彩带5.json
1	materials/背彩带5.tex
1	materials/masks/waterwaves_mask_0928eae2.tex
1	models/背彩带6.json
1	materials/背彩带6.json
1	materials/背彩带6.tex
1	materials/masks/waterwaves_mask_6c8f4c2f.tex
1	materials/背彩带7.json
1	materials/背彩带7.tex
1	materials/masks/waterwaves_mask_f675d71c.tex
1	materials/masks/waterwaves_mask_a61ce8cb.tex
1	models/衣.json
1	materials/衣.tex
1	models/衣_puppet.mdl
1	materials/masks/waterwaves_mask_d0362ffa.tex
1	materials/masks/waterwaves_mask_74f11d3f.tex
1	materials/masks/waterwaves_mask_d2fc5531.tex
1	materials/masks/waterwaves_mask_cd5dcc78.tex
1	materials/masks/waterwaves_mask_7ec8fd88.tex
1	sounds/音频.mp3
1	materials/masks/opacity_mask_486b7a45.tex
1	materials/masks/waterwaves_mask_bf749169.tex
1	materials/masks/waterwaves_mask_093557d5.tex
1	models/飘带.json
1	materials/飘带.json
1	materials/飘带.tex
1	models/前彩带.json
1	materials/前彩带.json
1	materials/前彩带.tex
1	materials/masks/_____________________mask_b8c72381.tex
1	materials/masks/_____________________mask_dc75332e.tex
1	materials/masks/iris_mask_c7586990.tex
1	models/图层 311.json
1	materials/masks/pulse__mask_ebb4f075.tex
1	materials/masks/_____________________mask_dafa4f93.tex
1	models/图层 311_puppet.mdl
1	materials/masks/pulse__mask_ebcd8ac8.tex
1	materials/masks/pulse__mask_85e5aedc.tex
1	materials/masks/_____________________mask_09867e67.tex
1	materials/masks/_____________________mask_cba47c80.tex
1	materials/masks/pulse__mask_6c4784de.tex
1	materials/masks/_____________________mask_9149d868.tex
1	materials/masks/_____________________mask_6c8e24f2.tex
1	materials/masks/pulse__mask_313ced84.tex
1	materials/masks/waterflow_mask_dc0b9eb5.tex
1	materials/masks/_____________________mask_985484ba.tex
1	materials/particle/snowflat_1.json
1	materials/图层 311.json
1	materials/图层 311.tex
1	particles/new_particle_system2222.json
1	materials/masks/_____________________mask_fd0818bb.tex
1	materials/masks/_____________________mask_7140a589.tex
1	materials/masks/_____________________mask_3b3d9150.tex
1	materials/presets/water_droplets_periodic.json
1	particles/presets/water_droplets_periodic.json
1	sounds/3699825177_(mp3cut.net).mp3
1	models/34534.json
1	materials/564545654.tex
1	materials/masks/waterwaves_mask_d44a8408.tex
1	materials/34534.json
1	materials/masks/shimmer_mask_b42b9ef0.tex
1	materials/34534.tex
1	materials/34534_depth.tex
1	materials/masks/waterwaves_mask_6088a0a1.tex
1	models/34234242.json
1	materials/34234242.json
1	materials/34234242.tex
1	materials/masks/pulse_mask_5d75ba5e.tex
1	materials/masks/opacity_mask_f314cbd9.tex
1	models/564545654.json
1	materials/masks/godrays_downsample2_mask_e0781e92.tex
1	materials/564545654.json
1	materials/masks/waterwaves_mask_01279fe4.tex
1	sounds/Quadrant Shield Music - γ.mp3
1	materials/伊蕾娜 果园春色 有水印横屏.json
1	models/伊蕾娜 果园春色 有水印横屏.json
1	materials/伊蕾娜 果园春色 有水印横屏.tex
1	models/伊蕾娜 提示框.json
1	materials/伊蕾娜 提示框.json
1	materials/伊蕾娜 提示框.tex
1	sounds/【ヨルシカ】「又三郎」MV【ナブナ_n-buna × suis】 - 1.4K(Av888496189,P1).mp3
1	materials/hud1.tex
1	materials/models/TDRS/NGTDRSS-MainBoxThermals.json
1	materials/sun-1.tex
1	materials/CP7S5TXT.tex
1	materials/models/lucy/POWER_CELLS_2.json
1	materials/models/太空球/DefaultMaterial.json
1	materials/CP5S3TXT.tex
1	materials/models/MMS/MMS-Bronze-sm.json
1	models/gps/gps.mdl
1	materials/workshop/3659922544/effects/geodraw2_1.json
1	materials/models/TDRS/NGTDRSS-SmallDishAttachBoxZ.json
1	materials/2k_Sun surface map.tex
1	materials/workshop/3637654840/4.tex
1	materials/models/128qt0/DefaultMaterial.json
1	models/CP5C1TXT.json
1	materials/models/lro/LRO-solarpanel-3.json
1	models/太空球 2/太空球 2.mdl
1	materials/CP3TXT.json
1	models/128qt1/128qt1.mdl
1	materials/P3TXT.tex
1	materials/星座_8k.tex
1	models/太空球/太空球.mdl
1	materials/tynb.tex
1	materials/ggxx1_镜像.tex
1	models/workshop/3637654840/17 - 副本.json
1	materials/P3S1C1TXT.json
1	materials/models/TDRS/NGTDRSS-MainBoxTopY.json
1	materials/models/GLONASS/gold_skin.json
1	materials/P3C4TXT.tex
1	shaders/effects/wxguidao5678.frag
1	effects/guidao/effect.json
1	materials/rhea4kalb.tex
1	materials/workshop/3637654840/4.json
1	materials/models/太空球 2/DefaultMaterial.json
1	materials/ggxx2_镜像.tex
1	materials/models/GLONASS/Material #26.json
1	materials/models/TDRS/NGTDRSS-MainDishCdohicky.json
1	models/太空球 3/太空球 3.mdl
1	materials/models/MMS/Default.json
1	materials/models/空间站模型/Material #68.json
1	materials/DP3TXT.tex
1	materials/effects/guidao2.json
1	materials/models/TDRS/NGTDRSS-AntennaMastPin.json
1	materials/CP3C6TXT.tex
1	materials/P3C12TXT.tex
1	materials/models/太空球 3/DefaultMaterial.json
1	materials/models/scene/ISS_AO_02_baseColor.json
1	models/太空球 4/太空球 4.mdl
1	materials/models/TDRS/NGTDRSS-SmallDishRails.json
1	materials/CP2TXT.json
1	materials/models/TDRS/NGTDRSS-MainBoxSide1Z.json
1	materials/black_krinkle.tex
1	materials/models/空间站模型/Material #67.json
1	materials/models/太空球 4/DefaultMaterial.json
1	materials/workshop/3637654840/6 - 副本.json
1	shaders/workshop/3637654840/effects/____________.vert
1	materials/models/jms/asm_corecovrs_hr_car_v002_corecov_smliSG.json
1	models/P1TXT.json
1	materials/models/lro/LRO-solarpanel-2.json
1	materials/天体坐标网格_8k.tex
1	materials/workshop/3637654840/2.tex
1	materials/6k Mars color map.tex
1	materials/CP3C4TXT.tex
1	models/p8s1/p8s1.mdl
1	materials/effects/guidao.json
1	materials/models/MMS/MMS-MainGrey-Top.json
1	materials/CP3TXT.tex
1	materials/effects/wxguidao.json
1	shaders/effects/guidao.vert
1	shaders/effects/guidao.frag
1	materials/models/lro/LRO-accs-grey-sm.json
1	materials/workshop/3637654840/10.json
1	models/CS0TXT.json
1	models/p6s4/p6s4.mdl
1	materials/models/TDRS/NGTDRSS-AntennaCresentClampRods.json
1	shaders/effects/guidao2.vert
1	effects/guidao2/effect.json
1	materials/P5S2TXT.json
1	materials/workshop/3637654840/sykmlogo.json
1	shaders/effects/wxguidao.vert
1	shaders/effects/guidao2.frag
1	materials/models/p5s2/DefaultMaterial.json
1	materials/models/jms/twrblkmliSG.json
1	materials/models/Parker/foil_silver_ramp.json
1	materials/models/BeiDou/bod_tile.json
1	materials/models/scene/plastic_black.json
1	models/p7s4/p7s4.mdl
1	models/p5s2/p5s2.mdl
1	models/CDP5TXT.json
1	materials/models/gps/gps blue.json
1	effects/wxguidao/effect.json
1	shaders/effects/wxguidao.frag
1	materials/models/空间站模型/Material #62.json
1	materials/models/gps/black metal.json
1	materials/workshop/3637654840/lock1.tex
1	effects/wxguidao5678/effect.json
1	materials/workshop/3637654840/14.tex
1	materials/models/MAVEN/foil_gold_ramp.json
1	materials/models/jms/shld_pink1SG.json
1	materials/models/曲面/DefaultMaterial.json
1	materials/CP4C2TXT.tex
1	materials/effects/wxguidao5678.json
1	shaders/effects/wxguidao5678.vert
1	models/sun-4.json
1	materials/sun-4.json
1	materials/sun-4.tex
1	materials/models/空间站模型/Material #73.json
1	materials/models/dp2s1/DefaultMaterial.json
1	materials/models/gps/gps gold.json
1	materials/P4S2TXT.tex
1	materials/models/Galileo/slv_skin.json
1	materials/masks/sun-4_mask_5cf68527.tex
1	materials/models/128qt4/DefaultMaterial.json
1	models/workshop/3637654840/reset.json
1	materials/models/TDRS/NGTDRSS-MainBoxSide1X.json
1	materials/models/lucy/FOIL.json
1	materials/models/空间站模型/Material #65.json
1	models/workshop/3637654840/3.json
1	materials/00ceres.tex
1	materials/workshop/3637654840/15.tex
1	materials/models/gps/blue gird.json
1	materials/CP3C2TXT.tex
1	fonts/Jura-Medium.ttf
1	models/CP3C3TXT.json
1	models/dp1/dp1.mdl
1	materials/CP3S1C1TXT.json
1	materials/models/lro/LRO-accs-bronze-fl.json
1	materials/models/jms/mirror_blinnSG.json
1	materials/masks/DefaultMaterial_mask_ecedbbc4.tex
1	materials/CP3C3TXT.tex
1	models/hud1.json
1	materials/P5S1TXT.tex
1	materials/CP6S2TXT.json
1	materials/CP8S8TXT.json
1	materials/flarezh1.tex
1	materials/models/BeiDou/BeiDou_dark metal.json
1	models/workshop/3637654840/dd1.json
1	models/sun-1.json
1	materials/P7S3TXT.tex
1	materials/models/jms/silver_mliSG.json
1	materials/hud1.json
1	models/Parker/Parker.mdl
1	materials/4k-Mars clouds map.tex
1	materials/sun-1.json
1	materials/models/JUNO/foil_silver.json
1	materials/CP7S5TXT.json
1	models/CP5TXT.json
1	materials/models/lucy/POWER_CELLS_3.json
1	shaders/effects/dqss2.frag
1	models/128qt0/128qt0.mdl
1	materials/CP5S2TXT.tex
1	materials/models/TDRS/NGTDRSS-SolarPanel11.json
1	materials/models/jms/omnimirror_blinnSG.json
1	materials/models/KEPLER/dish_AO.json
1	materials/masks/sun-1_mask_30d1021b.tex
1	materials/models/jms/mboom_sml_pinkmliSG.json
1	models/sun-2.json
1	materials/sun-2.json
1	materials/models/lro/Crater-flat-black.json
1	materials/sun-2.tex
1	materials/models/lro/LRO-solarpanel-6.json
1	materials/models/lucy/METAL_COVER_02.json
1	materials/models/128qt1/DefaultMaterial.json
1	materials/models/scene/material_0.json
1	models/p7s1/p7s1.mdl
1	materials/logo.tex
1	materials/-.tex
1	materials/4k-Mercury color map - xf2.tex
1	materials/CP7S2TXT.tex
1	materials/models/180qt/DefaultMaterial.json
1	materials/2k-Mercury bump map2.tex
1	models/128qt2/128qt2.mdl
1	materials/P6S1TXT.json
1	materials/models/128qt2/DefaultMaterial.json
1	models/CP5C3TXT.json
1	materials/2k3_venus_atmosphere.tex
1	models/180qt/180qt.mdl
1	materials/8k_earth_ps.tex
1	materials/P3C5TXT.tex
1	materials/mesure.tex
1	models/TDRS/TDRS.mdl
1	models/180qt3/180qt3.mdl
1	shaders/effects/____________.vert
1	materials/models/scene/ISS_03_shiny_n_baseColor.json
1	materials/Clouds final.tex
1	materials/models/180qt3/DefaultMaterial.json
1	materials/point.tex
1	materials/masks/DefaultMaterial_mask_26ffeba2.tex
1	shaders/effects/____________.frag
1	materials/models/GLONASS/helix_b.json
1	effects/____________/effect.json
1	models/EARTHNIGHT.json
1	materials/EARTHNIGHT.json
1	materials/models/dp4/DefaultMaterial.json
1	materials/models/hubble/tex_02_baseColor.json
1	materials/EARTHNIGHT.tex
1	materials/models/Galileo/bod_tile.json
1	materials/models/mro/MRO_tex_02_png.json
1	materials/effects/____________.json
1	materials/models/MMS/MMS-MainSilverInst-Sm.json
1	models/180qt1/180qt1.mdl
1	materials/P3C9TXT.tex
1	materials/models/180qt1/DefaultMaterial.json
1	materials/models/KEPLER/foil_gold_ramp_pn.json
1	models/180qt2/180qt2.mdl
1	materials/00Haumea.tex
1	materials/models/180qt2/DefaultMaterial.json
1	models/128qt4/128qt4.mdl
1	materials/models/TDRS/NGTDRSS-SmallDishColl.json
1	materials/P1TXT.tex
1	materials/CDP4TXT.tex
1	materials/XZ-2.tex
1	materials/2k-Mars bump map.tex
1	models/workshop/3637654840/16.json
1	materials/models/lro/LRO-accs-silver-fl.json
1	models/p5s3/p5s3.mdl
1	models/128qt13/128qt13.mdl
1	materials/models/mro/foil gold.json
1	materials/models/lro/LRO-accs-black-fl.json
1	materials/SSC1.json
1	materials/models/128qt13/DefaultMaterial.json
1	models/128qt5/128qt5.mdl
1	models/MAVEN/MAVEN.mdl
1	materials/models/128qt5/DefaultMaterial.json
1	materials/8k_jupiter.tex
1	models/128qt6/128qt6.mdl
1	materials/models/128qt6/DefaultMaterial.json
1	materials/2k_saturn.tex
1	materials/P3C11TXT.json
1	models/曲面/曲面.mdl
1	models/DP5TXT.json
1	materials/models/hubble/AO_1_baseColor.json
1	effects/dqss2/effect.json
1	materials/models/jms/mboom_alumSG.json
1	materials/effects/dqss2.json
1	materials/models/TDRS/NGTDRSS-MainDishChornFlat.json
1	materials/models/jms/mboon_silvermliSG.json
1	shaders/effects/dqss2.vert
1	materials/models/TDRS/NGTDRSS-MainBoxBottomDiskTriSides.json
1	models/木星环new/木星环new.mdl
1	materials/models/scene/ecostressWhite.json
1	materials/CP8S1TXT.tex
1	materials/models/lucy/DISH_ORANGE.json
1	materials/P4C1TXT.json
1	materials/models/TDRS/NGTDRSS-MainBoxSide2Z.json
1	materials/models/木星环new/saturn2_B_diffuse.json
1	models/p7s2/p7s2.mdl
1	materials/models/TDRS/NGTDRSS-MainBoxBottomDiskF.json
1	materials/models/木星环new/saturn2_B_diffuse.tex
1	materials/CP6S3TXT.tex
1	materials/workshop/3637654840/11.tex
1	models/128qt7/128qt7.mdl
1	models/CP7S2TXT.json
1	materials/models/128qt7/DefaultMaterial.json
1	materials/4k-Uranus color map.tex
1	materials/CP7S4TXT.tex
1	models/128qt8/128qt8.mdl
1	models/dp5/dp5.mdl
1	materials/models/128qt8/DefaultMaterial.json
1	materials/P8TXT.json
1	materials/2k_neptune.tex
1	models/P4S1TXT.json
1	materials/CP3C3TXT.json
1	materials/models/TDRS/NGTDRSS-MainBoxBottomY.json
1	materials/CP3S1TXT.tex
1	materials/models/dp1/DefaultMaterial.json
1	models/workshop/3637654840/solid_instance_model_b42b9ef0.json
1	materials/models/jms/whitepaintSG.json
1	models/dp2/dp2.mdl
1	materials/models/dp2/DefaultMaterial.json
1	models/rset.json
1	materials/models/scene/ISS_03_dull.001_baseColor.json
1	models/CP6S5TXT.json
1	models/workshop/3637654840/2 - 副本.json
1	materials/DP2冥王星_pluto_2k.tex
1	materials/P4C2TXT.tex
1	models/CP4C4TXT.json
1	models/dp3/dp3.mdl
1	materials/models/voy/material_3_baseColor.json
1	materials/models/scene/ISS_01_dark_baseColor.json
1	materials/models/dp3/DefaultMaterial.json
1	materials/P3C3TXT.json
1	materials/00Makemake.tex
1	materials/P6S3TXT.json
1	models/dp4/dp4.mdl
1	materials/models/lro/Crater-flat-gold.json
1	materials/models/dp5/DefaultMaterial.json
1	materials/00Eris.tex
1	materials/models/lro/LRO-DetailGreyFlat.json
1	materials/models/BeiDou/BeiDou.json
1	materials/- - 副本.tex
1	materials/models/jms/iec_pnkmli_smlSG.json
1	models/128qtmoon/128qtmoon.mdl
1	models/deimos.fbx/deimos.fbx.mdl
1	materials/P3S1C2TXT.json
1	materials/CP4S1TXT.json
1	materials/models/MMS/MMS-MainGrey.json
1	models/P5C1TXT.json
1	materials/models/Parker/base metal.json
1	materials/models/128qtmoon/DefaultMaterial.json
1	materials/00Triton.tex
1	materials/8k_moon.tex
1	fonts/Cormorant-Regular.ttf
1	materials/moon-2k-normal.tex
1	models/workshop/3637654840/7.json
1	models/未命名/未命名.mdl
1	materials/models/未命名/phobos_tex_01.json
1	materials/P4S1TXT.json
1	materials/Mars - Phobos.tex
1	materials/models/deimos.fbx/Deimos.json
1	materials/deimos2k.tex
1	materials/models/hubble/tex_03_baseColor.json
1	models/p5s1/p5s1.mdl
1	materials/models/TDRS/NGTDRSS-MainBoxDetailBlack.json
1	materials/models/p5s1/DefaultMaterial.json
1	materials/2K木1Io.tex
1	materials/CP4C4TXT.json
1	materials/models/空间站模型/Material #31.json
1	models/P5S4TXT.json
1	models/CP7S1TXT.json
1	materials/2K木2Europa.tex
1	materials/models/p5s3/DefaultMaterial.json
1	materials/2K木3ganymede.tex
1	materials/Tnext.json
1	materials/models/TDRS/NGTDRSS-MainDishSmallRodBlocks.json
1	materials/models/hubble/NASA_logo_baseColor.json
1	materials/up.tex
1	models/p5s4/p5s4.mdl
1	models/voy/voy.mdl
1	materials/models/p5s4/DefaultMaterial.json
1	materials/2K木4callisto.tex
1	materials/models/lro/LRO-DetailGoldSmooth.json
1	models/mimas/mimas.mdl
1	materials/models/hubble/AO_light_baseColor.json
1	materials/models/空间站模型/Material #60.json
1	materials/P8S1TXT.json
1	materials/models/lro/Default.json
1	models/P7S4TXT.json
1	materials/models/mimas/Mimas_mat_baseColor.json
1	models/MMS/MMS.mdl
1	materials/Mimas_mat_baseColor.tex
1	materials/models/jms/sc_sml_pmliSG1.json
1	materials/Mimas_mat_normal.tex
1	materials/models/TDRS/NGTDRSS-SmallDishCollRails.json
1	materials/models/jms/sa_edge_goldSG1.json
1	materials/CP5S3TXT.json
1	models/p6s2/p6s2.mdl
1	models/曲环X/曲环X.mdl
1	models/KEPLER/KEPLER.mdl
1	materials/models/p8s8/DefaultMaterial.json
1	materials/models/p6s2/DefaultMaterial.json
1	models/workshop/3637654840/12 - 副本.json
1	models/workshop/3637654840/10.json
1	materials/2K土2enceladus.tex
1	models/p6s3/p6s3.mdl
1	materials/CP6S1TXT.tex
1	materials/models/lro/LRO-DetailBlackFlat.json
1	materials/P3C6TXT.json
1	materials/models/p6s3/DefaultMaterial.json
1	materials/models/lucy/POWER_CELLS.json
1	materials/models/TDRS/NGTDRSS-SolarPanel22.json
1	materials/models/voy/material_2.json
1	models/point.json
1	materials/2K土3tethys.tex
1	models/曲面x/曲面x.mdl
1	materials/workshop/3637654840/reset.json
1	materials/models/p8s1/DefaultMaterial.json
1	materials/models/jms/sc_ring_ssmSG.json
1	materials/models/p6s4/DefaultMaterial.json
1	effects/workshop/3659922544/geodraw2_1/effect.json
1	materials/masks/tex_01_specularf0_mask_34173f89.tex
1	materials/2K土4dione.tex
1	materials/models/空间站模型/Material #57.json
1	models/p6s5/p6s5.mdl
1	materials/models/p6s5/DefaultMaterial.json
1	models/p6s6/p6s6.mdl
1	materials/CSSC2.tex
1	materials/models/p6s6/DefaultMaterial.json
1	models/p6s8/p6s8.mdl
1	effects/workshop/3637654840/_______________geodraw_v2_0/effect.json
1	materials/models/p6s8/DefaultMaterial.json
1	materials/00Iapetus.tex
1	materials/CP4S1TXT.tex
1	materials/tex_02_baseColor.tex
1	models/- - 副本.json
1	models/jland.json
1	materials/models/p7s1/DefaultMaterial.json
1	materials/00Ariel-0.tex
1	materials/models/空间站模型/Material #55.json
1	materials/models/JUNO/foil_antenna.json
1	materials/models/p7s2/DefaultMaterial.json
1	materials/00Umbriel.tex
1	shaders/workshop/3637654840/effects/color_grading.vert
1	models/p7s3/p7s3.mdl
1	models/CP6S6TXT.json
1	materials/models/p7s3/DefaultMaterial.json
1	models/P6S2TXT.json
1	materials/models/GLONASS/stdot.json
1	models/workshop/3637654840/13 - 副本.json
1	materials/00Titaniamap.tex
1	models/P3C7TXT.json
1	materials/models/p7s4/DefaultMaterial.json
1	materials/00Oberonmap1.tex
1	materials/models/TDRS/NGTDRSS-MainDish.json
1	models/p7s5/p7s5.mdl
1	materials/models/KEPLER/tex_01_psd.json
1	materials/models/p7s5/DefaultMaterial.json
1	materials/models/TDRS/NGTDRSS-AntennaCresent.json
1	materials/2K天5miranda3.tex
1	materials/models/scene/ecostress_metal_baseColor.json
1	materials/CP5C3TXT.json
1	models/workshop/3637654840/10 - 副本.json
1	models/p8s8/p8s8.mdl
1	materials/workshop/3637654840/3.tex
1	models/CP6TXT.json
1	materials/models/GLONASS/helix_g.json
1	materials/00ProteusNew.tex
1	models/dp2s1/dp2s1.mdl
1	materials/DP2S1TXT.json
1	materials/2K冥1卡戎.tex
1	materials/models/Parker/DefaultMaterial.json
1	materials/foil_silver_normal.tex
1	materials/workshop/3637654840/dd1.tex
1	materials/P3C2TXT.tex
1	materials/models/Parker/black matte.json
1	materials/models/TDRS/NGTDRSS-SolarPanel-bronze.json
1	materials/CSC5TXT.tex
1	materials/models/jms/shld_silv1SG.json
1	materials/models/gps/gps white.json
1	materials/models/Parker/foil_antenna.json
1	materials/models/Parker/PSP_Spec.json
1	materials/models/TDRS/NGTDRSS-AntennaCresentGreenEnds.json
1	materials/models/Parker/black_krinkle.json
1	materials/models/jms/blackpaintSG.json
1	materials/models/KEPLER/foil_silver_ramp_001.json
1	materials/models/jms/sc_rad_smliSG.json
1	materials/models/KEPLER/r_AO.json
1	materials/models/TDRS/NGTDRSS-MainDishCrails.json
1	materials/TYB-1.tex
1	materials/CP3C7TXT.json
1	materials/P3C13TXT.json
1	models/hubble/hubble.mdl
1	materials/models/Galileo/f_hole.json
1	models/lucy/lucy.mdl
1	materials/models/lucy/METAL_COVER.json
1	materials/CP4C2TXT.json
1	models/P5S2TXT.json
1	models/DP2S1TXT.json
1	models/空间站模型/空间站模型.mdl
1	models/P4C2TXT.json
1	materials/models/空间站模型/Material #56.json
1	materials/masks/shld_silv1SG_mask_22772685.tex
1	materials/P5C2TXT.tex
1	materials/models/空间站模型/Material #58.json
1	materials/P3S1TXT.json
1	materials/models/空间站模型/Material #59.json
1	materials/models/空间站模型/Material #61.json
1	materials/models/空间站模型/Material #63.json
1	materials/models/BeiDou/f_hole.json
1	materials/CP3C13TXT.tex
1	materials/models/空间站模型/Material #64.json
1	materials/P3C3TXT.tex
1	materials/models/空间站模型/Material #66.json
1	materials/models/空间站模型/Material #69.json
1	materials/P3C9TXT.json
1	materials/models/空间站模型/Material #70.json
1	materials/models/空间站模型/Material #71.json
1	materials/models/空间站模型/Material #72.json
1	models/jms/jms.mdl
1	materials/CP7S1TXT.json
1	models/CP1TXT.json
1	materials/models/scene/ISS_01_dull_baseColor.json
1	materials/P5S2TXT.tex
1	materials/workshop/3637654840/sykmlogo.tex
1	materials/ISS_01_dull_baseColor.tex
1	materials/models/scene/ISS_01_shiny_n_baseColor.json
1	models/P3C1TXT.json
1	materials/models/Galileo/gold_skin.json
1	materials/P7S2TXT.tex
1	materials/workshop/3637654840/7 - 副本.tex
1	materials/models/MAVEN/DefaultMaterial.json
1	materials/models/scene/ISS_AO_01_baseColor.json
1	materials/models/TDRS/NGTDRSS-MainBoxBottomThrustr-out.json
1	materials/models/scene/ISS_02_dull_baseColor.json
1	materials/flarez1.tex
1	materials/models/lro/Crater-smooth-gold.json
1	materials/P3C7TXT.tex
1	materials/ISS_02_dull_baseColor.tex
1	materials/models/scene/ISS_03_dull_baseColor.json
1	materials/CP5TXT.json
1	materials/models/TDRS/NGTDRSS-MainBoxBottomThrustr.json
1	models/CP6S8TXT.json
1	materials/models/gps/helix.json
1	materials/ISS_03_dull.001_baseColor.tex
1	materials/models/MAVEN/untitled_003.json
1	materials/models/scene/ecostress_baseColor.json
1	materials/models/scene/ISS_AO_06_baseColor.json
1	materials/models/scene/shiny_panel_baseColor.json
1	materials/models/scene/olive.json
1	materials/models/TDRS/NGTDRSS-SolarPanelEdges.json
1	materials/models/scene/ISS_AO_04_baseColor.json
1	materials/models/MMS/MMS-Gold-sm-tex.json
1	materials/models/scene/ISS_AO_03_baseColor.json
1	materials/models/TDRS/NGTDRSS-MainBoxBottomDiskS.json
1	materials/models/scene/foil_silver.json
1	materials/models/scene/ISS_02_dark_baseColor.json
1	models/sysk.json
1	models/pause.json
1	materials/models/scene/ISS_04_dull_baseColor.json
1	materials/ISS_04_dull_baseColor.tex
1	materials/models/scene/ISS_AO_05_baseColor.json
1	materials/CP7S4TXT.json
1	models/CP4TXT.json
1	materials/P7S5TXT.json
1	materials/models/scene/ISS_AO_07_baseColor.json
1	materials/models/scene/ISS_AO_08_baseColor.json
1	materials/models/scene/white.json
1	models/CP3C8TXT.json
1	materials/models/scene/base_metal.json
1	materials/ecostress_baseColor.tex
1	models/P4C4TXT.json
1	materials/models/TDRS/NGTDRSS-WhiteReflector.json
1	materials/CP3C12TXT.json
1	sounds/workshop/3637654840/明快单击声.mp3
1	materials/models/scene/ISS_03_dull.002_baseColor.json
1	materials/models/scene/ecostress_dexter_baseColor.json
1	materials/CP3C6TXT.json
1	materials/models/mro/foil silver antenna.json
1	materials/models/TDRS/NGTDRSS-SolarPanel55.json
1	models/CP7S5TXT.json
1	models/BeiDou/BeiDou.mdl
1	models/workshop/3637654840/5.json
1	materials/models/jms/bafl_graphiteSG.json
1	materials/models/BeiDou/gold_skin.json
1	materials/models/BeiDou/BeiDou_white.json
1	materials/workshop/3637654840/effects/color_grading.json
1	materials/mesh.tex
1	materials/models/jms/mboom_boom_pinkmliSG.json
1	materials/models/MMS/MMS-Black-sm.json
1	materials/jland.json
1	materials/models/BeiDou/stbtile2.json
1	shaders/workshop/3637654840/effects/____________.frag
1	models/GLONASS/GLONASS.mdl
1	materials/models/gps/gold_skin.json
1	models/CDP3TXT.json
1	materials/models/lro/LRO-solarpanel-bak.json
1	materials/NASA_logo_baseColor.tex
1	materials/models/gps/gps sail.json
1	materials/CP4C4TXT.tex
1	models/2k_neptune.json
1	materials/models/jms/prop_alumSG.json
1	materials/models/GLONASS/Material #31.json
1	materials/models/JUNO/foil_gold_2.tex
1	materials/P7S1TXT.tex
1	materials/CDP2S1TXT.tex
1	materials/models/GLONASS/Material #30.json
1	models/DP2TXT.json
1	models/workshop/3637654840/tb-down.json
1	materials/models/GLONASS/stbtile2.json
1	models/Galileo/Galileo.mdl
1	materials/models/jms/sc_post_pmliSG.json
1	materials/models/TDRS/NGTDRSS-AntennaCresentClamp.json
1	materials/models/Galileo/stmetal.json
1	materials/CP3C14TXT.tex
1	materials/models/Galileo/stbtile.json
1	materials/AO_1_baseColor.tex
1	materials/workshop/3637654840/2 - 副本.json
1	materials/P5TXT.json
1	materials/models/hubble/tex_01_specularf0.json
1	materials/models/TDRS/NGTDRSS-MainDishMotorsBlack.json
1	materials/models/hubble/shiny_panel_baseColor.json
1	materials/CP5C1TXT.json
1	materials/workshop/3637654840/1 - 副本.json
1	models/workshop/3637654840/9.json
1	materials/models/hubble/shiny_panel_cylinder_baseColor.json
1	materials/shiny_panel_cylinder_baseColor.tex
1	materials/models/hubble/tex_01_baseColor.json
1	materials/workshop/3637654840/8.tex
1	materials/models/jms/asm_covrcleats_hr_car_v001_twr_blkpaintSG.json
1	materials/CP6S8TXT.json
1	materials/models/lro/LRO-accs-gold-sm.json
1	materials/models/jms/bafl_black0SG.json
1	materials/models/jms/bipod_post_pmliSG.json
1	materials/point.json
1	materials/models/MMS/MMS-SolarFace2.json
1	models/S0TXT.json
1	materials/models/TDRS/NGTDRSS-AntennaCresentClampPlate.json
1	materials/models/jms/blinn2SG.json
1	materials/models/jms/blk_mliSG1.json
1	materials/models/jms/blk_mliSG.json
1	materials/models/TDRS/NGTDRSS-SolarPanel-black.json
1	materials/models/MMS/MMS-Black-Fl.json
1	materials/P3C14TXT.json
1	models/P4S2TXT.json
1	materials/models/jms/initialShadingGroup.json
1	materials/models/jms/linn3SG.json
1	materials/models/lro/LRO-solarpanel-1.json
1	materials/models/jms/sc_post_pmliSG1.json
1	materials/CP5S1TXT.tex
1	materials/models/jms/silver_mliSG1.json
1	materials/models/jms/straylgt_blkmliSG.json
1	materials/models/jms/tower_blkmli_tubesSG.json
1	materials/models/jms/sacellsSG.json
1	materials/P5C3TXT.json
1	materials/models/jms/sc_rad_smliSG1.json
1	materials/P8S8TXT.json
1	materials/models/jms/sa_edge_goldSG.json
1	models/P7S5TXT.json
1	materials/models/jms/pinkmliSG.json
1	materials/models/lro/LRO-DetailGoldFlat.json
1	materials/models/jms/asm_covrcleats_hr_car_v001_mboom_alumSG.json
1	materials/models/jms/black0_SG.json
1	models/CP3C9TXT.json
1	materials/models/jms/mboom_blkmliSG.json
1	materials/models/jms/mboom_boom_pinkmliSG1.json
1	materials/CP3C8TXT.json
1	materials/models/jms/mboom_sml_pinkmliSG1.json
1	materials/models/MMS/MMS-SolarFace3.json
1	materials/models/jms/prop_drkalumSG.json
1	materials/models/jms/sc_panels_pmliSG1.json
1	materials/models/MMS/MMS-mirror.json
1	materials/models/MAVEN/AO_parts_04.json
1	materials/models/MAVEN/untitled_002.json
1	materials/models/jms/sc_panels_pmliSG.json
1	materials/models/TDRS/NGTDRSS-MainBoxBottomThrustrEdge.json
1	materials/models/jms/sc_sml_pmliSG.json
1	materials/models/MMS/MMS-GlassClear-sm.json
1	fonts/msjh.ttc
1	materials/workshop/3637654840/4 - 副本.json
1	materials/P5S3TXT.json
1	materials/models/MMS/MMS-Gold-sm.json
1	models/P5TXT.json
1	materials/models/MMS/MMS-MainDArkGrey.json
1	materials/models/MMS/MMS-MainGrey-Bot.json
1	materials/models/TDRS/NGTDRSS-MainBoxBottomThrustrIN.json
1	materials/models/MMS/MMS-MainSilver.json
1	materials/models/MMS/MMS-Solarback.json
1	materials/models/MMS/MMS-SolarbackEdges.json
1	materials/models/MMS/MMS-SolarFace1.json
1	materials/workshop/3637654840/9 - 副本.json
1	materials/models/lro/LRO-accs-grey-fl.json
1	materials/models/MMS/MMS-SolarFace4.json
1	materials/models/TDRS/NGTDRSS-AntennaMast.json
1	materials/models/lro/LRO-solarpanel-4.json
1	materials/models/TDRS/NGTDRSS-MainBoxBottomThrustrBottom.json
1	materials/sy.tex
1	materials/models/TDRS/NGTDRSS-MainDishBox23.json
1	materials/play.json
1	materials/workshop/3637654840/10 - 副本.json
1	materials/models/TDRS/NGTDRSS-MainBoxDetailBlack-sm.json
1	materials/models/TDRS/NGTDRSS-MainBoxSide2X.json
1	models/SC2TXT.json
1	materials/models/TDRS/NGTDRSS-MainBoxTopSensor.json
1	materials/models/TDRS/NGTDRSS-MainBoxTopSensorBlack.json
1	materials/models/TDRS/NGTDRSS-MainBoxTopSensorNips.json
1	materials/P6TXT.json
1	materials/CDP3TXT.json
1	materials/models/TDRS/NGTDRSS-MainBoxXXX-black.json
1	materials/models/TDRS/NGTDRSS-MainDishChorn.json
1	materials/models/TDRS/NGTDRSS-MainDishBigRods.json
1	materials/models/TDRS/NGTDRSS-MainDishBox.json
1	models/CP3S1C2TXT.json
1	materials/models/TDRS/NGTDRSS-MainDishBox22.json
1	models/SC1TXT.json
1	materials/models/TDRS/NGTDRSS-MainDishBox24.json
1	materials/models/TDRS/NGTDRSS-MainDishDisk.json
1	materials/models/TDRS/NGTDRSS-MainDishMotors.json
1	models/P3C2TXT.json
1	materials/S0TXT.tex
1	materials/models/TDRS/NGTDRSS-MainDishRails.json
1	materials/models/TDRS/NGTDRSS-SolarPanel-Bracket.json
1	materials/models/TDRS/NGTDRSS-MainDishSmallRodEnds.json
1	materials/models/TDRS/NGTDRSS-MainDishSmallRods.json
1	materials/models/TDRS/NGTDRSS-SmallDish.json
1	materials/models/TDRS/NGTDRSS-SmallDishAttachRod.json
1	models/P6S3TXT.json
1	materials/models/TDRS/NGTDRSS-SolarPanel-black-tex.json
1	materials/workshop/3637654840/17.json
1	materials/models/TDRS/NGTDRSS-SolarPanel-gold.json
1	models/DP3TXT.json
1	materials/models/TDRS/NGTDRSS-SolarPanel33.json
1	materials/CP5S1TXT.json
1	materials/models/TDRS/NGTDRSS-SolarPanel44.json
1	materials/models/TDRS/NGTDRSS-SolarPanel66.json
1	models/lro/lro.mdl
1	materials/CP6S5TXT.json
1	materials/models/lro/LRO-accs-bronze-sm.json
1	materials/models/lro/LRO-accs-gold-fl.json
1	materials/models/lro/LRO-accs-silver-sm.json
1	materials/models/lro/LRO-accs-thermal-fl.json
1	materials/models/lro/LRO-DetailBlackSmooth.json
1	materials/models/lro/LRO-DetailGreySmooth.json
1	materials/models/lro/LRO-mainbox.json
1	materials/P6S4TXT.json
1	materials/models/lro/LRO-radiator-base.json
1	materials/models/lro/LRO-solarpanel-bronze-sm.json
1	materials/models/lro/LRO-Dish.json
1	materials/models/lro/LRO-solarpanel-5.json
1	materials/CSC5TXT.json
1	materials/models/lro/LRO-solarpanel-7.json
1	models/CP6S2TXT.json
1	models/CP8S8TXT.json
1	materials/models/lro/LRO-solarpanel-bronze.json
1	materials/CP4C1TXT.json
1	models/P5S1TXT.json
1	materials/models/lro/LRO-solarpanel-gold.json
1	materials/down.json
1	models/mro/mro.mdl
1	materials/models/mro/clear_png.json
1	materials/CP3C1TXT.tex
1	materials/models/mro/black krinkle.json
1	materials/models/mro/foil silver.json
1	materials/models/MAVEN/untitled_001.json
1	models/P8TXT.json
1	materials/pause.json
1	materials/models/mro/MRO_tex_01_png.json
1	materials/models/JUNO/foil_gold_2.json
1	materials/models/MAVEN/untitled.json
1	materials/models/mro/MRO_tex_01_png_001.json
1	materials/models/MAVEN/foil_silver_ramp.json
1	materials/models/MAVEN/AO_parts_01.json
1	materials/workshop/3637654840/tb-down.json
1	materials/P2TXT.json
1	materials/models/MAVEN/tex_01.json
1	models/JUNO/JUNO.mdl
1	materials/CSC2TXT.tex
1	materials/models/JUNO/black_krinkle.json
1	materials/models/JUNO/foil_antenna.tex
1	materials/models/JUNO/Juno_Texture_Solar.json
1	materials/models/JUNO/Juno_Texture_Solar.tex
1	materials/models/JUNO/Juno_Texture_Solar2.json
1	materials/CDP5TXT.json
1	materials/models/JUNO/Juno_Texture_Solar2.tex
1	materials/CDP5TXT.tex
1	materials/workshop/3637654840/4 - 副本.tex
1	materials/P5S3TXT.tex
1	materials/models/JUNO/Juno_Texture.json
1	materials/models/JUNO/Juno_Texture.tex
1	models/-.json
1	materials/models/voy/material_0_baseColor.json
1	materials/models/voy/material_1_baseColor.json
1	materials/P7S3TXT.json
1	materials/models/voy/material_4_baseColor.json
1	models/ray/ray.mdl
1	materials/models/曲面x/DefaultMaterial.json
1	materials/models/ray/Rays_material.json
1	materials/4k 3Sun rays map.tex
1	materials/网格.tex
1	models/曲环/曲环.mdl
1	models/Tnext.json
1	materials/models/曲环/DefaultMaterial.json
1	materials/lpx.tex
1	materials/models/曲环X/DefaultMaterial.json
1	materials/CP3C13TXT.json
1	materials/lp.tex
1	materials/S0TXT.json
1	materials/P1TXT.json
1	materials/CDP4TXT.json
1	models/P2TXT.json
1	materials/workshop/3637654840/tb-down.tex
1	materials/P2TXT.tex
1	models/P3TXT.json
1	materials/P3TXT.json
1	models/P4TXT.json
1	materials/P4TXT.json
1	materials/CDP1TXT.json
1	materials/P4TXT.tex
1	materials/CDP1TXT.tex
1	materials/workshop/3637654840/2 - 副本.tex
1	materials/P5TXT.tex
1	models/P6TXT.json
1	materials/CSSC1.tex
1	materials/P6TXT.tex
1	materials/CDP3TXT.tex
1	models/P7TXT.json
1	shaders/workshop/3659922544/effects/geodraw2_1.vert
1	materials/P7TXT.json
1	materials/CDP2TXT.json
1	materials/ZK.json
1	materials/P7TXT.tex
1	materials/CDP2TXT.tex
1	materials/ZK.tex
1	materials/P8TXT.tex
1	models/DP1TXT.json
1	materials/DP1TXT.json
1	materials/DP1TXT.tex
1	materials/DP2TXT.json
1	models/CP6S1TXT.json
1	materials/DP2TXT.tex
1	models/DP4TXT.json
1	materials/DP4TXT.json
1	models/solid_instance_model_d8460aba.json
1	materials/DP4TXT.tex
1	materials/DP3TXT.json
1	materials/DP5TXT.json
1	materials/DP5TXT.tex
1	models/P3S1TXT.json
1	materials/P3S1TXT.tex
1	materials/P4S1TXT.tex
1	materials/P4S2TXT.json
1	materials/P5S1TXT.json
1	materials/flarezh1.json
1	models/CP8TXT.json
1	models/P5S3TXT.json
1	materials/P5S4TXT.json
1	materials/P5S4TXT.tex
1	models/P6S1TXT.json
1	materials/P6S1TXT.tex
1	materials/P6S2TXT.json
1	materials/P6S2TXT.tex
1	materials/P6S3TXT.tex
1	models/P6S4TXT.json
1	materials/P6S4TXT.tex
1	models/P6S5TXT.json
1	models/P8S1TXT.json
1	materials/CS0TXT.json
1	materials/P6S5TXT.json
1	materials/CS0TXT.tex
1	materials/P6S5TXT.tex
1	models/P6S6TXT.json
1	materials/P6S6TXT.json
1	materials/P6S6TXT.tex
1	models/P6S8TXT.json
1	materials/P6S8TXT.json
1	materials/P6S8TXT.tex
1	models/P7S1TXT.json
1	materials/P7S1TXT.json
1	materials/CDP2S1TXT.json
1	materials/workshop/3637654840/16.json
1	models/P7S2TXT.json
1	materials/P5C1TXT.tex
1	materials/P7S2TXT.json
1	materials/CP6S2TXT.tex
1	materials/CP8S8TXT.tex
1	models/P7S3TXT.json
1	materials/P7S4TXT.json
1	materials/P7S4TXT.tex
1	materials/P7S5TXT.tex
1	models/CP7S3TXT.json
1	materials/P8S1TXT.tex
1	models/P8S8TXT.json
1	materials/P3C4TXT.json
1	materials/P8S8TXT.tex
1	materials/DP2S1TXT.tex
1	materials/SC1TXT.json
1	materials/SC1TXT.tex
1	materials/SC2TXT.json
1	models/P3C9TXT.json
1	materials/SC2TXT.tex
1	materials/CP4S2TXT.json
1	models/P5C2TXT.json
1	materials/P5C2TXT.json
1	materials/P3C1TXT.json
1	materials/P3C1TXT.tex
1	materials/workshop/3637654840/dd1.json
1	materials/P3C2TXT.json
1	models/P3C3TXT.json
1	models/SSC1.json
1	models/P3C4TXT.json
1	models/P3C5TXT.json
1	materials/P3C5TXT.json
1	materials/mesure.json
1	models/P3C6TXT.json
1	materials/P3C6TXT.tex
1	materials/flarez1.json
1	materials/P3C7TXT.json
1	models/CSSC1.json
1	models/P3C8TXT.json
1	materials/P3C8TXT.json
1	materials/P3C8TXT.tex
1	models/P3C11TXT.json
1	materials/P3C11TXT.tex
1	models/P3C12TXT.json
1	materials/P3C12TXT.json
1	models/P3C13TXT.json
1	materials/P3C13TXT.tex
1	materials/CP8S1TXT.json
1	models/P3C14TXT.json
1	materials/P3C14TXT.tex
1	models/P3S1C1TXT.json
1	materials/P3S1C1TXT.tex
1	models/P3S1C2TXT.json
1	materials/P3S1C2TXT.tex
1	models/P4C1TXT.json
1	materials/P4C1TXT.tex
1	materials/P4C2TXT.json
1	models/P5C3TXT.json
1	models/CP4S1TXT.json
1	materials/P4C4TXT.json
1	materials/P4C4TXT.tex
1	models/workshop/3637654840/8.json
1	materials/P5C1TXT.json
1	materials/P5C3TXT.tex
1	materials/SSC1.tex
1	models/SSC2.json
1	materials/SSC2.json
1	materials/SSC2.tex
1	materials/CP1TXT.json
1	materials/workshop/3637654840/15.json
1	materials/CP1TXT.tex
1	materials/CP3C2TXT.json
1	models/CP2TXT.json
1	materials/-.json
1	materials/CP7S2TXT.json
1	materials/CP2TXT.tex
1	materials/CP7S3TXT.json
1	models/CP3TXT.json
1	materials/CP4TXT.json
1	materials/CP4TXT.tex
1	models/workshop/3637654840/2.json
1	materials/CP5TXT.tex
1	materials/CP6TXT.json
1	materials/CP6TXT.tex
1	models/CP7TXT.json
1	materials/CP7TXT.json
1	materials/CP7TXT.tex
1	materials/CP8TXT.json
1	materials/CP8TXT.tex
1	models/CDP1TXT.json
1	models/CDP2TXT.json
1	models/CDP4TXT.json
1	models/CP3S1TXT.json
1	materials/CP6S6TXT.json
1	materials/CP3S1TXT.json
1	models/CP4S2TXT.json
1	materials/CP4S2TXT.tex
1	models/CP5S1TXT.json
1	models/CP5S2TXT.json
1	materials/CP5S2TXT.json
1	models/CP5S3TXT.json
1	models/CP5S4TXT.json
1	materials/CP6S4TXT.tex
1	materials/CP5S4TXT.json
1	materials/CP5S4TXT.tex
1	materials/CP6S1TXT.json
1	models/CP6S3TXT.json
1	materials/CP6S3TXT.json
1	models/workshop/3637654840/3 - 副本.json
1	models/CP6S4TXT.json
1	materials/CP6S4TXT.json
1	materials/CP6S5TXT.tex
1	materials/CP6S6TXT.tex
1	materials/CP6S8TXT.tex
1	materials/CP7S1TXT.tex
1	materials/CP7S3TXT.tex
1	models/CP7S4TXT.json
1	models/CP8S1TXT.json
1	models/CDP2S1TXT.json
1	models/CSC1TXT.json
1	materials/CSC1TXT.json
1	materials/CSC1TXT.tex
1	models/CSC2TXT.json
1	materials/CSC2TXT.json
1	models/CSC5TXT.json
1	models/flarez2.json
1	models/CP3C1TXT.json
1	materials/CP3C1TXT.json
1	models/CP3C2TXT.json
1	models/CP3C4TXT.json
1	materials/workshop/3637654840/2.json
1	materials/CP3C4TXT.json
1	materials/flarez2.tex
1	models/CP3C5TXT.json
1	materials/CP3C5TXT.json
1	materials/CP3C5TXT.tex
1	models/CP3C6TXT.json
1	models/CP3C7TXT.json
1	materials/CP3C7TXT.tex
1	materials/CP3C8TXT.tex
1	materials/CP3C9TXT.json
1	materials/CP3C9TXT.tex
1	models/CP3C11TXT.json
1	materials/CP3C11TXT.json
1	materials/CP3C11TXT.tex
1	models/CP3C12TXT.json
1	materials/CP3C12TXT.tex
1	models/workshop/3637654840/15 - 副本.json
1	models/CP3C13TXT.json
1	materials/next.tex
1	models/CP3C14TXT.json
1	materials/CP3C14TXT.json
1	models/CP3S1C1TXT.json
1	materials/CP3S1C1TXT.tex
1	models/workshop/3637654840/clock.json
1	materials/CP3S1C2TXT.json
1	materials/CP3S1C2TXT.tex
1	models/oplay.json
1	models/CP4C1TXT.json
1	materials/CP4C1TXT.tex
1	materials/sy.json
1	models/CP4C2TXT.json
1	materials/CP5C1TXT.tex
1	models/workshop/3637654840/8 - 副本.json
1	materials/CP5C3TXT.tex
1	fonts/workshop/3637654840/A-OTF-GothicMB101Pro-Light.otf
1	materials/CSSC1.json
1	materials/flarez2.json
1	models/CSSC2.json
1	materials/CSSC2.json
1	fonts/workshop/3637654840/Dengb.ttf
1	models/flarez1.json
1	models/flarezh1.json
1	models/ZK.json
1	shaders/workshop/3659922544/effects/geodraw2_1.frag
1	models/+ - 副本.json
1	materials/+ - 副本.json
1	materials/+ - 副本.tex
1	materials/- - 副本.json
1	models/up.json
1	models/next.json
1	materials/next.json
1	models/mesure.json
1	models/mesh.json
1	materials/mesh.json
1	materials/up.json
1	models/down.json
1	materials/workshop/3637654840/6.json
1	materials/down.tex
1	sounds/Outer Wilds.mp3
1	materials/workshop/3637654840/5 - 副本.json
1	materials/rset.json
1	materials/workshop/3637654840/5 - 副本.tex
1	materials/rset.tex
1	models/workshop/3637654840/dd.json
1	materials/pause.tex
1	models/play.json
1	materials/play.tex
1	effects/workshop/3637654840/color_grading/effect.json
1	shaders/workshop/3637654840/effects/color_grading.frag
1	materials/Tnext.tex
1	materials/oplay.json
1	materials/oplay.tex
1	models/opause.json
1	materials/opause.json
1	materials/opause.tex
1	models/sy.json
1	materials/sysk.json
1	materials/sysk.tex
1	materials/workshop/3637654840/dd.json
1	materials/workshop/3637654840/dd.tex
1	materials/workshop/3637654840/effects/_______________geodraw_v2_0.json
1	shaders/workshop/3637654840/effects/_______________geodraw_v2_0.vert
1	shaders/workshop/3637654840/effects/_______________geodraw_v2_0.frag
1	models/workshop/3637654840/9 - 副本.json
1	models/workshop/3637654840/dockd.json
1	materials/workshop/3637654840/dockd.json
1	materials/workshop/3637654840/dockd.tex
1	models/workshop/3637654840/1.json
1	materials/workshop/3637654840/1.json
1	materials/workshop/3637654840/1.tex
1	effects/workshop/3637654840/____________/effect.json
1	materials/workshop/3637654840/effects/____________.json
1	materials/workshop/3637654840/3.json
1	models/workshop/3637654840/4.json
1	materials/workshop/3637654840/5.json
1	materials/workshop/3637654840/5.tex
1	models/workshop/3637654840/6.json
1	materials/workshop/3637654840/6.tex
1	materials/workshop/3637654840/7.json
1	materials/workshop/3637654840/7.tex
1	materials/workshop/3637654840/8.json
1	materials/workshop/3637654840/9.json
1	materials/workshop/3637654840/9.tex
1	materials/workshop/3637654840/10.tex
1	models/workshop/3637654840/11.json
1	materials/workshop/3637654840/11.json
1	models/workshop/3637654840/12.json
1	materials/workshop/3637654840/12.json
1	materials/workshop/3637654840/12.tex
1	models/workshop/3637654840/13.json
1	materials/workshop/3637654840/13.json
1	materials/workshop/3637654840/13.tex
1	models/workshop/3637654840/14.json
1	materials/workshop/3637654840/14.json
1	models/workshop/3637654840/15.json
1	materials/workshop/3637654840/16.tex
1	models/workshop/3637654840/17.json
1	materials/workshop/3637654840/17.tex
1	models/workshop/3637654840/1 - 副本.json
1	materials/workshop/3637654840/1 - 副本.tex
1	materials/workshop/3637654840/3 - 副本.json
1	materials/workshop/3637654840/3 - 副本.tex
1	models/workshop/3637654840/4 - 副本.json
1	models/workshop/3637654840/5 - 副本.json
1	models/workshop/3637654840/6 - 副本.json
1	materials/workshop/3637654840/6 - 副本.tex
1	models/workshop/3637654840/7 - 副本.json
1	materials/workshop/3637654840/7 - 副本.json
1	materials/workshop/3637654840/8 - 副本.json
1	materials/workshop/3637654840/8 - 副本.tex
1	materials/workshop/3637654840/9 - 副本.tex
1	materials/workshop/3637654840/10 - 副本.tex
1	models/workshop/3637654840/11 - 副本.json
1	materials/workshop/3637654840/11 - 副本.json
1	materials/workshop/3637654840/11 - 副本.tex
1	materials/workshop/3637654840/12 - 副本.json
1	materials/workshop/3637654840/12 - 副本.tex
1	materials/workshop/3637654840/13 - 副本.json
1	materials/workshop/3637654840/13 - 副本.tex
1	models/workshop/3637654840/14 - 副本.json
1	materials/workshop/3637654840/14 - 副本.json
1	materials/workshop/3637654840/14 - 副本.tex
1	materials/workshop/3637654840/15 - 副本.json
1	materials/workshop/3637654840/15 - 副本.tex
1	models/workshop/3637654840/16 - 副本.json
1	materials/workshop/3637654840/16 - 副本.json
1	materials/workshop/3637654840/16 - 副本.tex
1	materials/workshop/3637654840/17 - 副本.json
1	materials/workshop/3637654840/17 - 副本.tex
1	fonts/workshop/3637654840/chathura-regular.ttf
1	materials/jland.tex
1	effects/workshop/3637654840/geodraw2_1/effect.json
1	materials/workshop/3637654840/effects/geodraw2_1.json
1	shaders/workshop/3637654840/effects/geodraw2_1.vert
1	shaders/workshop/3637654840/effects/geodraw2_1.frag
1	models/workshop/3637654840/sykmlogo.json
1	fonts/workshop/3637654840/msjh.ttc
1	models/workshop/3637654840/onoff.json
1	materials/workshop/3637654840/clock.json
1	materials/workshop/3637654840/onoff.json
1	materials/workshop/3637654840/clock.tex
1	materials/workshop/3637654840/onoff.tex
1	models/workshop/3637654840/ICON.json
1	materials/workshop/3637654840/ICON.json
1	materials/workshop/3637654840/ICON.tex
1	materials/workshop/3637654840/reset.tex
1	models/workshop/3637654840/lock2.json
1	materials/workshop/3637654840/lock2.json
1	materials/workshop/3637654840/lock2.tex
1	models/workshop/3637654840/lock1.json
1	materials/workshop/3637654840/lock1.json
1	sounds/workshop/3637654840/低沉单击.mp3
1	scripts/camera_paths_705.json
1	sounds/Andreas Waldetoft - Faster Than Light (Inst_).ogg
1	sounds/Melodysheep - Ether.ogg
1	sounds/Rafael Krux - Fairy Tale World.ogg
1	materials/2k_neptune.json
1	materials/workshop/3600631810/effects/blur_precise_gaussian_y.json
1	materials/人物分层.tex
1	materials/workshop/2235092354/particle/skylantern4.tex
1	effects/workshop/3600631810/blurprecise/effect.json
1	materials/workshop/2235092354/particle/halo_1.json
1	particles/workshop/2235092354/skylantern_1_child_copy1.json
1	particles/workshop/2235092354/skylantern_1_copy1.json
1	materials/workshop/2235092354/particle/halo_2_1.json
1	materials/workshop/3600631810/effects/blur_precise_gaussian_x.json
1	particles/workshop/2235092354/skylantern_1_child2_copy1.json
1	materials/workshop/2235092354/particle/halo_2.json
1	models/城墙.json
1	materials/workshop/2446178284/particle/halo_3.json
1	particles/workshop/2446178284/falling_dust_copy1.json
1	materials/城墙.json
1	materials/城墙.tex
1	models/人物分层.json
1	materials/人物分层.json
1	models/人物分层_puppet.mdl
1	materials/masks/shine_downsample2_mask_547e1c47.tex
1	materials/masks/shimmer_mask_3dd8ef38.tex
1	materials/masks/shake_mask_67c25dd3.tex
1	materials/masks/shake_mask_b07bb979.tex
1	materials/masks/iris_mask_ef33ffea.tex
1	materials/masks/waterwaves_mask_59ff63c3.tex
1	materials/masks/waterwaves_mask_fd5fb9c8.tex
1	materials/masks/iris_mask_d882df96.tex
1	materials/presets/ember_beams.json
1	particles/presets/ember_beams.json
1	materials/workshop/2550340810/presets/snowperspective.json
1	materials/workshop/2550340810/particle/spritesheet_tiny.tex
1	particles/workshop/2550340810/presets/snowperspective.json
1	models/树枝.json
1	materials/树枝.json
1	materials/树枝.tex
1	materials/masks/foliagesway_mask_5d5e2fd2.tex
1	models/水印.json
1	materials/水印.json
1	materials/水印.tex
1	fonts/hanyihanbingzhenshu.ttf
1	shaders/workshop/3600631810/effects/blur_precise_gaussian.vert
1	shaders/workshop/3600631810/effects/blur_precise_gaussian.frag
1	models/workshop/3600631810/QQ20251113-233626.json
1	materials/workshop/3600631810/QQ20251113-233626.json
1	materials/workshop/3600631810/QQ20251113-233626.tex
1	materials/masks/chromatic_aberration_mask_e6915174.tex
1	sounds/仁辰,于行 - China-新年.mp3
1	sounds/烟花.mp3
1	models/Leon.json
1	materials/Leon.json
1	materials/Leon.tex
1	effects/workshop/3605860878/scroll/effect.json
1	materials/masks/depthparallax_mask_c093ecdd.tex
1	shaders/workshop/3632410990/effects/refract.vert
1	shaders/workshop/3632410990/effects/refract.frag
1	effects/workshop/3632410990/chromaticaberration/effect.json
1	fonts/workshop/3632410990/Robloxian.ttf
1	fonts/workshop/3632410990/Tommy.otf
1	shaders/workshop/3632410990/effects/tint.vert
1	effects/workshop/3632410990/tint/effect.json
1	fonts/requiem_9___a_resident_evil_based_font_by_snakeyboy_dl5nsip.ttf
1	models/Resident_Evil_Requiem_logo.json
1	materials/Resident_Evil_Requiem_logo.json
1	models/workshop/3632410990/Album Cover - Plastic V2.json
1	materials/Resident_Evil_Requiem_logo.tex
1	materials/workshop/3605860878/effects/scroll.json
1	shaders/workshop/3605860878/effects/scroll.vert
1	shaders/workshop/3605860878/effects/scroll.frag
1	models/workshop/3632410990/Album Cover Con Lineas.json
1	materials/workshop/3632410990/Album Cover Con Lineas.json
1	materials/workshop/3632410990/Album Cover Con Lineas.tex
1	models/workshop/3632410990/solid_instance_model_9348fc84.json
1	effects/workshop/3632410990/refraction/effect.json
1	materials/workshop/3632410990/effects/refract.json
1	materials/workshop/3632410990/effects/refractnormal.tex
1	materials/workshop/3632410990/effects/tint.json
1	shaders/workshop/3632410990/effects/chromatic_aberration.vert
1	shaders/workshop/3632410990/effects/tint.frag
1	materials/workshop/3632410990/PlayerPlayBold.tex
1	effects/workshop/3632410990/frame_builder/effect.json
1	materials/workshop/3632410990/effects/frame_builder.json
1	shaders/workshop/3632410990/effects/frame_builder.vert
1	shaders/workshop/3632410990/effects/frame_builder.frag
1	materials/workshop/3632410990/effects/chromatic_aberration.json
1	shaders/workshop/3632410990/effects/chromatic_aberration.frag
1	models/workshop/3632410990/Album Cover.json
1	fonts/workshop/3632410990/Gobold.otf
1	fonts/workshop/3632410990/Rezerv.ttf
1	materials/workshop/3632410990/Album Cover.json
1	materials/workshop/3632410990/Album Cover.tex
1	effects/workshop/3632410990/blend/effect.json
1	models/workshop/3632410990/PlayerPlayBold.json
1	materials/workshop/3632410990/effects/blend.json
1	shaders/workshop/3632410990/effects/blend.vert
1	shaders/workshop/3632410990/effects/blend.frag
1	effects/workshop/3632410990/blendgradient/effect.json
1	materials/workshop/3632410990/effects/blendgradient.json
1	shaders/workshop/3632410990/effects/blendgradient.vert
1	shaders/workshop/3632410990/effects/blendgradient.frag
1	materials/workshop/3632410990/05.tex
1	materials/workshop/3632410990/Album Cover - Plastic V2.json
1	materials/workshop/3632410990/Album Cover - Plastic V2.tex
1	effects/workshop/3632410990/enhanced_simple_audio_bars/effect.json
1	materials/workshop/3632410990/effects/Simple_Audio_Bars.json
1	shaders/workshop/3632410990/effects/Simple_Audio_Bars.vert
1	shaders/workshop/3632410990/effects/Simple_Audio_Bars.frag
1	models/workshop/3632410990/PlayerStartBold.json
1	materials/workshop/3632410990/PlayerStartBold.json
1	materials/workshop/3632410990/PlayerStartBold.tex
1	materials/workshop/3632410990/PlayerPlayBold.json
1	models/workshop/3632410990/PlayerPauseBold.json
1	materials/workshop/3632410990/PlayerPauseBold.json
1	materials/workshop/3632410990/PlayerPauseBold.tex
1	fonts/workshop/3632410990/Alte Haas Grotesk.ttf
1	fonts/workshop/3632410990/Decima Mono Cyr.ttf
1	fonts/workshop/3632410990/Coolvetica.otf
1	fonts/workshop/3632410990/Akira Expanded.otf
1	fonts/workshop/3632410990/Arcade.ttf
1	fonts/workshop/3632410990/Kenyan Coffee.otf
1	fonts/workshop/3632410990/Bronson.ttf
1	fonts/workshop/3632410990/Built Titling BD.otf
1	fonts/workshop/3632410990/Fake Pearl.ttf
1	fonts/workshop/3632410990/Roboto.ttf
1	fonts/workshop/3632410990/Heavitas.ttf
1	fonts/workshop/3632410990/Moderniz.otf
1	fonts/workshop/3632410990/Montserrat.ttf
1	fonts/workshop/3632410990/Nature.ttf
1	fonts/workshop/3632410990/Superbastone.ttf
1	fonts/workshop/3632410990/sylfaen.ttf
1	fonts/workshop/3632410990/Vin Mono Pro.otf
1	fonts/workshop/3632410990/Whitrabt.ttf
1	materials/背景天.json
1	models/背景天.json
1	models/草地.json
1	materials/背景天.tex
1	materials/masks/waterflow_mask_725a1557.tex
1	models/背景湖.json
1	materials/背景湖.json
1	materials/masks/waterwaves_mask_68fcf637.tex
1	materials/背景湖.tex
1	materials/masks/waterwaves_mask_b3358b60.tex
1	materials/装饰品.tex
1	materials/前景水.tex
1	materials/masks/waterwaves_mask_e13ac3b2.tex
1	models/前景水.json
1	materials/particle/水3.tex
1	materials/装饰品.json
1	materials/前景水.json
1	materials/masks/waterwaves_mask_8f439ba8.tex
1	materials/particle/图层 1.tex
1	models/凳子猫.json
1	materials/凳子猫.json
1	materials/凳子猫.tex
1	models/凳子猫_puppet.mdl
1	materials/草地.json
1	materials/草地.tex
1	materials/masks/waterwaves_mask_ea3d6420.tex
1	models/门.json
1	materials/门.json
1	materials/门.tex
1	materials/masks/waterwaves_mask_bb3f5e06.tex
1	materials/masks/waterwaves_mask_92fa1fcb.tex
1	materials/masks/waterwaves_mask_eb05e59f.tex
1	models/装饰品.json
1	materials/masks/shake_mask_ebbdf457.tex
1	models/装饰品1.json
1	materials/装饰品1.json
1	materials/装饰品1.tex
1	materials/masks/waterwaves_mask_86b81ad9.tex
1	materials/presets/leaves4.json
1	particles/presets/leaves4.json
1	materials/presets/leaves4b.json
1	materials/particle/图层 2.tex
1	particles/presets/leaves4b.json
1	materials/masks/opacity_mask_d4553ea8.tex
1	models/Water-up-M100.json
1	models/Phos-curled-D50.json
1	materials/Phos-curled-D50.json
1	materials/Phos-curled-D50.tex
1	materials/Water-up-M100.json
1	materials/Water-up-M100.tex
1	particles/bubbleclick.json
1	models/1091500_20260323180659_1_43_background.json
1	materials/1091500_20260323180625_1_22_background_colorized.json
1	models/1091500_20260323180625_1_22_background_colorized.json
1	models/Ad beam 3 all scaled.json
1	materials/1091500_20260323180637_1_24_background_tower.json
1	materials/1091500_20260323180625_1_22_background_colorized.tex
1	materials/1091500_20260323180637_1_24_background.json
1	models/1091500_20260323180637_1_24_background.json
1	materials/1091500_20260323180637_1_24_background.tex
1	materials/1091500_20260323180659_1_43_background.json
1	materials/1091500_20260323180659_1_43_background.tex
1	models/1091500_20260323180833_1_20_background.json
1	materials/1091500_20260323180833_1_20_background.json
1	materials/1091500_20260323180833_1_20_background.tex
1	models/Ad beam 2 all scaled.json
1	fonts/SamuraiShadow.otf
1	models/lightbeam.json
1	materials/lightbeam.json
1	materials/lightbeam.tex
1	models/giant_commercial_stripe_c scaled.json
1	models/car2_small.json
1	materials/masks/waterflow_mask_6163d012.tex
1	models/giant_commercial_stripe_a scaled.json
1	materials/giant_commercial_stripe_a scaled.json
1	materials/giant_commercial_stripe_a scaled.tex
1	materials/Ad beam 2 all scaled.json
1	materials/1091500_20260323180625_1_22_background_cover_colorized.json
1	models/1091500_20260323180625_1_22_background_colorized_tower.json
1	models/Ad beam 1 all scaled.json
1	materials/Ad beam 1 all scaled.json
1	materials/Ad beam 1 all scaled.tex
1	models/giant_commercial_stripe_b_censored scaled.json
1	materials/Ad beam 3 all scaled.tex
1	materials/giant_commercial_stripe_b_censored scaled.json
1	materials/masks/waterflow_mask_0fadda7c.tex
1	materials/giant_commercial_stripe_b_censored scaled.tex
1	materials/Ad beam 2 all scaled.tex
1	materials/car2_small.json
1	materials/giant_commercial_stripe_c scaled.json
1	materials/car2_small.tex
1	materials/giant_commercial_stripe_c scaled.tex
1	materials/Ad beam 3 all scaled.json
1	models/1091500_20260323180625_1_22_background_cover_colorized.json
1	models/V female night.json
1	materials/1091500_20260323180625_1_22_background_cover_colorized.tex
1	materials/masks/waterripple_mask_59b89fa7.tex
1	materials/masks/waterflow_mask_895ea35e.tex
1	models/1091500_20260323180637_1_24_background_cover.json
1	materials/1091500_20260323180637_1_24_background_cover.json
1	materials/1091500_20260323180637_1_24_background_cover.tex
1	models/1091500_20260323180659_1_43_background_cover.json
1	materials/1091500_20260323180659_1_43_background_cover.json
1	materials/1091500_20260323180659_1_43_background_cover.tex
1	models/1091500_20260323180833_1_20_background_cover.json
1	materials/1091500_20260323180833_1_20_background_cover.json
1	materials/1091500_20260323180833_1_20_background_cover.tex
1	models/car3_small.json
1	materials/car3_small.json
1	materials/car3_small.tex
1	materials/1091500_20260323180625_1_22_background_colorized_tower.json
1	materials/1091500_20260323180625_1_22_background_colorized_tower.tex
1	models/1091500_20260323180637_1_24_background_tower.json
1	materials/1091500_20260323180637_1_24_background_tower.tex
1	models/1091500_20260323180659_1_43_background_tower.json
1	materials/1091500_20260323180659_1_43_background_tower.json
1	materials/1091500_20260323180659_1_43_background_tower.tex
1	models/1091500_20260323180833_1_20_background_tower.json
1	materials/1091500_20260323180833_1_20_background_tower.json
1	materials/1091500_20260323180833_1_20_background_tower.tex
1	models/car1.json
1	materials/car1.json
1	materials/car1.tex
1	models/1091500_20260323211341_1_22_cut.json
1	materials/1091500_20260323211341_1_22_cut.json
1	materials/1091500_20260323211341_1_22_cut.tex
1	materials/masks/waterripple_mask_132838b2.tex
1	materials/masks/depthparallax_mask_e7f74155.tex
1	models/1091500_20260323211341_1_22_cut_base.json
1	materials/1091500_20260323211341_1_22_cut_base.json
1	materials/1091500_20260323211341_1_22_cut_base.tex
1	materials/V female night.json
1	materials/V female night.tex
1	materials/masks/waterripple_mask_18e3118a.tex
1	materials/masks/shake_mask_6441a813.tex
1	materials/masks/shake_mask_ba4e9985.tex
1	materials/masks/shake_mask_ea9186de.tex
1	materials/masks/shake_mask_993e7000.tex
1	materials/masks/twirl_mask_f011ba79.tex
1	models/V male night.json
1	materials/V male night.json
1	materials/V male night.tex
1	sounds/Cyberpunk 2077 - Outsider No More.mp3
1	sounds/all the stars - (prod. adturnup).mp3
1	materials/wyxina-tresse-VHheLPbASts-unsplash (1).json
1	models/wyxina-tresse-VHheLPbASts-unsplash (1).json
1	materials/wyxina-tresse-VHheLPbASts-unsplash (1).tex
1	materials/wyxina-tresse-VHheLPbASts-unsplash (1)_depth.tex
1	materials/presets/starfield.json
1	particles/presets/starfield.json
1	sounds/calming-rain-257596.mp3
1	models/oleh-morhun-PabMaLf6cOs-unsplash (1).json
1	materials/oleh-morhun-PabMaLf6cOs-unsplash (1).json
1	materials/oleh-morhun-PabMaLf6cOs-unsplash (1).tex
1	materials/masks/foliagesway_mask_c0d4bef6.tex
1	materials/masks/foliagesway_mask_83c2acbc.tex
1	effects/workshop/3612110662/enhanced_simple_audio_bars/effect.json
1	materials/workshop/2097947622/particle/starfield_3.json
1	particles/workshop/2097947622/3.json
1	shaders/workshop/3612110662/effects/Simple_Audio_Bars.vert
1	materials/workshop/3612110662/effects/Simple_Audio_Bars.json
1	sounds/diedlonely - bipolar (slowed + reverb).mp3
1	shaders/workshop/3612110662/effects/Simple_Audio_Bars.frag
1	models/FBX3/FBX3.mdl
1	models/Sky/Sky.mdl
1	materials/models/FBX3/DJK_0078_0out.tex
1	materials/models/FBX3/DJK_0096_0out.tex
1	materials/models/Sky/086_hdrmaps_com_free_1.json
1	materials/models/FBX3/DJK_0090_0out.tex
1	materials/models/FBX3/DJK_0158_0out.json
1	materials/models/FBX3/DJK_1.json
1	materials/models/FBX3/DJK_0102_0out.tex
1	materials/models/FBX3/DJK_0047_0out.tex
1	materials/models/FBX3/DJK_0018_0out.tex
1	materials/086_hdrmaps_com_free_1.tex
1	materials/models/FBX3/DJK_0122_0out.json
1	materials/Mask2.tex
1	materials/models/FBX3/DJK_0158_0out.tex
1	materials/models/FBX3/DJK_0027_0out.json
1	materials/models/FBX3/DJK_1.tex
1	materials/models/FBX3/DJK_0146_0out.json
1	materials/models/FBX3/DJK_0024_0out.json
1	materials/models/FBX3/DJK_0146_0out.tex
1	materials/models/FBX3/DJK_0173_0out.tex
1	materials/models/FBX3/DJK_0143_0out.json
1	materials/models/FBX3/DJK_0143_0out.tex
1	materials/models/FBX3/DJK_0081_0out.json
1	materials/models/FBX3/DJK_0071_0out.json
1	materials/models/FBX3/DJK_0081_0out.tex
1	materials/models/FBX3/DJK_0102_0out.json
1	materials/models/FBX3/DJK_0047_0out.json
1	materials/models/FBX3/DJK_0018_0out.json
1	materials/SonicBODY.tex
1	materials/models/FBX3/DJK_0021_0out.json
1	materials/models/FBX3/DJK_0021_0out.tex
1	materials/models/FBX3/DJK_0030_0out.json
1	materials/models/FBX3/DJK_0024_0out.tex
1	materials/models/FBX3/DJK_0084_0out.json
1	materials/models/RioSonicLite/chr_sonic_eye_dif.json
1	materials/models/FBX3/DJK_0027_0out.tex
1	materials/models/FBX3/DJK_0030_0out.tex
1	materials/models/FBX3/DJK_0065_0out.tex
1	materials/models/BoostModel/boost_Top.tex
1	materials/models/FBX3/DJK_0051_0out.json
1	materials/models/FBX3/DJK_0078_0out.json
1	materials/models/FBX3/DJK_0096_0out.json
1	materials/models/FBX3/DJK_0034_0out.json
1	materials/models/FBX3/DJK_0051_0out.tex
1	materials/models/FBX3/DJK_0055_0out.json
1	materials/models/FBX3/DJK_0055_0out.tex
1	materials/models/FBX3/DJK_0116_0out.json
1	materials/models/FBX3/DJK_0062_0out.json
1	materials/models/FBX3/DJK_0116_0out.tex
1	materials/models/FBX3/DJK_0062_0out.tex
1	materials/models/FBX3/DJK_0065_0out.json
1	materials/models/FBX3/DJK_0068_0out.json
1	materials/models/FBX3/DJK_0068_0out.tex
1	materials/models/FBX3/DJK_0071_0out.tex
1	shaders/workshop/3577764342/effects/audio.frag
1	materials/models/FBX3/DJK_0075_0out.json
1	materials/models/FBX3/DJK_0075_0out.tex
1	materials/models/FBX3/DJK_0084_0out.tex
1	materials/models/FBX3/DJK_0119_0out.json
1	materials/models/FBX3/DJK_0087_0out.json
1	materials/models/FBX3/DJK_0119_0out.tex
1	materials/models/FBX3/DJK_0087_0out.tex
1	materials/models/FBX3/DJK_0093_0out.tex
1	materials/models/FBX3/DJK_0090_0out.json
1	materials/models/FBX3/DJK_0093_0out.json
1	materials/models/FBX3/DJK_0099_0out.json
1	materials/models/FBX3/DJK_0099_0out.tex
1	materials/models/FBX3/DJK_0113_0out.json
1	materials/models/FBX3/DJK_0113_0out.tex
1	materials/models/FBX3/DJK_0122_0out.tex
1	materials/models/FBX3/DJK_0134_0out.json
1	materials/models/FBX3/DJK_0134_0out.tex
1	materials/models/FBX3/DJK_0137_0out.json
1	materials/models/FBX3/DJK_0137_0out.tex
1	materials/models/FBX3/DJK_0140_0out.json
1	materials/models/FBX3/DJK_0140_0out.tex
1	materials/models/FBX3/DJK_0034_0out.tex
1	materials/models/FBX3/DJK_0152_0out.json
1	materials/models/FBX3/DJK_0152_0out.tex
1	materials/models/FBX3/DJK_0155_0out.json
1	materials/models/FBX3/DJK_0155_0out.tex
1	materials/models/FBX3/DJK_3.json
1	materials/models/FBX3/DJK_3.tex
1	materials/models/FBX3/DJK_0161_0out.json
1	materials/models/FBX3/DJK_0161_0out.tex
1	materials/models/FBX3/DJK_0164_0out.json
1	materials/models/FBX3/DJK_0164_0out.tex
1	materials/models/FBX3/DJK_0167_0out.json
1	materials/models/OBJOBJBone/12312.json
1	materials/models/FBX3/DJK_0167_0out.tex
1	materials/models/FBX3/DJK_0170_0out.json
1	materials/models/FBX3/DJK_0170_0out.tex
1	materials/models/FBX3/DJK_0173_0out.json
1	materials/models/FBX3/DJK_0176_0out.json
1	materials/models/FBX3/DJK_0176_0out.tex
1	models/RioSonicLite/RioSonicLite.mdl
1	materials/models/RioSonicLite/chr_rio_body_dif.json
1	materials/models/RioSonicLite/chr_rio_body_nrm.tex
1	materials/masks/chr_rio_body_dif_mask_59194d1f.tex
1	materials/models/RioSonicLite/chr_sonic_eye_dif.tex
1	materials/masks/chr_sonic_eye_dif_mask_5ebab97b.tex
1	models/BoostModel/BoostModel.mdl
1	materials/models/BoostModel/boost_Top2.json
1	materials/models/BoostModel/boost_Top2.tex
1	materials/models/BoostModel/boost1.json
1	materials/models/BoostModel/boost1.tex
1	materials/models/BoostModel/boost_Top.json
1	models/OBJOBJBone/OBJOBJBone.mdl
1	scripts/camera_paths_109.json
1	scripts/camera_paths_396.json
1	particles/workshop/2888067659/wind-blur-double.json
1	materials/workshop/2888067659/particle/halo_1_1_1.json
1	effects/workshop/2545066564/water_caustics/effect.json
1	materials/workshop/2888067659/particle/wind_test-double.tex
1	materials/Mask.tex
1	shaders/workshop/3577764342/effects/audio.vert
1	materials/workshop/2545066564/effects/water_caustics.json
1	shaders/workshop/2545066564/effects/water_caustics.vert
1	shaders/workshop/2545066564/effects/water_caustics.frag
1	effects/workshop/3577764342/audio/effect.json
1	materials/workshop/3577764342/effects/audio.json
1	materials/pd80_clean_64tile_lut_square7.tex
1	effects/workshop/3681571511/fxaa/effect.json
1	materials/workshop/3681571511/effects/fxaa.json
1	shaders/workshop/3681571511/effects/fxaa.vert
1	shaders/workshop/3681571511/effects/fxaa.frag
1	sounds/Music.mp3
1	models/tao-yuan-CEqPI0YzKYE-unsplash (1).json
1	materials/tao-yuan-CEqPI0YzKYE-unsplash (1).json
1	effects/workshop/3676150801/blur/effect.json
1	materials/workshop/3676150801/effects/blur_downsample4.json
1	materials/tao-yuan-CEqPI0YzKYE-unsplash (1).tex
1	particles/workshop/3676150801/presets/fog1.json
1	shaders/workshop/3676150801/effects/pulse.frag
1	shaders/workshop/3676150801/effects/blur_gaussian.frag
1	materials/workshop/3676150801/presets/fog1.json
1	materials/masks/waterflow_mask_63c419c8.tex
1	particles/workshop/3676150801/presets/rain_screen_fast_4k.json
1	materials/masks/waterflow_mask_ea92c13b.tex
1	materials/masks/foliagesway_mask_8ae471f1.tex
1	materials/workshop/3676150801/effects/blur_combine.json
1	materials/workshop/3676150801/effects/pulse.json
1	materials/workshop/3676150801/The_North_Face_logo_black-removebg-preview.tex
1	shaders/workshop/3676150801/effects/pulse.vert
1	effects/workshop/3676150801/pulse/effect.json
1	shaders/workshop/3676150801/effects/opacity.vert
1	materials/masks/pulse_mask_d0d1a4b9.tex
1	effects/workshop/3676150801/opacity/effect.json
1	materials/workshop/3676150801/effects/opacity.json
1	shaders/workshop/3676150801/effects/opacity.frag
1	materials/workshop/3676150801/presets/rainrefractive.json
1	materials/workshop/3676150801/presets/rain_screen_static.json
1	particles/workshop/3676150801/presets/rainrefractive.json
1	materials/workshop/3676150801/presets/rain_screen.json
1	materials/workshop/3676150801/presets/snowperspective.json
1	materials/workshop/3676150801/particle/halo_2.json
1	materials/workshop/3676150801/particle/размытая капля дождя 1.tex
1	particles/workshop/3676150801/new_particle_system_copy1.json
1	shaders/workshop/3676150801/effects/blur_downsample4.frag
1	particles/workshop/3676150801/presets/snowperspective.json
1	materials/workshop/3676150801/presets/rainperspective.json
1	materials/workshop/3676150801/presets/rain_screen_fast_child.json
1	particles/workshop/3676150801/presets/rainperspective.json
1	shaders/workshop/3676150801/effects/blur_combine.vert
1	particles/workshop/3676150801/presets/rain_screen_4k.json
1	particles/workshop/3676150801/presets/rain_screen_static_4k.json
1	materials/workshop/3676150801/effects/blur_gaussian_x.json
1	materials/workshop/3676150801/presets/rain_screen_fast.json
1	particles/workshop/3676150801/presets/rain_screen_fast_child.json
1	models/workshop/3676150801/solid_instance_model_ba2489c2.json
1	shaders/workshop/3676150801/effects/blur_downsample4.vert
1	shaders/workshop/3676150801/effects/blur_gaussian.vert
1	materials/workshop/3676150801/effects/blur_gaussian_y.json
1	shaders/workshop/3676150801/effects/blur_combine.frag
1	models/workshop/3676150801/The_North_Face_logo_black-removebg-preview.json
1	materials/workshop/3676150801/The_North_Face_logo_black-removebg-preview.json
1	effects/workshop/3676150801/blendgradient/effect.json
1	materials/workshop/3676150801/effects/blendgradient.json
1	shaders/workshop/3676150801/effects/blendgradient.vert
1	shaders/workshop/3676150801/effects/blendgradient.frag
1	materials/workshop/3676150801/gappy2_2_noGrain.tex
1	effects/workshop/3676150801/frame_builder/effect.json
1	materials/workshop/3676150801/effects/frame_builder.json
1	shaders/workshop/3676150801/effects/frame_builder.vert
1	shaders/workshop/3676150801/effects/frame_builder.frag
1	effects/workshop/3676150801/enhanced_simple_audio_bars/effect.json
1	materials/workshop/3676150801/effects/Simple_Audio_Bars.json
1	shaders/workshop/3676150801/effects/Simple_Audio_Bars.vert
1	shaders/workshop/3676150801/effects/Simple_Audio_Bars.frag
1	sounds/workshop/3676150801/freesound_community-thunderstorm-14708.mp3
1	sounds/workshop/3676150801/freesound_community-wind-and-rain-in-iceland_48khz_ms-6137.mp3
1	sounds/cold & lonely - (prod. adturnup).mp3
1	models/IMG_5944.json
1	materials/IMG_5944.json
1	materials/IMG_5944.tex
1	materials/interface_cancel.json
1	materials/models/happy_mask_salesman/os_eye01.tex
1	models/sky/sky.mdl
1	materials/models/happy_mask_salesman/maskmaster_01_4A00.tex
1	materials/models/sky/DL_VRHyrule_Alb.json
1	materials/models/Longshot/i_stex04a_0.tex
1	materials/models/tingle/twincle_body_col.json
1	materials/models/ganondorf_younger/ganondorfchild_.001.json
1	materials/models/tingle/twincle_body_col.tex
1	models/solid_instance_model_69798dc6.json
1	materials/models/sky/DL_VRHyrule_Alb.tex
1	materials/models/zelda_adult/zl2_mouth01.json
1	materials/models/maskofscents/mask_pig_01_1000.json
1	materials/models/happy_mask_salesman/mask_02_9A00.json
1	materials/models/troupeleader/mask_chairman_0_1000.tex
1	materials/im_eye01.tex
1	models/sky_night/sky_night.mdl
1	materials/models/tingle/twincle_ballon_col.json
1	materials/link_e02.tex
1	materials/models/sky_night/VR64Highway_Alb.json
1	materials/sa_mouth02.tex
1	materials/models/link/pls_zo_model_00_1.tex
1	materials/models/ganondorf_younger/ganondorfchild_.json
1	materials/models/tingle/twincle_ballon_col.tex
1	materials/zl2_eye07.tex
1	materials/models/ganondorf_younger/ganondorfchild_.tex
1	materials/zl1_mouth02.tex
1	materials/models/kaepora_gaebora/owl_eye01.json
1	materials/models/sky_night/VR64Highway_Alb.tex
1	models/Longshot/Longshot.mdl
1	models/mirrorshield/mirrorshield.mdl
1	models/sky_cloudy/sky_cloudy.mdl
1	materials/models/goron/pgs_zo_model_01_8001.tex
1	materials/models/sky_cloudy/T_VRCnsw13_Alb (Choco Mountain).json
1	materials/du_mouth01.json
1	materials/models/navi/Navi_grp.json
1	materials/models/happy_mask_salesman/mask_05_B200.json
1	materials/models/sky_cloudy/T_VRCnsw13_Alb (Choco Mountain).tex
1	materials/du_mouth01.tex
1	materials/models/navi/Navi_grp.tex
1	models/moon/moon.mdl
1	materials/models/deku/pns_zo_model_01_4000.tex
1	materials/models/tingle/twincle_hokuro_col.tex
1	materials/models/zelda_child/childzelda_01.tex
1	materials/hl_eye02_CI00.tex
1	materials/models/heart_container/color2.tex
1	materials/models/moon/moon_00_0.json
1	materials/models/happy_mask_salesman/mask_09_D200.json
1	materials/models/moon/moon_00_0.tex
1	materials/models/link_child/p_tex20_2.tex
1	materials/models/happy_mask_salesman/mask_06_BA00.json
1	materials/models/mario/pc01_body.json
1	materials/texture1.tex
1	materials/models/link_child/p_tex25_2.json
1	materials/masks/moon_00_0_mask_0499431e.tex
1	materials/im_eye02.tex
1	materials/models/castle_courtyard/naka_water_01_4B500.json
1	materials/models/ganondorf_older/ganondorf_01.json
1	materials/models/link_adult/p_tex02.json
1	sounds/MM_Dawn.wav
1	models/soldier_guard/soldier_guard.mdl
1	sounds/1-35. Termina Field.mp3
1	materials/models/clock_minutes/z2_hari_model_0_0.png.001.tex
1	models/stonemask/stonemask.mdl
1	models/tingle/tingle.mdl
1	materials/models/giantmask/mask_giant_00_0.tex
1	models/ruto_adult/ruto_adult.mdl
1	materials/models/stonemask/mask_stone_00_0.tex
1	materials/models/tingle/twincle_item_col.json
1	materials/models/tingle/twincle_item_col.tex
1	sounds/OCA Requiem of Spirit.mp3
1	materials/models/deku/pns_zo_model_01_4000.json
1	materials/models/tingle/twincle_hokuro_col.json
1	materials/models/zelda_child/childzelda_01.json
1	materials/zl2_mouth02.tex
1	materials/models/castle_courtyard/naka_hata_01_6C00.tex
1	sounds/OCA Song of Soaring.mp3
1	models/saria/saria.mdl
1	models/ganondorf_younger/ganondorf_younger.mdl
1	models/lock/lock.mdl
1	models/mario/mario.mdl
1	models/clock_rim/clock_rim.mdl
1	models/du_mouth01.json
1	materials/models/happy_mask_salesman/mask_04_AA00.json
1	materials/models/happy_mask_salesman/mask_06_BA00.tex
1	sounds/OCA New Wave Bossa Nova.mp3
1	materials/models/mario/pc01_body.tex
1	materials/models/mario/pc01_mouth.00.tex
1	materials/models/mario/pc01_eyelid.00.json
1	materials/models/ganondorf_older/ganondorf_00.tex
1	materials/models/castle_courtyard/naka_kabe_01_11E80.json
1	materials/models/ruto_adult/ru2_eye01.json
1	materials/models/dongeromask/mask_frog_00_0.json
1	materials/models/castle_courtyard/naka_siro_01_45680.json
1	materials/models/dongeromask/mask_frog_00_0.tex
1	materials/models/castle_courtyard/naka_siro_01_45680.tex
1	materials/models/mario/pc01_eyelid.00.tex
1	materials/models/castle_courtyard/naka_kabe_01_11E80.tex
1	models/Skull Mask/Skull Mask.mdl
1	materials/models/mario/pc01_mouth.00.json
1	materials/zl1_eye02.tex
1	models/zl1_eye01.json
1	materials/models/postmanhat/mask_posthat_00_0.tex
1	materials/models/soldier_guard/soldier_00.tex
1	materials/models/link/pls_zo_model_00_1.json
1	models/happy_mask_salesman/happy_mask_salesman.mdl
1	materials/models/happy_mask_salesman/os_eye01.json
1	materials/models/dekumask/mask_deknuts_00_0.tex
1	materials/models/happy_mask_salesman/maskmaster_00.json
1	materials/models/darunia/du_eye01.json
1	materials/models/happy_mask_salesman/maskmaster_00.tex
1	models/castle_courtyard/castle_courtyard.mdl
1	materials/models/nabooru/head_1.json
1	materials/ta_eye03_CI00.tex
1	materials/models/happy_mask_salesman/mask_08_CA00.json
1	materials/models/nabooru/head_2.json
1	materials/models/happy_mask_salesman/mask_08_CA00.tex
1	materials/md_eye03_CI01.tex
1	materials/models/blast_mask/mask_bomb_01_1200.json
1	materials/models/happy_mask_salesman/mask_01_9200.json
1	models/Kokiri Sword/Kokiri Sword.mdl
1	materials/models/blast_mask/mask_bomb_01_1200.tex
1	materials/models/happy_mask_salesman/mask_01_9200.tex
1	materials/models/moons_mask/mask_moon_ev01_1200.json
1	materials/models/happy_mask_salesman/mask_09_D200.tex
1	materials/models/epona_adult/epona_01.tex
1	materials/models/suns_mask/texture1.json
1	materials/interface_button_down.tex
1	materials/models/happy_mask_salesman/mask_03_A200.json
1	materials/models/suns_mask/texture1.tex
1	materials/models/happy_mask_salesman/mask_03_A200.tex
1	models/hlc_eye01_CI00.json
1	materials/models/soldier_guard/soldier_00_s.json
1	materials/models/happy_mask_salesman/mask_07_C200.json
1	models/Bottle/Bottle.mdl
1	materials/du_eye04.tex
1	materials/models/happy_mask_salesman/mask_07_C200.tex
1	materials/models/happy_mask_salesman/mask_00_8A00.json
1	materials/models/mirrorshield/i_ctex11a_0.json
1	materials/models/ruto_adult/ruto_00.json
1	materials/models/happy_mask_salesman/mask_00_8A00.tex
1	materials/models/ItemRupeeSilver/MI_rupee_Silver_alb.json
1	materials/models/maskofscents/mask_pig_01_1000.tex
1	materials/models/happy_mask_salesman/mask_02_9A00.tex
1	materials/models/happy_mask_salesman/mask_04_AA00.tex
1	materials/models/clock_minutes/z2_hari_model_0_0.png.001.json
1	materials/models/link_adult/link_f01.tex
1	materials/nb_eye01_CI01.tex
1	materials/p_tex01.tex
1	materials/models/happy_mask_salesman/maskmaster_01_4A00.json
1	models/impa/impa.mdl
1	models/Spooky Mask/Spooky Mask.mdl
1	models/kamaromask/kamaromask.mdl
1	materials/models/happy_mask_salesman/mask_05_B200.tex
1	materials/models/postmanhat/mask_posthat_00_0.json
1	materials/models/soldier_guard/soldier_00.json
1	models/solid_instance_model_37d462c6.json
1	materials/models/ganondorf_younger/ganondorfchild_.001.tex
1	materials/models/ganondorf_younger/gnd_eye01.json
1	materials/models/ganondorf_younger/gnd_eye01.tex
1	models/ganondorf_older/ganondorf_older.mdl
1	models/Hover Boots/Hover Boots.mdl
1	materials/models/Longshot/i_stex04a_0.json
1	models/zelda_adult/zelda_adult.mdl
1	materials/models/ganondorf_older/ganondorf_01.tex
1	materials/models/ganondorf_older/ganondorf_00.json
1	materials/models/ganondorf_older/gn1_eye01.json
1	materials/models/ganondorf_older/gn1_eye01.tex
1	materials/models/link_child/c_eye01.tex
1	models/ItemRupeeGreen/ItemRupeeGreen.mdl
1	materials/models/ruto_child/childruto_01.tex
1	models/ItemRupeeRed/ItemRupeeRed.mdl
1	materials/zl2_eye01.json
1	materials/models/kaepora_gaebora/kaeporagaebora1.tex
1	materials/models/ItemRupeeRed/MI_rupee_Red_alb.json
1	models/suns_mask/suns_mask.mdl
1	materials/models/link_child/childlink_02.json
1	materials/zl2_eye01.tex
1	materials/models/ItemRupeeRed/MI_rupee_Red_alb.tex
1	materials/c_eye02.tex
1	models/PotLight/PotLight.mdl
1	materials/models/PotLight/PotLight.0.json
1	materials/ma2_eye01.json
1	models/rl_eye01.json
1	materials/models/PotLight/PotLight.0.tex
1	models/ta_eye01_CI00.json
1	materials/masks/PotLight.0_mask_7ecfc6fa.tex
1	materials/models/castle_courtyard/naka_hata_01_6C00.json
1	materials/ru2_eye02.tex
1	materials/models/castle_courtyard/naka_isi_01_11400.json
1	materials/models/castle_courtyard/naka_isi_01_11400.tex
1	materials/models/castle_courtyard/naka_kabe_08_36E80.json
1	materials/models/link_child/childlink_f00.tex
1	materials/models/castle_courtyard/naka_kabe_03_1DB80.json
1	materials/models/castle_courtyard/naka_kabe_08_36E80.tex
1	sounds/EXCL_DLC2_050.wav
1	materials/models/castle_courtyard/naka_kabe_03_1DB80.tex
1	sounds/WARC_SE_287.wav
1	materials/models/castle_courtyard/naka_ami_01_0.json
1	models/heart_container/heart_container.mdl
1	materials/models/castle_courtyard/naka_ami_01_0.tex
1	models/sa_eye01.json
1	scripts/camera_paths_2089.json
1	materials/models/pierre/strawman_00.tex
1	materials/models/castle_courtyard/naka_kabe_02_13380.json
1	materials/models/darunia/du_nose_01.tex
1	materials/models/castle_courtyard/naka_kabe_02_13380.tex
1	materials/models/castle_courtyard/naka_hana_01_1000.json
1	materials/models/castle_courtyard/naka_hana_01_1000.tex
1	materials/hlc_eye01_CI00.tex
1	materials/models/castle_courtyard/naka_ki_01_41680.json
1	materials/models/castle_courtyard/naka_ki_01_41680.tex
1	materials/models/castle_courtyard/naka_kabe_04_28380.json
1	materials/models/castle_courtyard/naka_kabe_04_28380.tex
1	materials/models/Slingshot/i_stex06_0.json
1	materials/models/castle_courtyard/naka_yuka_01_52D00.json
1	sounds/05. Kokiri Forest.mp3
1	materials/models/castle_courtyard/naka_yuka_01_52D00.tex
1	materials/models/lock/mapstreasurebox00_alb.tex
1	sounds/WARC_SE_332.wav
1	materials/models/Slingshot/i_stex06_0.tex
1	materials/masks/p_tex02_mask_438c4105.tex
1	materials/models/castle_courtyard/naka_tuti_01_4AA80.json
1	materials/ta_eye02_CI00.tex
1	materials/models/troupeleader/mask_chairman_0_0.json
1	materials/models/zelda_adult/zelda_00.json
1	materials/models/castle_courtyard/naka_tuti_01_4AA80.tex
1	materials/models/castle_courtyard/naka_wnd_01_4BF80.json
1	materials/models/mido/mido_00.tex
1	materials/models/castle_courtyard/naka_wnd_01_4BF80.tex
1	materials/models/link_adult/link_00.tex
1	materials/models/castle_courtyard/naka_wnd_03_51E00.json
1	materials/models/castle_courtyard/naka_wnd_03_51E00.tex
1	materials/ma1_mouth01.tex
1	materials/models/castle_courtyard/naka_yuka_02_55700.json
1	materials/ru1_eye01_CI00.json
1	materials/models/castle_courtyard/naka_yuka_02_55700.tex
1	materials/ru2_eye01.json
1	materials/models/castle_courtyard/naka_yuka_04_56C00.json
1	models/ma2_mouth01.json
1	materials/ru2_eye01.tex
1	materials/models/castle_courtyard/naka_yuka_04_56C00.tex
1	materials/models/treasure_chest/MI_TreasureBoxLock_01_alb.json
1	materials/models/castle_courtyard/naka_kabe_05_32B80.json
1	materials/models/treasure_chest/MI_TreasureBoxLock_01_alb.tex
1	materials/models/castle_courtyard/naka_kabe_05_32B80.tex
1	materials/ma2_eye03.tex
1	materials/models/castle_courtyard/naka_hana_02_6400.json
1	materials/models/castle_courtyard/naka_hana_02_6400.tex
1	sounds/EXCL_DLC2_201.wav
1	materials/models/castle_courtyard/naka_kabe_06_35580.json
1	materials/ma2_mouth03.tex
1	materials/models/castle_courtyard/naka_kabe_06_35580.tex
1	materials/models/clock_rim/z2_tannsin_mode_0.png.001.tex
1	materials/models/castle_courtyard/naka_kabe_07_35980.json
1	materials/models/castle_courtyard/naka_kabe_07_35980.tex
1	sounds/AMB_CortexCastle_rain_ext_Loop.wav
1	sounds/WARC_SE_373.wav
1	materials/interface_random.tex
1	materials/models/castle_courtyard/naka_yane_01_52300.json
1	materials/models/castle_courtyard/naka_yane_01_52300.tex
1	sounds/EXCL_DLC2_202.wav
1	materials/models/castle_courtyard/naka_siro_02_48080.json
1	materials/du_eye03.tex
1	materials/models/castle_courtyard/naka_siro_02_48080.tex
1	materials/models/castle_courtyard/naka_wnd_02_51380.json
1	materials/rl_eye01.tex
1	models/Lens of Truth/Lens of Truth.mdl
1	materials/models/castle_courtyard/naka_wnd_02_51380.tex
1	scripts/camera_paths_2085.json
1	materials/models/impa/im_eye01.json
1	fonts/HyliaSerifBeta-Regular.otf
1	models/hl_eye01_CI00.json
1	materials/models/clock_rim/z2_tannsin_mode_0.png.001.json
1	models/clock_hours/clock_hours.mdl
1	materials/models/greatfairy/mask_fairy_01_4000.json
1	materials/models/clock_hours/tokei_room_01_0.png.001.json
1	sounds/EXCL_DLC2_061.wav
1	materials/models/greatfairy/mask_fairy_01_4000.tex
1	materials/models/clock_hours/tokei_room_01_0.png.001.tex
1	models/clock_sun_moon/clock_sun_moon.mdl
1	materials/models/skull_kid/stalkid_01.json
1	sounds/22. Great Fairy's Fountain.mp3
1	materials/models/clock_sun_moon/z2_paneru_model_0.png.001.json
1	materials/models/clock_sun_moon/z2_paneru_model_0.png.001.tex
1	models/clock_minutes/clock_minutes.mdl
1	models/ItemRupeeBlue/ItemRupeeBlue.mdl
1	materials/models/keatonmask/ki_tan_mask_02_1800.tex
1	materials/models/ItemRupeeBlue/MI_rupee_Blue_alb.json
1	materials/models/ItemRupeeBlue/MI_rupee_Blue_alb.tex
1	materials/ma1_mouth01.json
1	materials/models/ItemRupeeGreen/MI_rupee_Green_alb.json
1	materials/models/ItemRupeeGreen/MI_rupee_Green_alb.tex
1	models/ItemRupeePurple/ItemRupeePurple.mdl
1	materials/hlc_eye03_CI00.tex
1	materials/models/ItemRupeePurple/MI_rupee_Purple_alb.json
1	materials/models/skull_kid/stalkid_00.json
1	materials/link_m00.json
1	materials/c_mouth01.json
1	materials/models/Skull Mask/skj_mask_00_0.json
1	materials/models/ItemRupeePurple/MI_rupee_Purple_alb.tex
1	materials/models/skull_kid/stalkid_00.tex
1	sounds/17. Goron City.mp3
1	models/ItemRupeeSilver/ItemRupeeSilver.mdl
1	materials/models/ItemRupeeSilver/MI_rupee_Silver_alb.tex
1	models/ItemRecoveryHeart/ItemRecoveryHeart.mdl
1	materials/models/Zora/pgs_zo_model_01_8001.tex
1	materials/models/ItemRecoveryHeart/MI_heart_alb.json
1	materials/models/rauru/raul_00.json
1	materials/models/kafeimask/mask_kafai_01_800.json
1	materials/models/ItemRecoveryHeart/MI_heart_alb.tex
1	materials/models/heart_container/color1.json
1	materials/models/heart_container/color1.tex
1	sounds/WARC_SE_370.wav
1	materials/models/maskoftruth/truth_mask_00_0.tex
1	materials/models/heart_container/color2.json
1	materials/particle/halo_translucent_4.json
1	particles/torch.json
1	materials/models/impa/impa_00.json
1	models/treasure_chest/treasure_chest.mdl
1	sounds/EXCL_0351.wav
1	materials/hlc_eye02_CI00.tex
1	sounds/DekuScrub_Down.wav
1	materials/masks/MI_TreasureBoxLock_01_alb_mask_8a27a436.tex
1	materials/models/lock/Mod.json
1	materials/lens.tex
1	sounds/TP_Chest_Open.wav
1	models/zelda_gi_bomb_1/zelda_gi_bomb_1.mdl
1	materials/models/zelda_gi_bomb_1/i_stex09a.json
1	materials/zl1_mouth01.json
1	materials/models/zelda_gi_bomb_1/i_stex09a.tex
1	materials/zl1_mouth01.tex
1	models/zelda_gi_bomb_2/zelda_gi_bomb_2.mdl
1	sounds/OCA Song of Healing.mp3
1	sounds/OCA Epona Song.mp3
1	materials/models/zelda_gi_bomb_2/i_stex_11a.json
1	materials/models/zelda_gi_bomb_2/i_stex_11a.tex
1	materials/models/Bottle/glass.json
1	materials/models/dekumask/mask_deknuts_00_0.json
1	particles/rain_impact.json
1	models/Boomerang/Boomerang.mdl
1	materials/models/Boomerang/i_stex02a_0.json
1	models/Deku Seeds/Deku Seeds.mdl
1	materials/c_eye05.tex
1	materials/models/Bow/i_stex12a_0.json
1	materials/models/Boomerang/i_stex02a_0.tex
1	models/Boss Key/Boss Key.mdl
1	models/couples_mask/couples_mask.mdl
1	materials/models/Boss Key/i_ctex51a_0.json
1	materials/models/zelda_child/zl1_eye01.json
1	sounds/up.mp3
1	models/interface_bg.json
1	materials/models/Boss Key/i_ctex51a_0.tex
1	materials/models/Bottle/i_stex31a_0.tex
1	materials/models/Bottle/i_stex31a_0.json
1	models/Deku Nut/Deku Nut.mdl
1	materials/models/rauru/raul_01.tex
1	materials/owl_eye03.tex
1	models/Bow/Bow.mdl
1	materials/models/Bow/i_stex12a_0.tex
1	materials/models/malon_child/childmalon_01.tex
1	sounds/WARC_SE_331.wav
1	sounds/TP_Get_Heart.wav
1	materials/models/Deku Nut/i_stex08a_0.json
1	materials/models/Deku Nut/i_stex08a_0.tex
1	sounds/OCA Serenade of Water.mp3
1	models/keatonmask/keatonmask.mdl
1	materials/models/Deku Seeds/i_ctex52a_0.json
1	models/solid_instance_model_78f98d10.json
1	materials/models/Deku Seeds/i_ctex52a_0.tex
1	materials/models/Hover Boots/i_ctex14b_2000.json
1	models/Hookshot/Hookshot.mdl
1	materials/models/Hookshot/i_stex03a_0.json
1	materials/models/Hookshot/i_stex03a_0.tex
1	materials/models/Hover Boots/i_ctex14b_2000.tex
1	models/Map/Map.mdl
1	materials/models/Hover Boots/i_ctex14a_0.json
1	materials/models/epona_adult/epona_00.json
1	materials/models/Hover Boots/i_ctex14a_0.tex
1	materials/models/epona_adult/epona_00.tex
1	models/Iron Boots/Iron Boots.mdl
1	materials/models/Iron Boots/i_ctex13b_2000.json
1	materials/models/Iron Boots/i_ctex13b_2000.tex
1	materials/models/Iron Boots/i_ctex13a_0.json
1	materials/masks/stalkid_00_mask_0338280a.tex
1	materials/models/keatonmask/ki_tan_mask_02_1800.json
1	materials/models/malon_child/ma1_mouth01.json
1	materials/models/Iron Boots/i_ctex13a_0.tex
1	materials/models/Kokiri Sword/i_ctex03a_0.json
1	sounds/OCA Sun Song.mp3
1	materials/models/link_child/p_tex04.tex
1	sounds/WARC_SE_340.wav
1	materials/models/Kokiri Sword/i_ctex03a_0.tex
1	materials/models/majoras_mask/majora_mask_00_DA00.json
1	materials/models/Lens of Truth/i_stex22a_0.json
1	materials/models/majoras_mask/majora_mask_00_DA00.tex
1	materials/models/Lens of Truth/i_stex22a_0.tex
1	materials/ma1_eye03.tex
1	materials/models/Map/ic_tex49a_0.json
1	materials/models/Map/ic_tex49a_0.tex
1	materials/models/mirrorshield/i_ctex11a_0.tex
1	materials/models/ruto_adult/ruto_00.tex
1	materials/masks/i_ctex11a_0_mask_ffebf505.tex
1	materials/models/epona_child/childepona_00.json
1	models/interface_cancel.json
1	models/Slingshot/Slingshot.mdl
1	models/malon_child/malon_child.mdl
1	materials/models/giantmask/mask_giant_01_1000.tex
1	models/zelda_gi_bean/zelda_gi_bean.mdl
1	materials/zl1_mouth04.tex
1	models/greatfairy/greatfairy.mdl
1	materials/models/zelda_gi_bean/i_stex10a.json
1	materials/models/zelda_gi_bean/i_stex10a.tex
1	models/zelda_child/zelda_child.mdl
1	materials/models/zelda_child/childzelda_00.json
1	materials/models/link_child/c_eye01.json
1	sounds/EXCL_0350.wav
1	materials/models/ruto_child/childruto_01.json
1	materials/models/zelda_child/childzelda_00.tex
1	materials/models/zelda_child/zl1_mouth01.json
1	materials/zl1_eye01.json
1	sounds/OCA Bolero of Fire.mp3
1	materials/zl1_eye01.tex
1	materials/models/Zora/pzs_zo_model_00_0.json
1	sounds/WARC_SE_356.wav
1	materials/models/link/pls_zo_model_01_4001.json
1	models/link_adult/link_adult.mdl
1	materials/models/impa/impa_01.json
1	models/maskoftruth/maskoftruth.mdl
1	materials/interface_bg.json
1	materials/models/saria/sa_mouth01.json
1	materials/zl1_eye03.tex
1	materials/zl1_eye04.tex
1	models/zl1_mouth01.json
1	materials/models/link_adult/link_01g.json
1	sounds/WARC_SE_355.wav
1	materials/models/darunia/du_mouth01.json
1	materials/models/captainhat/mask_captain_01_4000.tex
1	models/darunia/darunia.mdl
1	materials/models/goronmask/golon_mask_00_0.tex
1	sounds/WARC_SE_357.wav
1	materials/models/troupeleader/mask_chairman_0_0.tex
1	materials/models/zelda_adult/zelda_00.tex
1	materials/zl2_mouth01.tex
1	materials/models/zelda_adult/zl2_eye01.json
1	materials/models/zelda_adult/zelda_01.json
1	scripts/camera_paths_2090.json
1	materials/models/zelda_adult/zelda_01.tex
1	models/zl2_eye01.json
1	materials/models/deku/pns_zo_model_00_2.tex
1	materials/zl2_eye02.tex
1	materials/sa_eye01.json
1	sounds/OCA Elegy of Emptiness.mp3
1	materials/zl2_eye03.tex
1	models/zl2_mouth01.json
1	materials/zl2_mouth01.json
1	materials/zl2_mouth03.tex
1	sounds/WARC_SE_369.wav
1	materials/models/deku_scrub/choronuts_00.tex
1	sounds/WARC_SE_371.wav
1	materials/models/mask_gi_rabbit/rb_cap_00_0.tex
1	models/epona_child/epona_child.mdl
1	materials/models/nabooru/nabooru_00.json
1	materials/models/epona_child/childepona_00.tex
1	materials/models/epona_child/hlc_eye01_CI00.json
1	materials/hlc_eye01_CI00.json
1	models/epona_adult/epona_adult.mdl
1	materials/models/epona_adult/epona_01.json
1	materials/models/garomask/mask_garo_00_0.tex
1	materials/models/epona_adult/hl_eye01_CI00.json
1	sounds/EXCL_0274.wav
1	materials/hl_eye01_CI00.json
1	models/im_eye01.json
1	materials/hl_eye01_CI00.tex
1	materials/hl_eye03_CI00.tex
1	sounds/TP_Epona_Neigh1.wav
1	sounds/TP_Epona_Neigh2.wav
1	materials/models/malon_child/childmalon_00.json
1	materials/models/malon_child/childmalon_00.tex
1	materials/models/malon_child/ma1_eye01.json
1	materials/models/malon_child/childmalon_01.json
1	models/ma1_eye01.json
1	models/Gerudo Mask/Gerudo Mask.mdl
1	sounds/DekuScrub_Up.wav
1	materials/ma1_eye01.json
1	materials/ma1_eye01.tex
1	materials/ma1_eye02.tex
1	models/ma1_mouth01.json
1	materials/ma1_mouth02.tex
1	models/malon_adult/malon_adult.mdl
1	materials/models/malon_adult/malon_00.json
1	materials/models/darunia/darunia_00.tex
1	materials/models/malon_adult/malon_00.tex
1	materials/models/malon_adult/ma2_mouth01.json
1	sounds/WARC_SE_365.wav
1	materials/models/malon_adult/ma2_eye01.json
1	models/sa_mouth01.json
1	materials/hud_music.json
1	materials/models/malon_adult/malon_01.json
1	materials/hud_music.tex
1	materials/models/malon_adult/malon_01.tex
1	models/ma2_eye01.json
1	materials/ma2_eye01.tex
1	materials/models/nabooru/gems.json
1	materials/ma2_eye02.tex
1	materials/ma2_mouth01.json
1	materials/nb_eye04_CI01.tex
1	models/md_eye01_CI01.json
1	materials/ma2_mouth01.tex
1	models/talon/talon.mdl
1	materials/models/talon/talon_00.json
1	materials/models/talon/talon_00.tex
1	sounds/16. Kakariko Village.mp3
1	models/ru1_eye01_CI00.json
1	materials/interface_button_up.json
1	materials/models/talon/ta_nose01.json
1	materials/sa_eye03.tex
1	materials/interface_button_up.tex
1	materials/models/talon/ta_nose01.tex
1	materials/models/talon/ta_eye01_CI00.json
1	sounds/WARC_SE_330.wav
1	materials/ta_eye01_CI00.json
1	particles/rainfall.json
1	materials/ta_eye01_CI00.tex
1	sounds/EXCL_0354.wav
1	materials/models/saria/saria_00.json
1	models/link_e00.json
1	models/mask_gi_rabbit/mask_gi_rabbit.mdl
1	materials/models/goron/pgs_zo_model_00_1.json
1	materials/models/saria/saria_00.tex
1	materials/models/kamaromask/mask_camaro_01_2000.json
1	models/gossip_stone/gossip_stone.mdl
1	materials/models/saria/saria_01.json
1	materials/models/kamaromask/mask_camaro_01_2000.tex
1	materials/models/saria/saria_01.tex
1	materials/models/kamaromask/mask_camaro_00_0.json
1	materials/models/goronmask/golon_mask_01_2800.tex
1	materials/models/saria/sa_eye01.json
1	materials/sa_eye01.tex
1	materials/models/allnightmask/mask_nightwalk__0.json
1	materials/sa_eye02.tex
1	materials/sa_eye04.tex
1	materials/ru1_mouth01_CI01.json
1	materials/sa_mouth01.json
1	sounds/EXCL_DLC2_200.wav
1	materials/ru1_mouth01_CI01.tex
1	materials/link_e01.tex
1	materials/sa_mouth01.tex
1	scripts/camera_paths_1294.json
1	materials/link_e04.tex
1	materials/sa_mouth04.tex
1	models/mido/mido.mdl
1	sounds/OCA Scarecrow Song.mp3
1	materials/models/mido/mido_00.json
1	materials/models/mido/md_eye01_CI01.json
1	materials/md_eye01_CI01.json
1	materials/im_eye03.tex
1	materials/link_e00.tex
1	materials/models/nabooru/metal.json
1	materials/darklink_m00.tex
1	materials/md_eye01_CI01.tex
1	materials/md_eye02_CI01.tex
1	models/navi/navi.mdl
1	materials/particle/navi_body.tex
1	materials/models/link_adult/link_f01.json
1	particles/Navi_glow.json
1	materials/nb_eye01_CI01.json
1	sounds/AMB_Thunder_01.mp3
1	materials/particle/halo_translucent_5.json
1	particles/navi_sparkles.json
1	materials/models/nabooru/nabooru_01.tex
1	models/nabooru/nabooru.mdl
1	materials/models/nabooru/nabooru_00.tex
1	materials/models/bremenmask/mask_bremen_00_0.json
1	materials/models/nabooru/nb_eye01_CI01.json
1	sounds/12. Market.mp3
1	materials/models/troupeleader/mask_chairman_0_1000.json
1	models/nb_eye01_CI01.json
1	materials/im_eye01.json
1	materials/nb_eye02_CI01.tex
1	materials/nb_eye03_CI01.tex
1	models/du_eye01.json
1	sounds/WARC_SE_342.wav
1	materials/models/impa/impa_00.tex
1	materials/models/impa/impa_01.tex
1	materials/interface_button_right.tex
1	sounds/EXCL_0151.wav
1	materials/models/deku_scrub/choronuts_00.json
1	sounds/EXCL_0158.wav
1	sounds/AMB_Water_Sewer_Flow_Hum_Loop_01.wav
1	sounds/EXCL_0160.wav
1	models/rauru/rauru.mdl
1	materials/models/rauru/raul_00.tex
1	materials/models/rauru/raul_01.json
1	materials/models/link_child/childlink_f00.json
1	materials/models/rauru/rl_eye01.json
1	materials/rl_eye01.json
1	materials/rl_eye02.tex
1	materials/rl_eye03.tex
1	sounds/EXCL_0301.wav
1	materials/models/goronmask/golon_mask_00_0.json
1	sounds/EXCL_0302.wav
1	sounds/EXCL_0304.wav
1	models/ruto_child/ruto_child.mdl
1	materials/models/ruto_child/childruto_00.json
1	materials/models/ruto_child/childruto_00.tex
1	materials/models/ruto_child/ru1_mouth01_CI0.json
1	materials/models/ruto_child/ru1_eye01_CI00.json
1	materials/ru1_eye01_CI00.tex
1	materials/ru1_eye02_CI00.tex
1	materials/models/Spooky Mask/redead_mask_00_0.json
1	models/ru1_mouth01_CI01.json
1	materials/ru1_eye03_CI00.tex
1	materials/ru1_mouth03_CI01.tex
1	materials/models/ruto_adult/ruto_01.json
1	materials/models/ruto_adult/ruto_01.tex
1	models/ru2_eye01.json
1	materials/ru2_eye03.tex
1	materials/models/zoramask/mask_zora_01_800.tex
1	materials/models/darunia/darunia_00.json
1	materials/models/pierre/strawman_00.json
1	materials/models/darunia/du_nose_01.json
1	materials/du_eye01.json
1	materials/du_eye01.tex
1	materials/du_eye02.tex
1	models/dekumask/dekumask.mdl
1	materials/models/Zora/pzs_zo_model_00_0.tex
1	materials/du_mouth02.tex
1	materials/du_mouth04.tex
1	sounds/EXCL_0261.wav
1	sounds/EXCL_0280.wav
1	sounds/WARC_SE_261.wav
1	models/goronmask/goronmask.mdl
1	models/skull_kid/skull_kid.mdl
1	materials/models/skull_kid/stalkid_01.tex
1	sounds/EXCL_DLC2_062.wav
1	models/interface_button_up.json
1	models/bremenmask/bremenmask.mdl
1	materials/naka_water_01_4B500.tex
1	materials/models/bremenmask/mask_bremen_00_0.tex
1	materials/models/link_child/p_tex17_2.tex
1	materials/models/mask_gi_rabbit/rb_cap_00_0.json
1	materials/models/dekumask/mask_deknuts_e0_800.json
1	materials/models/dekumask/mask_deknuts_e0_800.tex
1	materials/models/goronmask/golon_mask_01_2800.json
1	materials/models/keatonmask/ki_tan_mask_00_0.json
1	materials/models/link_child/p_tex22_2.json
1	materials/models/keatonmask/ki_tan_mask_00_0.tex
1	models/majoras_mask/majoras_mask.mdl
1	materials/models/majoras_mask/majora_mask_01_4200.json
1	materials/models/captainhat/mask_captain_01_4000.json
1	materials/models/majoras_mask/majora_mask_01_4200.tex
1	models/maskofscents/maskofscents.mdl
1	materials/models/link_adult/link_f00.json
1	materials/models/maskofscents/mask_pig_00_0.json
1	materials/models/link_adult/link_f00.tex
1	materials/models/maskofscents/mask_pig_00_0.tex
1	materials/models/maskoftruth/truth_mask_00_0.json
1	models/interface_button_A.json
1	models/zoramask/zoramask.mdl
1	sounds/OCA Oath to Order.mp3
1	materials/models/zoramask/mask_zora_01_800.json
1	materials/models/Gerudo Mask/geld_mask_00_0.json
1	materials/models/zoramask/mask_zora_00_0.json
1	materials/models/Gerudo Mask/geld_mask_00_0.tex
1	materials/models/zoramask/mask_zora_00_0.tex
1	materials/link_m00.tex
1	materials/models/couples_mask/mask_couple_00_0.json
1	materials/models/Skull Mask/skj_mask_00_0.tex
1	materials/models/gossip_stone/gossip_stone2_m_0.json
1	materials/models/gossip_stone/gossip_stone2_m_0.tex
1	materials/models/gossip_stone/gossip_stone2_m_2A00.json
1	materials/models/link_adult/p_tex08.json
1	materials/models/gossip_stone/gossip_stone2_m_2A00.tex
1	models/kaepora_gaebora/kaepora_gaebora.mdl
1	sounds/14. Zelda's Theme.mp3
1	materials/models/kaepora_gaebora/kaeporagaebora1.json
1	materials/models/kaepora_gaebora/kaeporagaebora1.001.json
1	materials/models/kaepora_gaebora/kaeporagaebora1.001.tex
1	sounds/owl.wav
1	models/owl_eye01.json
1	materials/owl_eye01.json
1	materials/owl_eye01.tex
1	materials/owl_eye02.tex
1	models/link/link.mdl
1	materials/models/link/pls_zo_model_01_4001.tex
1	models/deku/deku.mdl
1	materials/models/deku/pns_zo_model_00_2.json
1	materials/link_e05.tex
1	models/interface_button_left.json
1	models/goron/goron.mdl
1	materials/models/goron/pgs_zo_model_00_1.tex
1	materials/models/goron/pgs_zo_model_01_8001.json
1	models/Zora/Zora.mdl
1	materials/models/Zora/pgs_zo_model_01_8001.json
1	models/pierre/pierre.mdl
1	models/deku_scrub/deku_scrub.mdl
1	materials/models/deku_scrub/dnk_eye01.json
1	sounds/WARC_SE_283.wav
1	materials/models/deku_scrub/dnk_eye01.tex
1	sounds/DekuScrub_Talk.wav
1	materials/interface_bg.tex
1	materials/models/link_child/childlink_00.json
1	models/interface_scale.json
1	materials/interface_scale.json
1	materials/interface_scale.tex
1	models/solid_instance_model_664487b2.json
1	materials/blank.tex
1	materials/models/gibdomask/mask_gibudo_00_0.tex
1	materials/interface_button_A.tex
1	materials/interface_button_left.tex
1	models/interface_ocarina.json
1	materials/interface_ocarina.json
1	materials/interface_ocarina.tex
1	materials/models/gibdomask/mask_gibudo_00_0.json
1	materials/interface_button_A.json
1	models/interface_button_down.json
1	materials/interface_button_down.json
1	models/interface_button_right.json
1	materials/interface_button_right.json
1	materials/interface_button_left.json
1	materials/interface_cancel.tex
1	models/lens.json
1	sounds/OCA Song of Time.mp3
1	materials/lens.json
1	materials/darklink_e00.tex
1	models/interface_random.json
1	sounds/OCA Goron Lullaby.mp3
1	materials/interface_random.json
1	models/link_child/link_child.mdl
1	materials/models/link_child/childlink_02.tex
1	materials/models/link_child/p_tex17_2.json
1	materials/models/link_child/p_tex22.json
1	materials/models/link_child/p_tex22.tex
1	materials/models/link_child/p_tex20_2.json
1	sounds/TP_Get_Rupee_Blue.wav
1	materials/models/link_child/p_tex25_2.tex
1	materials/models/link_child/p_tex04.json
1	materials/masks/p_tex04_mask_ec0f5243.tex
1	materials/models/link_child/p_tex22_2.tex
1	materials/models/link_child/childlink_01.json
1	materials/models/link_child/childlink_01.tex
1	materials/models/link_child/childlink_00.tex
1	materials/models/link_child/c_mouth01.json
1	materials/models/link_child/childlink_f01.json
1	materials/models/link_child/childlink_f01.tex
1	models/allnightmask/allnightmask.mdl
1	materials/models/allnightmask/mask_nightwalk__0.tex
1	models/blast_mask/blast_mask.mdl
1	materials/models/blast_mask/mask_bomb_00_0.json
1	materials/models/blast_mask/mask_bomb_00_0.tex
1	models/captainhat/captainhat.mdl
1	materials/models/captainhat/mask_captain_00_0.json
1	materials/models/captainhat/mask_captain_00_0.tex
1	materials/models/couples_mask/sp_mask_couple__4000.json
1	materials/models/couples_mask/sp_mask_couple__4000.tex
1	scripts/camera_paths_2087.json
1	materials/models/couples_mask/mask_couple_00_0.tex
1	models/dongeromask/dongeromask.mdl
1	models/onimask/onimask.mdl
1	materials/models/onimask/mask_demon_00_0.json
1	materials/models/onimask/mask_demon_00_0.tex
1	models/garomask/garomask.mdl
1	materials/models/garomask/mask_garo_00_0.json
1	models/giantmask/giantmask.mdl
1	materials/models/giantmask/mask_giant_00_0.json
1	materials/models/giantmask/mask_giant_01_1000.json
1	models/gibdomask/gibdomask.mdl
1	materials/models/link_adult/p_tex02.tex
1	materials/models/greatfairy/mask_fairy_00_0.json
1	materials/models/greatfairy/mask_fairy_00_0.tex
1	models/kafeimask/kafeimask.mdl
1	sounds/OCA Song of Double Time.mp3
1	materials/models/kafeimask/mask_kafai_01_800.tex
1	materials/models/kafeimask/mask_kafai_00_0.json
1	materials/models/kafeimask/mask_kafai_00_0.tex
1	materials/models/kamaromask/mask_camaro_00_0.tex
1	models/moons_mask/moons_mask.mdl
1	models/postmanhat/postmanhat.mdl
1	models/romanimask/romanimask.mdl
1	materials/models/romanimask/mask_romani_00_0.json
1	materials/models/link_adult/link_00.json
1	materials/models/romanimask/mask_romani_00_0.tex
1	materials/models/stonemask/mask_stone_00_0.json
1	materials/models/link_child/c_mouth01.tex
1	models/troupeleader/troupeleader.mdl
1	materials/models/Spooky Mask/redead_mask_00_0.tex
1	models/solid_instance_model_b0c8ffcd.json
1	models/c_eye01.json
1	materials/c_eye01.json
1	materials/c_eye03.tex
1	materials/c_eye04.tex
1	sounds/WARC_SE_294.wav
1	materials/c_eye06.tex
1	models/c_mouth01.json
1	materials/link_m02.tex
1	materials/c_mouth03.tex
1	sounds/OCA Saria Song.mp3
1	materials/c_mouth04.tex
1	materials/models/link_adult/p_tex01.json
1	materials/models/link_adult/p_tex04.json
1	materials/models/link_adult/link_m00.json
1	materials/models/link_adult/link_e00.json
1	materials/models/link_adult/p_tex08.tex
1	materials/masks/p_tex08_mask_b2d74219.tex
1	materials/models/link_adult/p_tex11_2.json
1	materials/models/link_adult/p_tex11_2.tex
1	sounds/down.mp3
1	materials/link_e00.json
1	materials/link_e03.tex
1	models/link_m00.json
1	sounds/OCA Zelda Lullaby.mp3
1	materials/link_m03.tex
1	sounds/WARC_SE_343.wav
1	sounds/WARC_SE_344.wav
1	sounds/Kokko_Vo_AngryCry.wav
1	sounds/WARC_SE_345.wav
1	sounds/01. Title Theme.mp3
1	sounds/06. Shop.mp3
1	scripts/camera_paths_2081.json
1	sounds/08. Inside the Deku Tree.mp3
1	sounds/WARC_SE_256.wav
1	sounds/10. Hyrule Field Main Theme.mp3
1	sounds/15. Lon Lon Ranch.mp3
1	sounds/18. Lost Woods.mp3
1	sounds/21. Zora's Domain.mp3
1	sounds/31. Windmill Hut.mp3
1	sounds/42. Gerudo Valley.mp3
1	sounds/1-09. Clock Town, First Day.mp3
1	sounds/3-14. Tatl and Tael.mp3
1	sounds/A.mp3
1	sounds/left.mp3
1	sounds/right.mp3
1	sounds/AMB_Coco_Park_lp.wav
1	sounds/WARC_SE_257.wav
1	sounds/AMB_Crickets_Frogs_Tree_Loop_01.mp3
1	sounds/SystemSE_0.aw_00000024.wav
1	sounds/TP_TearOfLight_Touch.wav
1	sounds/TP_Secret.wav
1	sounds/WARC_SE_286.wav
1	sounds/WARC_SE_258.wav
1	sounds/SystemSE_0.aw_0000003c.wav
1	sounds/Z2SeWave_0.aw - TP_WolfHerosShade_Voice_HowlTransform.wav
1	sounds/SystemSE_0.aw_0000003d.wav
1	sounds/OCA Minuet of Forest.mp3
1	sounds/015. Get Heart Container.mp3
1	sounds/TP_Get_Rupee.wav
1	sounds/033 Item Get.mp3
1	materials/particle/halo_translucent_3.json
1	materials/particle/halo_translucent_2.json
1	scripts/camera_paths_2078.json
1	scripts/camera_paths_2086.json
1	scripts/camera_paths_2088.json
1	models/hud_music.json
1	sounds/OCA Song of Storms.mp3
1	sounds/OCA Nocturne of Shadow.mp3
1	sounds/OCA Prelude of Light.mp3
1	sounds/OCA Sonata of Awakening.mp3
1	sounds/OCA Inverted Song of Time.mp3
1	materials/Левый глаз.tex
1	materials/фулл.json
1	models/фулл.json
1	materials/Фон.json
1	models/Фон.json
1	materials/Правый пиллар.json
1	materials/Фон.tex
1	fonts/Mantinia Regular.otf
1	materials/Левый пиллар.tex
1	materials/masks/shake_mask_9087f423.tex
1	models/Правый пиллар.json
1	materials/Правый пиллар.tex
1	models/Левый пиллар.json
1	materials/Левый пиллар.json
1	materials/workshop/3234985069/presets/snowperspective.json
1	materials/workshop/3234985069/particle/white heart outline 12pt flipped.tex
1	particles/workshop/3234985069/presets/snowperspective.json
1	materials/workshop/2859800008/presets/fog1.json
1	particles/workshop/2859800008/presets/fog1.json
1	models/Правый глаз_puppet.mdl
1	materials/фулл.tex
1	models/фулл_puppet.mdl
1	materials/masks/waterwaves_mask_f499acfc.tex
1	materials/Правый глаз.tex
1	materials/masks/waterwaves_mask_24c22e2d.tex
1	materials/masks/waterwaves_mask_a122c6e7.tex
1	models/Левый глаз_puppet.mdl
1	models/Левый глаз.json
1	materials/Левый глаз.json
1	models/Правый глаз.json
1	materials/Правый глаз.json
1	sounds/Silent Hill 3 - I want love - Instrumental.mp3
1	scripts/camera_paths_262.json
