addr	name	size	rtti_classes	format_magics	imported_apis	filename_strings
140001000	FUN_140001000	118				
140001080	FUN_140001080	118				
140001100	FUN_140001100	25				
140001120	FUN_140001120	32				
140001140	FUN_140001140	32				
140001160	FUN_140001160	32				
1400011b0	FUN_1400011b0	118				
140001230	FUN_140001230	118				
1400012b0	FUN_1400012b0	118				
140001330	FUN_140001330	267				
140001440	FUN_140001440	118				
1400014c0	FUN_1400014c0	32				
140001570	FUN_140001570	204				
140001640	FUN_140001640	2075		TEXI		
140001e80	FUN_140001e80	118				
140001f00	FUN_140001f00	118				
140001f80	FUN_140001f80	118				
140002050	FUN_140002050	273				
140002170	FUN_140002170	1648			Map	
1400027f0	FUN_1400027f0	25				
140002810	FUN_140002810	32				
140002830	FUN_140002830	39				
140002860	FUN_140002860	6849			Map	
140004340	FUN_140004340	25				
140004360	FUN_140004360	25				
140004380	FUN_140004380	25				
1400043a0	FUN_1400043a0	292				
1400044e0	FUN_1400044e0	25				
140004500	FUN_140004500	25				
140004520	FUN_140004520	25				
140004540	FUN_140004540	482				
140004730	FUN_140004730	25				
140004750	FUN_140004750	25				
140004770	FUN_140004770	25				
140004790	FUN_140004790	25				
1400047b0	FUN_1400047b0	25				
1400047d0	FUN_1400047d0	25				
1400047f0	FUN_1400047f0	25				
140004810	FUN_140004810	25				
140004830	FUN_140004830	25				
140004850	FUN_140004850	32				
140004870	FUN_140004870	25				
1400048a0	FUN_1400048a0	80				
140004910	FUN_140004910	59				
140004950	FUN_140004950	435				
140004b50	FUN_140004b50	32				
140004b70	FUN_140004b70	170				
140004c20	FUN_140004c20	170				
140004ce0	FUN_140004ce0	32				
140004d00	FUN_140004d00	2467				
1400056d0	FUN_1400056d0	181				
140005790	FUN_140005790	228				
140005880	FUN_140005880	225				
140005970	FUN_140005970	465				
140005b50	FUN_140005b50	181				
140005c10	FUN_140005c10	55				
140005c50	FUN_140005c50	23				
140005c70	FUN_140005c70	15				
140005c80	FUN_140005c80	160				
140005d20	FUN_140005d20	432				
140005ed0	thunk_FUN_140016770	5				
140005ee0	FUN_140005ee0	377				
140006060	FUN_140006060	150				
140006100	FUN_140006100	525			GetProcAddress;LoadLibraryW	
140006310	FUN_140006310	1682			GetProcAddress;LoadLibraryW	
1400069b0	FUN_1400069b0	1408				
140006f30	FUN_140006f30	1754			GetProcAddress;LoadLibraryW	
140007610	FUN_140007610	134			GetProcAddress;LoadLibraryW	
1400076a0	FUN_1400076a0	129				
140007730	FUN_140007730	970				.json
140007b00	FUN_140007b00	81				
140007b60	FUN_140007b60	730				
140007e40	FUN_140007e40	1066	ar3		D3D11CreateDevice	
140008270	FUN_140008270	8062			CreateNamedPipeW	
14000a220	FUN_14000a220	10090				
14000c990	FUN_14000c990	558				
14000cbc0	FUN_14000cbc0	541				
14000cde0	FUN_14000cde0	552				
14000d010	FUN_14000d010	101				
14000d080	FUN_14000d080	98				
14000d0f0	FUN_14000d0f0	76				
14000d140	FUN_14000d140	768				
14000d440	FUN_14000d440	544				
14000d660	FUN_14000d660	782				
14000d970	FUN_14000d970	111				
14000d9e0	FUN_14000d9e0	104				
14000da50	FUN_14000da50	118				
14000dad0	FUN_14000dad0	136				
14000db60	FUN_14000db60	190				
14000dc20	FUN_14000dc20	154				
14000dcc0	FUN_14000dcc0	142				
14000dd50	FUN_14000dd50	17				
14000dd70	FUN_14000dd70	68				
14000ddc0	thunk_FUN_14000f880	5				
14000ddd0	FUN_14000ddd0	48				
14000de00	FUN_14000de00	50				
14000de40	FUN_14000de40	146				
14000dee0	FUN_14000dee0	156				
14000df80	FUN_14000df80	610				
14000e1f0	FUN_14000e1f0	304				
14000e320	FUN_14000e320	434				
14000e5b0	FUN_14000e5b0	554				
14000e7e0	FUN_14000e7e0	258				
14000e8f0	FUN_14000e8f0	396				
14000ea80	FUN_14000ea80	396				
14000ec10	FUN_14000ec10	30				
14000ec30	_guard_check_icall	3				
14000ec40	FUN_14000ec40	3				
14000ec50	FUN_14000ec50	4				
14000ec60	FUN_14000ec60	25				
14000ec80	FUN_14000ec80	207				
14000ed50	FUN_14000ed50	207				
14000ee20	FUN_14000ee20	63				
14000ee70	FUN_14000ee70	148				
14000ef10	FUN_14000ef10	294				
14000f040	FUN_14000f040	59				
14000f080	FUN_14000f080	52				
14000f0c0	FUN_14000f0c0	175				
14000f170	FUN_14000f170	99				
14000f1e0	FUN_14000f1e0	99				
14000f250	FUN_14000f250	124				
14000f2d0	FUN_14000f2d0	62				
14000f310	FUN_14000f310	59				
14000f350	FUN_14000f350	175				
14000f400	FUN_14000f400	72				
14000f450	FUN_14000f450	612				
14000f6c0	FUN_14000f6c0	267				
14000f7d0	FUN_14000f7d0	164				
14000f880	FUN_14000f880	354				
14000f9f0	FUN_14000f9f0	533				
14000fc10	FUN_14000fc10	113				
14000fc90	FUN_14000fc90	634				
14000ff10	FUN_14000ff10	10				
14000ff20	FUN_14000ff20	127				
14000ffa0	FUN_14000ffa0	10				
14000ffb0	FUN_14000ffb0	371				
140010130	FUN_140010130	148				
1400101d0	FUN_1400101d0	791				
1400104f0	FUN_1400104f0	787				
140010810	FUN_140010810	293				
140010940	FUN_140010940	293				
140010a70	FUN_140010a70	286				
140010b90	FUN_140010b90	286				
140010cb0	FUN_140010cb0	806				
140010fe0	FUN_140010fe0	144				
140011070	FUN_140011070	43				
1400110a0	FUN_1400110a0	208				
140011170	FUN_140011170	159				
140011220	FUN_140011220	1740				
1400118f0	FUN_1400118f0	548				
140011b20	FUN_140011b20	69				
140011b70	FUN_140011b70	69				
140011bc0	FUN_140011bc0	69				
140011c10	FUN_140011c10	5				
140011c20	FUN_140011c20	5				
140011c30	FUN_140011c30	798				
140011f50	FUN_140011f50	354				
1400120c0	FUN_1400120c0	165				
140012170	FUN_140012170	1624				
1400127d0	FUN_1400127d0	363				
140012940	FUN_140012940	16				
140012960	FUN_140012960	145				
140012a00	FUN_140012a00	221				
140012ae0	FUN_140012ae0	149				
140012b80	FUN_140012b80	192				
140012c40	FUN_140012c40	94				
140012ca0	FUN_140012ca0	657				
140012f40	FUN_140012f40	156				
140012fe0	FUN_140012fe0	103				
140013050	FUN_140013050	16				
140013070	FUN_140013070	181				
140013130	FUN_140013130	203				
140013200	FUN_140013200	112				
140013270	FUN_140013270	108				
1400132e0	FUN_1400132e0	418				
140013490	FUN_140013490	108				
140013500	FUN_140013500	701				
1400137c0	FUN_1400137c0	91				
140013870	FUN_140013870	95				
1400138d0	FUN_1400138d0	53				
140013910	FUN_140013910	37				
140013940	FUN_140013940	43				
140013970	FUN_140013970	188				
140013a30	FUN_140013a30	33				
140013a60	FUN_140013a60	8				
140013a70	FUN_140013a70	164				
140013b20	FUN_140013b20	17				
140013b50	FUN_140013b50	104				
140013bc0	`scalar_deleting_destructor'	106				
140013c30	FUN_140013c30	72				
140013c80	FUN_140013c80	14				
140013c90	FUN_140013c90	72				
140013ce0	FUN_140013ce0	14				
140013cf0	FUN_140013cf0	29				
140013d10	FUN_140013d10	4				
140013d20	FUN_140013d20	31				
140013d40	FUN_140013d40	557				
140013f70	FUN_140013f70	52				
140013fe0	FUN_140013fe0	92				
140014040	FUN_140014040	27				
140014060	FUN_140014060	73				
1400140b0	FUN_1400140b0	34				
1400140e0	FUN_1400140e0	73				
140014130	FUN_140014130	74				
140014180	FUN_140014180	15				
140014190	FUN_140014190	74				
1400141e0	FUN_1400141e0	15				
1400141f0	FUN_1400141f0	153				
140014290	FUN_140014290	145				
140014330	FUN_140014330	58				
140014370	FUN_140014370	111				
1400143e0	FUN_1400143e0	35				
140014410	FUN_140014410	146				
1400144b0	FUN_1400144b0	99				
140014514	FUN_140014514	12				
140014520	FUN_140014520	52				
140014560	FUN_140014560	492				
140014810	FUN_140014810	409				
1400149b0	FUN_1400149b0	290				
140014ae0	FUN_140014ae0	250				
140014be0	FUN_140014be0	124				
140014c60	FUN_140014c60	6				
140014c70	FUN_140014c70	55				
140014cb0	FUN_140014cb0	151				
140014d50	FUN_140014d50	152				
140014df0	FUN_140014df0	166				
140014ea0	FUN_140014ea0	76				
140014ef0	FUN_140014ef0	5				
140014f00	FUN_140014f00	15				
140014f10	FUN_140014f10	43				
140014f40	FUN_140014f40	47				
140014f70	FUN_140014f70	48				
140014fa0	FUN_140014fa0	110				
140015010	FUN_140015010	143				
1400150a0	FUN_1400150a0	103				
140015110	FUN_140015110	9				
140015140	FUN_140015140	60				
140015180	FUN_140015180	170				
140015230	FUN_140015230	91				
140015290	FUN_140015290	164				
140015340	FUN_140015340	63				
140015380	FUN_140015380	21				
1400153a0	FUN_1400153a0	127				
140015420	FUN_140015420	61				
140015460	FUN_140015460	491				
140015650	FUN_140015650	24				
140015670	FUN_140015670	435				
140015830	FUN_140015830	117				
1400158b0	FUN_1400158b0	94				
140015910	FUN_140015910	551				
140015b40	FUN_140015b40	32				
140015b60	FUN_140015b60	84				
140015be0	FUN_140015be0	43				
140015c10	FUN_140015c10	18				
140015c40	FUN_140015c40	177				
140015d00	FUN_140015d00	8				
140015d10	FUN_140015d10	76				
140015d60	FUN_140015d60	8				
140015d70	FUN_140015d70	114				
140015df0	FUN_140015df0	3				
140015e00	FUN_140015e00	25				
140015e20	FUN_140015e20	11				
140015e30	FUN_140015e30	63				
140015e70	FUN_140015e70	17				
140015e90	FUN_140015e90	249				
140015f90	FUN_140015f90	402				
140016130	FUN_140016130	64				
140016170	FUN_140016170	300				
1400162a0	FUN_1400162a0	87				
140016300	FUN_140016300	8				
140016310	FUN_140016310	438				
1400164d0	FUN_1400164d0	132				
140016560	FUN_140016560	156				
140016600	FUN_140016600	289				
140016730	FUN_140016730	31				
140016750	FUN_140016750	32				
140016770	FUN_140016770	111				
1400167e0	FUN_1400167e0	333				
140016930	FUN_140016930	9				
140016940	FUN_140016940	267				
140016a50	FUN_140016a50	59				
140016a90	FUN_140016a90	67				
140016ae0	FUN_140016ae0	392				
140016c70	FUN_140016c70	34				
140016ca0	FUN_140016ca0	24				
140016cc0	FUN_140016cc0	394				
140016e50	FUN_140016e50	140				
140016ee0	FUN_140016ee0	153				
140016f80	FUN_140016f80	20				
140016fa0	FUN_140016fa0	29				
140016fc0	FUN_140016fc0	268				
1400170d0	FUN_1400170d0	33				
140017100	FUN_140017100	5				
140017110	FUN_140017110	15				
140017120	FUN_140017120	62				
140017160	FUN_140017160	15				
140017170	FUN_140017170	68				
1400171c0	FUN_1400171c0	56				
140017200	FUN_140017200	59				
140017240	FUN_140017240	101				
1400172b0	thunk_FUN_140017240	5				
1400172c0	FUN_1400172c0	20				
1400172e0	FUN_1400172e0	16				
140017300	FUN_140017300	40				
140017330	FUN_140017330	25				
140017370	FUN_140017370	22				
140017390	FUN_140017390	88				
1400173f0	FUN_1400173f0	116				
140017470	FUN_140017470	4				
140017480	FUN_140017480	250				
140017580	FUN_140017580	31				
1400175a0	FUN_1400175a0	83				
140017600	FUN_140017600	8				
140017610	FUN_140017610	435				
1400177f0	FUN_1400177f0	66				
140017840	FUN_140017840	1796				
140017fb0	FUN_140017fb0	336				
140018100	FUN_140018100	274				
140018220	FUN_140018220	22				
140018240	FUN_140018240	110				
1400182b0	FUN_1400182b0	9				
1400182c0	FUN_1400182c0	8				
1400182d0	FUN_1400182d0	1218				
1400187a0	FUN_1400187a0	5				
1400187b0	FUN_1400187b0	423				
140018960	FUN_140018960	31				
140018980	FUN_140018980	299				
140018ab0	FUN_140018ab0	68				
140018b00	FUN_140018b00	150				
140018ba0	FUN_140018ba0	29				
140018bc0	FUN_140018bc0	112				
140018c30	FUN_140018c30	33				
140018c60	FUN_140018c60	123				
140018ce0	FUN_140018ce0	373				
140018e60	FUN_140018e60	205				
140018f30	FUN_140018f30	205				
140019000	FUN_140019000	69				
140019050	FUN_140019050	8				
140019060	FUN_140019060	43				
140019090	FUN_140019090	8				
1400190a0	FUN_1400190a0	8				
1400190b0	FUN_1400190b0	4				
1400190c0	FUN_1400190c0	44				
1400190f0	FUN_1400190f0	62				
140019130	FUN_140019130	40				
140019160	FUN_140019160	10				
140019170	FUN_140019170	7				
140019180	FUN_140019180	9				
140019190	FUN_140019190	10				
1400191a0	FUN_1400191a0	12				
1400191b0	FUN_1400191b0	11				
1400191c0	FUN_1400191c0	12				
1400191d0	FUN_1400191d0	12				
1400191e0	FUN_1400191e0	11				
1400191f0	FUN_1400191f0	8				
140019200	FUN_140019200	8				
140019210	FUN_140019210	8				
140019220	FUN_140019220	288				
140019340	FUN_140019340	12				
140019350	FUN_140019350	3074				.json
140019f60	FUN_140019f60	561				
14001a1f0	FUN_14001a1f0	278				
14001a310	FUN_14001a310	473				
14001a4f0	FUN_14001a4f0	306				
14001a630	FUN_14001a630	2634				
14001b080	FUN_14001b080	697				
14001b3a0	FUN_14001b3a0	1393				
14001b9c0	FUN_14001b9c0	1717				
14001c0a0	FUN_14001c0a0	2188				
14001c9a0	FUN_14001c9a0	382				
14001cb20	FUN_14001cb20	304				
14001cc50	FUN_14001cc50	1142			Map	
14001d0d0	FUN_14001d0d0	54				
14001d110	FUN_14001d110	68				
14001d160	FUN_14001d160	434				
14001d320	FUN_14001d320	57				
14001d360	FUN_14001d360	86				
14001d3c0	FUN_14001d3c0	1875				
14001dc40	FUN_14001dc40	151				
14001dce0	FUN_14001dce0	71				
14001dd30	FUN_14001dd30	327				
14001de80	FUN_14001de80	86				
14001dee0	FUN_14001dee0	129				
14001df90	FUN_14001df90	76				
14001dfe0	FUN_14001dfe0	442				
14001e1a0	FUN_14001e1a0	282				
14001e2c0	FUN_14001e2c0	549				
14001e4f0	FUN_14001e4f0	54				
14001e530	FUN_14001e530	1065				
14001e960	FUN_14001e960	178				
14001ea20	FUN_14001ea20	187				
14001eae0	FUN_14001eae0	4662	ar5			
14001fd20	FUN_14001fd20	8363			GetProcAddress;LoadLibraryW	
140021dd0	FUN_140021dd0	36				
140021e00	FUN_140021e00	28				
140021e20	FUN_140021e20	33				
140021e50	FUN_140021e50	50518				
14002e6e0	FUN_14002e6e0	2474				
14002f0b0	FUN_14002f0b0	1725				
14002f780	FUN_14002f780	32				
14002f7a0	FUN_14002f7a0	45				
14002f7d0	FUN_14002f7d0	31				
14002f7f0	thunk_FUN_140030a90	5				
14002f800	FUN_14002f800	81				
14002f860	FUN_14002f860	48				
14002f890	FUN_14002f890	140				
14002f920	FUN_14002f920	43				
14002f950	FUN_14002f950	9				
14002f960	FUN_14002f960	32				
14002f980	FUN_14002f980	207				
14002fa50	FUN_14002fa50	73				
14002faa0	FUN_14002faa0	204				
14002fb70	FUN_14002fb70	337				
14002fd20	FUN_14002fd20	549				
14002ff50	FUN_14002ff50	334				
1400300a0	FUN_1400300a0	558				
1400302d0	FUN_1400302d0	413				
140030470	FUN_140030470	611				
1400306e0	FUN_1400306e0	90				
140030740	FUN_140030740	90				
1400307a0	FUN_1400307a0	127				
140030820	FUN_140030820	11				
140030830	FUN_140030830	593				
140030a90	FUN_140030a90	152				
140030b30	FUN_140030b30	299				
140030c60	FUN_140030c60	8				
140030c70	FUN_140030c70	109				
140030ce0	FUN_140030ce0	104				
140030d50	FUN_140030d50	127				
140030dd0	FUN_140030dd0	13				
140030de0	FUN_140030de0	241				
140030ee0	FUN_140030ee0	14				
140030ef0	FUN_140030ef0	180				
140030fb0	FUN_140030fb0	130				
140031040	FUN_140031040	163				
1400310f0	FUN_1400310f0	127				
140031170	FUN_140031170	184				
140031230	FUN_140031230	267				
140031340	FUN_140031340	109				
1400313b0	FUN_1400313b0	127				
140031430	FUN_140031430	597				
140031690	FUN_140031690	23				
1400316b0	FUN_1400316b0	301				
1400317e0	FUN_1400317e0	175				
140031890	FUN_140031890	184				
140031950	FUN_140031950	111				
1400319c0	FUN_1400319c0	91				
140031a20	FUN_140031a20	47				
140031a50	FUN_140031a50	5				
140031a60	FUN_140031a60	275				
140031b80	FUN_140031b80	104				
140031bf0	FUN_140031bf0	159				
140031c90	FUN_140031c90	113				
140031d10	FUN_140031d10	85				
140031d70	FUN_140031d70	165				
140031e20	FUN_140031e20	368				
140031fa0	FUN_140031fa0	26				
140031fc0	FUN_140031fc0	451				
140032190	FUN_140032190	451				
140032360	FUN_140032360	87				
1400323c0	FUN_1400323c0	61				
140032400	FUN_140032400	277				
140032520	FUN_140032520	72				
140032570	operator()	65				
1400325c0	FUN_1400325c0	164				
140032670	FUN_140032670	747				
140032960	FUN_140032960	599				
140032bc0	FUN_140032bc0	1343				
140033110	FUN_140033110	526				
140033320	FUN_140033320	533				
140033540	FUN_140033540	142				
1400335d0	FUN_1400335d0	276				
1400336f0	FUN_1400336f0	635				
140033970	FUN_140033970	113				
1400339f0	FUN_1400339f0	12				
140033a00	FUN_140033a00	297				
140033b30	FUN_140033b30	147				
140033bd0	FUN_140033bd0	790				
140033ef0	FUN_140033ef0	786				
140034210	FUN_140034210	292				
140034340	FUN_140034340	292				
140034470	FUN_140034470	285				
140034590	FUN_140034590	285				
1400346b0	FUN_1400346b0	832				
1400349f0	FUN_1400349f0	7				
140034a00	FUN_140034a00	114				
140034a80	FUN_140034a80	564				
140034cc0	FUN_140034cc0	639				
140034f50	FUN_140034f50	14				
140034f60	FUN_140034f60	14				
140034f70	FUN_140034f70	145				
140035010	FUN_140035010	110				
140035080	FUN_140035080	516				
140035290	FUN_140035290	76				
1400352e0	FUN_1400352e0	669				
140035580	FUN_140035580	97				
1400355f0	FUN_1400355f0	130				
140035680	FUN_140035680	82				
1400356e0	FUN_1400356e0	1678				
140035d70	FUN_140035d70	266				
140035e80	FUN_140035e80	259				
140035f90	FUN_140035f90	69				
140035fe0	FUN_140035fe0	69				
140036030	FUN_140036030	5				
140036040	FUN_140036040	5				
140036050	FUN_140036050	15				
140036080	FUN_140036080	599				
140036300	FUN_140036300	729				
140036610	FUN_140036610	22				
140036640	FUN_140036640	950				
140036a00	FUN_140036a00	14				
140036a30	FUN_140036a30	14				
140036a50	FUN_140036a50	487				
140036c40	FUN_140036c40	14				
140036c60	FUN_140036c60	473				
140036e90	FUN_140036e90	14				
140036ea0	FUN_140036ea0	824				
1400371e0	FUN_1400371e0	619				
140037450	FUN_140037450	45				
140037480	FUN_140037480	64				
1400374c0	FUN_1400374c0	309				
140037600	FUN_140037600	358				
140037770	FUN_140037770	175				
140037820	FUN_140037820	5				
140037830	FUN_140037830	106				
1400378a0	FUN_1400378a0	1559				
140037ec0	FUN_140037ec0	363				
140038030	FUN_140038030	64				
140038070	FUN_140038070	94				
1400380d0	FUN_1400380d0	433				
140038290	FUN_140038290	546				
1400384c0	FUN_1400384c0	123				
140038540	FUN_140038540	111				
1400385b0	FUN_1400385b0	80				
140038600	FUN_140038600	487				
1400387f0	FUN_1400387f0	683				
140038aa0	FUN_140038aa0	77				
140038af0	FUN_140038af0	123				
140038b70	FUN_140038b70	190				
140038c30	FUN_140038c30	133				
140038cc0	FUN_140038cc0	31				
140038ce0	FUN_140038ce0	439				
140038ea0	FUN_140038ea0	734				
140039180	FUN_140039180	828				
1400394c0	FUN_1400394c0	763				
1400397c0	FUN_1400397c0	300				
1400398f0	FUN_1400398f0	77				
140039940	FUN_140039940	175				
1400399f0	FUN_1400399f0	111				
140039a60	FUN_140039a60	111				
140039ad0	FUN_140039ad0	667				
140039d70	FUN_140039d70	755				
14003a070	FUN_14003a070	718				
14003a340	FUN_14003a340	598				
14003a5a0	FUN_14003a5a0	136				
14003a630	FUN_14003a630	151				
14003a6d0	FUN_14003a6d0	58				
14003a710	FUN_14003a710	60				
14003a750	FUN_14003a750	16				
14003a770	FUN_14003a770	23				
14003a790	FUN_14003a790	273				
14003a8b0	FUN_14003a8b0	323				
14003aa00	FUN_14003aa00	51				
14003aa40	FUN_14003aa40	43				
14003aa70	FUN_14003aa70	155				
14003ab10	FUN_14003ab10	496				
14003ad00	FUN_14003ad00	137				
14003ad90	FUN_14003ad90	84				
14003adf0	FUN_14003adf0	278				
14003af10	FUN_14003af10	161				
14003afc0	FUN_14003afc0	32				
14003afe0	FUN_14003afe0	43				
14003b010	FUN_14003b010	18				
14003b030	FUN_14003b030	397				
14003b1c0	FUN_14003b1c0	542				
14003b3e0	FUN_14003b3e0	75				
14003b430	FUN_14003b430	65				
14003b480	FUN_14003b480	365				
14003b5f0	FUN_14003b5f0	204				
14003b6c0	FUN_14003b6c0	344				
14003b820	FUN_14003b820	183				
14003b8e0	FUN_14003b8e0	144				
14003b970	FUN_14003b970	236				
14003ba60	FUN_14003ba60	187				
14003bb30	FUN_14003bb30	43				
14003bb60	FUN_14003bb60	56				
14003bba0	FUN_14003bba0	1497				
14003c180	FUN_14003c180	1494				
14003c760	FUN_14003c760	218				
14003c840	FUN_14003c840	737				
14003cb30	FUN_14003cb30	75				
14003cb80	FUN_14003cb80	115				
14003cc00	FUN_14003cc00	1089				
14003d050	FUN_14003d050	1185				
14003d500	FUN_14003d500	1057			GetProcAddress;LoadLibraryW	
14003d930	FUN_14003d930	472				
14003db10	FUN_14003db10	471				
14003dcf0	FUN_14003dcf0	78				
14003dd40	FUN_14003dd40	293				
14003de70	FUN_14003de70	92				
14003ded0	FUN_14003ded0	164				
14003df80	FUN_14003df80	94				
14003dfe0	FUN_14003dfe0	696				
14003e2a0	FUN_14003e2a0	612				
14003e510	FUN_14003e510	309				
14003e650	FUN_14003e650	514				
14003e860	FUN_14003e860	728				
14003eb40	FUN_14003eb40	166				
14003ebf0	FUN_14003ebf0	281				
14003ed10	FUN_14003ed10	128				
14003ed90	FUN_14003ed90	130				
14003ee20	FUN_14003ee20	216				
14003ef00	FUN_14003ef00	171				
14003efb0	FUN_14003efb0	161				
14003f060	FUN_14003f060	173				
14003f110	FUN_14003f110	156				
14003f1b0	FUN_14003f1b0	103				
14003f220	FUN_14003f220	1084				
14003f6b0	FUN_14003f6b0	114				
14003f730	FUN_14003f730	114				
14003f7b0	FUN_14003f7b0	730				
14003fa90	FUN_14003fa90	114				
14003fb10	FUN_14003fb10	174				
14003fbc0	FUN_14003fbc0	183				
14003fc80	FUN_14003fc80	260				
14003fd90	FUN_14003fd90	221				
14003fe80	FUN_14003fe80	265				
14003ff90	FUN_14003ff90	475				
140040180	FUN_140040180	740				
140040470	FUN_140040470	3488				.json
140041220	FUN_140041220	40				
140041250	FUN_140041250	1987				
140041a60	FUN_140041a60	3335				.json
140041c70	FUN_140041c70	8				.json
140042790	FUN_140042790	1658				
140042e10	FUN_140042e10	1500				
140043430	FUN_140043430	3265				
140044160	FUN_140044160	751				
1400444c0	FUN_1400444c0	174				
140044570	FUN_140044570	251				
140044670	FUN_140044670	599				
1400448d0	FUN_1400448d0	680				
140044c30	FUN_140044c30	957				
1400450f0	FUN_1400450f0	2482				
140045ab0	FUN_140045ab0	397				
140045c40	FUN_140045c40	2038				
140046530	FUN_140046530	143				
1400465c0	FUN_1400465c0	96				
140046620	FUN_140046620	527				
140046870	FUN_140046870	1632				
140046f20	FUN_140046f20	5275				
1400483c0	FUN_1400483c0	1394				
1400489a0	FUN_1400489a0	2186				
140049230	FUN_140049230	258				
140049340	FUN_140049340	92				
1400493a0	FUN_1400493a0	301				
1400494d0	FUN_1400494d0	175				
140049580	FUN_140049580	775				
140049890	FUN_140049890	327				
1400499e0	FUN_1400499e0	255				
140049ae0	FUN_140049ae0	33				
140049b10	FUN_140049b10	71				
140049b60	FUN_140049b60	91				
140049bc0	FUN_140049bc0	212				
140049ca0	FUN_140049ca0	199				
140049d70	FUN_140049d70	281				
140049e90	FUN_140049e90	426				
14004a040	FUN_14004a040	1033				
14004a450	FUN_14004a450	101				
14004a4c0	FUN_14004a4c0	225				
14004a5b0	FUN_14004a5b0	405				
14004a750	FUN_14004a750	17				
14004a770	FUN_14004a770	17				
14004a790	FUN_14004a790	167				
14004a840	FUN_14004a840	210				
14004a920	FUN_14004a920	296				
14004aa50	FUN_14004aa50	234				
14004ab40	FUN_14004ab40	59				
14004ab80	FUN_14004ab80	59				
14004abc0	FUN_14004abc0	52				
14004ac00	FUN_14004ac00	367				
14004ad80	FUN_14004ad80	292				
14004aeb0	FUN_14004aeb0	1819				
14004b690	FUN_14004b690	527				
14004b8a0	FUN_14004b8a0	643				
14004bb30	FUN_14004bb30	421				
14004bce0	FUN_14004bce0	533				
14004bf00	FUN_14004bf00	28				
14004bf20	FUN_14004bf20	14				
14004bf30	FUN_14004bf30	27				
14004bf50	FUN_14004bf50	3				
14004bf60	FUN_14004bf60	526				
14004c170	_Reset_back	48				
14004c1a0	FUN_14004c1a0	128				
14004c220	FUN_14004c220	208				
14004c2f0	FUN_14004c2f0	206				
14004c3c0	FUN_14004c3c0	248				
14004c4c0	FUN_14004c4c0	170				
14004c570	FUN_14004c570	132				
14004c600	FUN_14004c600	467				
14004c7e0	FUN_14004c7e0	1713				
14004cea0	FUN_14004cea0	1764				
14004d590	FUN_14004d590	687				
14004d850	FUN_14004d850	2435				
14004e1e0	FUN_14004e1e0	3002				
14004eda0	FUN_14004eda0	454				
14004ef70	FUN_14004ef70	175				
14004f020	FUN_14004f020	363				
14004f190	FUN_14004f190	323				
14004f2e0	FUN_14004f2e0	121				
14004f360	FUN_14004f360	60				
14004f3a0	FUN_14004f3a0	214				
14004f480	FUN_14004f480	169				
14004f530	FUN_14004f530	470				
14004f710	FUN_14004f710	470				
14004f8f0	FUN_14004f8f0	282				
14004fa10	FUN_14004fa10	168				
14004fac0	FUN_14004fac0	166				
14004fb70	FUN_14004fb70	204				
14004fc40	FUN_14004fc40	660				
14004fee0	FUN_14004fee0	516				
1400500f0	FUN_1400500f0	603				
140050350	FUN_140050350	603				
1400505b0	FUN_1400505b0	70				
140050600	FUN_140050600	181				
1400506c0	FUN_1400506c0	184				
140050790	FUN_140050790	6				
1400507a0	FUN_1400507a0	72				
1400507f0	FUN_1400507f0	113				
140050870	FUN_140050870	378				
1400509f0	FUN_1400509f0	810				
140050d20	FUN_140050d20	33				
140050d70	FUN_140050d70	33				
140050dc0	FUN_140050dc0	346				
140050f20	FUN_140050f20	67				
140050f70	FUN_140050f70	462				
140051140	FUN_140051140	325				
140051290	FUN_140051290	1942				
140051a30	FUN_140051a30	270				
140051b40	FUN_140051b40	110				
140051bb0	FUN_140051bb0	216				
140051c90	FUN_140051c90	803				
140051fc0	FUN_140051fc0	3907				
140052f10	FUN_140052f10	17				
140052f30	FUN_140052f30	47				
140052f60	FUN_140052f60	32				
140052f80	FUN_140052f80	47				
140052fb0	FUN_140052fb0	345				
140053110	FUN_140053110	393				
1400532a0	FUN_1400532a0	136				
140053330	FUN_140053330	34				
140053360	FUN_140053360	364				
1400534d0	FUN_1400534d0	406				
140053670	FUN_140053670	1069				
140053ab0	FUN_140053ab0	262				
140053bc0	FUN_140053bc0	71				
140053c10	FUN_140053c10	160				
140053cb0	FUN_140053cb0	94				
140053d10	FUN_140053d10	296				
140053e40	FUN_140053e40	259				
140053f50	FUN_140053f50	43				
140053f80	FUN_140053f80	1066				
1400543b0	FUN_1400543b0	43				
1400543e0	FUN_1400543e0	467				
1400545e0	FUN_1400545e0	215				
1400546e0	FUN_1400546e0	220				
1400547e0	FUN_1400547e0	1942			GetProcAddress	
140054f80	FUN_140054f80	52				
140054fc0	FUN_140054fc0	141				
140055050	FUN_140055050	716				
140055320	FUN_140055320	3607				
140056140	FUN_140056140	216				
140056220	FUN_140056220	1251				
140056760	FUN_140056760	66				
1400567b0	FUN_1400567b0	536				
1400569d0	FUN_1400569d0	326				
140056b20	FUN_140056b20	64				
140056b70	FUN_140056b70	82				
140056c40	FUN_140056c40	167				
140056cf0	FUN_140056cf0	121				
140056d70	FUN_140056d70	83				
140056dd0	FUN_140056dd0	41				
140056e00	FUN_140056e00	24				
140056e20	FUN_140056e20	130				
140056eb0	FUN_140056eb0	138				
140056f40	FUN_140056f40	190				
140057000	FUN_140057000	551				
140057230	FUN_140057230	84				
140057290	FUN_140057290	830				
1400575d0	FUN_1400575d0	41				
140057600	FUN_140057600	43				
140057630	FUN_140057630	153				
1400576d0	FUN_1400576d0	73				
140057720	FUN_140057720	74				
140057770	FUN_140057770	487				
1400579c0	FUN_1400579c0	1664				
140058050	FUN_140058050	223				
140058130	FUN_140058130	763			GetProcAddress;LoadLibraryW	
140058430	FUN_140058430	824				
140058770	FUN_140058770	8458				
14005a890	FUN_14005a890	607				
14005aaf0	FUN_14005aaf0	911				
14005ae80	FUN_14005ae80	321				
14005afd0	FUN_14005afd0	59				
14005b010	FUN_14005b010	111				
14005b080	FUN_14005b080	95				
14005b0e0	FUN_14005b0e0	728				
14005b3c0	FUN_14005b3c0	484				
14005b5b0	FUN_14005b5b0	686				
14005b860	FUN_14005b860	809				
14005bb90	FUN_14005bb90	1923			GetProcAddress	
14005c320	FUN_14005c320	100				
14005c390	FUN_14005c390	1848			Map	.frag;.vert
14005cad0	FUN_14005cad0	677				
14005cd80	FUN_14005cd80	4386				
14005deb0	FUN_14005deb0	697			D3D11CreateDevice	
14005e170	FUN_14005e170	787				
14005e490	FUN_14005e490	576				
14005e6d0	FUN_14005e6d0	1075				
14005eb10	FUN_14005eb10	19				
14005eb30	FUN_14005eb30	8				
14005eb40	FUN_14005eb40	32				
14005eb60	FUN_14005eb60	17				
14005eb80	FUN_14005eb80	140				
14005ec10	FUN_14005ec10	41				
14005ec40	FUN_14005ec40	107				
14005ecb0	FUN_14005ecb0	831				
14005eff0	FUN_14005eff0	117				
14005f070	FUN_14005f070	37				
14005f0a0	FUN_14005f0a0	36				
14005f0d0	FUN_14005f0d0	23				
14005f0f0	FUN_14005f0f0	8				
14005f100	FUN_14005f100	355				
14005f270	FUN_14005f270	334				
14005f3c0	FUN_14005f3c0	36				
14005f3f0	FUN_14005f3f0	103				
14005f460	FUN_14005f460	18				
14005f480	FUN_14005f480	123				
14005f500	FUN_14005f500	123				
14005f580	FUN_14005f580	29				
14005f5a0	FUN_14005f5a0	11				
14005f5b0	FUN_14005f5b0	67				
14005f600	FUN_14005f600	67				
14005f650	FUN_14005f650	38				
14005f680	FUN_14005f680	49				
14005f6c0	FUN_14005f6c0	12				
14005f6d0	FUN_14005f6d0	92				
14005f730	FUN_14005f730	1589				
14005fd70	FUN_14005fd70	17				
14005fd90	FUN_14005fd90	516				
14005ffa0	FUN_14005ffa0	421				
140060150	FUN_140060150	107				
1400601c0	FUN_1400601c0	121				
140060240	FUN_140060240	603				
1400604a0	FUN_1400604a0	18				
1400604c0	FUN_1400604c0	8				
1400604d0	FUN_1400604d0	61				
140060510	FUN_140060510	66				
140060560	FUN_140060560	142				
1400605f0	FUN_1400605f0	21				
140060610	FUN_140060610	272				
140060720	FUN_140060720	262				
140060830	FUN_140060830	267		PLPV		
140060940	FUN_140060940	32				
140060960	FUN_140060960	33				
140060990	FUN_140060990	618				
140060c00	FUN_140060c00	397				
140060d90	FUN_140060d90	384				
140060f20	FUN_140060f20	217				
140061000	FUN_140061000	175				
1400610b0	FUN_1400610b0	464				
140061280	FUN_140061280	1730				
140061950	FUN_140061950	181				
140061a10	FUN_140061a10	311				
140061b50	FUN_140061b50	4479				
140062ce0	FUN_140062ce0	36				
140062d10	FUN_140062d10	304			GetProcAddress	
140062e40	FUN_140062e40	133				
140062ed0	FUN_140062ed0	2530				
1400638c0	FUN_1400638c0	949				
140063c80	FUN_140063c80	37				
140063cb0	FUN_140063cb0	581				.json;project.json
140063f00	FUN_140063f00	1267				
140064450	FUN_140064450	592				
1400646a0	FUN_1400646a0	265				
1400647b0	FUN_1400647b0	270				
1400648c0	FUN_1400648c0	196				
140064990	FUN_140064990	26				
1400649b0	FUN_1400649b0	1887				
140065110	FUN_140065110	113				
140065190	FUN_140065190	934				
140065540	FUN_140065540	62				
140065580	FUN_140065580	1575				
140065bb0	FUN_140065bb0	33				
140065be0	FUN_140065be0	240				
140065cd0	FUN_140065cd0	1573				
140066370	FUN_140066370	845				
1400666c0	FUN_1400666c0	980				
140066aa0	FUN_140066aa0	1474				
140067070	FUN_140067070	471				
140067250	FUN_140067250	624				
1400674d0	FUN_1400674d0	587				
140067720	FUN_140067720	562				
140067970	FUN_140067970	51				
1400679b0	FUN_1400679b0	76				
140067a00	FUN_140067a00	5339			GetProcAddress;LoadLibraryW	
140068f20	FUN_140068f20	48				
140068f50	FUN_140068f50	107				
140068fc0	FUN_140068fc0	3050				
140069bb0	FUN_140069bb0	549				
140069de0	FUN_140069de0	578				
14006a030	FUN_14006a030	1104				
14006a490	FUN_14006a490	7589				
14006c240	FUN_14006c240	62				
14006c280	FUN_14006c280	3095				
14006cea0	FUN_14006cea0	4571				
14006e0c0	FUN_14006e0c0	1538				
14006e6d0	FUN_14006e6d0	925				
14006ead0	FUN_14006ead0	28				
14006eaf0	FUN_14006eaf0	28				
14006eb10	FUN_14006eb10	507				
14006ed70	FUN_14006ed70	28				
14006ed90	FUN_14006ed90	57				
14006edd0	FUN_14006edd0	282				
14006eef0	FUN_14006eef0	6037		PLPV		
140070690	FUN_140070690	1852		PLPV		
140070dd0	FUN_140070dd0	3631				
140071c30	FUN_140071c30	401				
140071dd0	FUN_140071dd0	542				
140072050	FUN_140072050	312				
140072190	FUN_140072190	2265			GetProcAddress	
140072a70	FUN_140072a70	3875				.json;project.json
1400739a0	FUN_1400739a0	275				
140073ac0	FUN_140073ac0	483				
140073d00	FUN_140073d00	972				
1400740d0	FUN_1400740d0	3271				
140074da0	FUN_140074da0	2119				
1400755f0	FUN_1400755f0	414				
140075790	FUN_140075790	768				
140075a90	FUN_140075a90	4422				
140076be0	FUN_140076be0	548				
140076e10	FUN_140076e10	180				
140076ed0	FUN_140076ed0	131				
140076f60	FUN_140076f60	109				
140076fd0	FUN_140076fd0	326				
140077120	FUN_140077120	282				
140077240	FUN_140077240	1041				
140077660	FUN_140077660	227				
140077750	FUN_140077750	230				
140077840	FUN_140077840	272				
140077960	FUN_140077960	609				
140077bd0	FUN_140077bd0	565				
140077e10	FUN_140077e10	164				
140077ec0	FUN_140077ec0	103				
140077f30	FUN_140077f30	18				
140077f50	FUN_140077f50	759				
140078250	FUN_140078250	1113				
1400786b0	FUN_1400786b0	301				
1400787e0	FUN_1400787e0	603				
140078a40	FUN_140078a40	718				
140078d10	FUN_140078d10	916				
1400790b0	FUN_1400790b0	651				
140079340	FUN_140079340	1552				
140079960	FUN_140079960	639				
140079be0	FUN_140079be0	660				
140079e80	FUN_140079e80	848				
14007a1d0	FUN_14007a1d0	1440				
14007a780	FUN_14007a780	81				
14007a7e0	FUN_14007a7e0	137				
14007a870	FUN_14007a870	792				
14007ab90	FUN_14007ab90	105				
14007ac00	FUN_14007ac00	109				
14007ac70	FUN_14007ac70	48				
14007aca0	FUN_14007aca0	251				
14007ada0	FUN_14007ada0	266				
14007aeb0	FUN_14007aeb0	2832				
14007b9c0	FUN_14007b9c0	275				
14007bae0	FUN_14007bae0	409				
14007bc80	FUN_14007bc80	685				
14007bf30	FUN_14007bf30	694				
14007c1f0	FUN_14007c1f0	94				
14007c250	FUN_14007c250	113				
14007c2d0	FUN_14007c2d0	81				
14007c330	FUN_14007c330	109				
14007c3a0	FUN_14007c3a0	533				
14007c5c0	FUN_14007c5c0	90				
14007c620	FUN_14007c620	97				
14007c690	FUN_14007c690	136				
14007c720	FUN_14007c720	484				
14007c910	FUN_14007c910	113				
14007c990	FUN_14007c990	89				
14007c9f0	FUN_14007c9f0	465				
14007cbd0	FUN_14007cbd0	223				
14007ccb0	FUN_14007ccb0	15				
14007cce0	FUN_14007cce0	30				
14007cd00	FUN_14007cd00	14				
14007cd20	FUN_14007cd20	255				
14007cea0	FUN_14007cea0	175				
14007cf50	FUN_14007cf50	175				
14007d000	FUN_14007d000	175				
14007d0b0	FUN_14007d0b0	76				
14007d100	FUN_14007d100	182				
14007d1c0	FUN_14007d1c0	233				
14007d2b0	FUN_14007d2b0	33				
14007d2e0	FUN_14007d2e0	93				
14007d340	FUN_14007d340	182				
14007d400	FUN_14007d400	546				
14007d630	FUN_14007d630	127				
14007d6b0	FUN_14007d6b0	575				
14007d8f0	FUN_14007d8f0	437				
14007dab0	FUN_14007dab0	495				
14007dca0	FUN_14007dca0	667				
14007df40	FUN_14007df40	667				
14007e1e0	FUN_14007e1e0	683				
14007e490	FUN_14007e490	965				
14007e860	FUN_14007e860	829				
14007eba0	FUN_14007eba0	816				
14007eed0	FUN_14007eed0	916				
14007f270	FUN_14007f270	819				
14007f5b0	FUN_14007f5b0	434				
14007f770	FUN_14007f770	687				
14007fa20	FUN_14007fa20	487				
14007fc10	FUN_14007fc10	111				
14007fc80	FUN_14007fc80	734				
14007ff60	FUN_14007ff60	755				
140080260	FUN_140080260	40				
140080290	FUN_140080290	34				
1400802c0	FUN_1400802c0	48				
1400802f0	FUN_1400802f0	3574				
1400810f0	FUN_1400810f0	211				
1400811d0	FUN_1400811d0	1384				
140081740	FUN_140081740	185				
140081800	FUN_140081800	1440				
140081db0	FUN_140081db0	642				
140082040	FUN_140082040	18				
140082060	FUN_140082060	351				
1400821c0	FUN_1400821c0	273				
1400822e0	FUN_1400822e0	198				
1400823b0	FUN_1400823b0	1233				
140082890	FUN_140082890	433				
140082a50	FUN_140082a50	517				
140082c60	FUN_140082c60	252				
140082d60	FUN_140082d60	220				
140082e40	FUN_140082e40	99				
140082eb0	FUN_140082eb0	41				
140082ef0	FUN_140082ef0	10				
140082f20	FUN_140082f20	16				
140082f40	FUN_140082f40	85				
140082fa0	FUN_140082fa0	100				
140083010	FUN_140083010	529				
140083230	FUN_140083230	137				
1400832c0	FUN_1400832c0	3686			CreateNamedPipeW	
140084130	FUN_140084130	889				
1400844b0	FUN_1400844b0	155				
140084550	FUN_140084550	216				
140084630	FUN_140084630	133				
1400846c0	FUN_1400846c0	58				
140084700	FUN_140084700	834				
140084a50	FUN_140084a50	51				
140084a90	FUN_140084a90	40				
140084ac0	FUN_140084ac0	111				
140084b30	FUN_140084b30	96				
140084ba0	FUN_140084ba0	21				
140084bc0	FUN_140084bc0	32				
140084bf0	FUN_140084bf0	160				
140084ca0	FUN_140084ca0	141				
140084d30	FUN_140084d30	148				
140084dd0	FUN_140084dd0	242				
140084ef0	FUN_140084ef0	35				
140084f20	FUN_140084f20	34				
140084f50	FUN_140084f50	135				
140084fe0	FUN_140084fe0	142				
140085070	FUN_140085070	31				
140085090	FUN_140085090	659				
140085350	FUN_140085350	230				
140085440	FUN_140085440	190				
140085520	FUN_140085520	227				
140085610	FUN_140085610	207				
1400856e0	FUN_1400856e0	204				
1400857b0	FUN_1400857b0	596				
140085a30	FUN_140085a30	587				
140085ca0	FUN_140085ca0	29				
140085cc0	FUN_140085cc0	382				
140085e60	FUN_140085e60	114				
140085ee0	FUN_140085ee0	139				
140085f70	FUN_140085f70	140				
140086000	FUN_140086000	187				
1400860c0	FUN_1400860c0	141				
140086150	FUN_140086150	205				
140086220	FUN_140086220	209				
140086300	FUN_140086300	157				
1400863a0	FUN_1400863a0	213				
1400864a0	FUN_1400864a0	45				
1400864d0	FUN_1400864d0	99				
140086540	FUN_140086540	1539				
140086b70	thunk_FUN_140086540	5				
140086b80	FUN_140086b80	277				
140086ca0	FUN_140086ca0	140				
140086d30	FUN_140086d30	141				
140086de0	FUN_140086de0	1677				
140087490	FUN_140087490	429				
140087640	FUN_140087640	15				
140087650	FUN_140087650	52				
140087690	FUN_140087690	514				
1400878f0	FUN_1400878f0	1611				
140087f40	FUN_140087f40	1011				
140088340	FUN_140088340	30				
140088360	FUN_140088360	863				
1400886d0	FUN_1400886d0	8				
1400886e0	FUN_1400886e0	128				
140088760	FUN_140088760	145				
140088800	FUN_140088800	125				
140088880	FUN_140088880	15				
140088890	FUN_140088890	8				
1400888a0	FUN_1400888a0	8				
1400888b0	FUN_1400888b0	8				
1400888c0	FUN_1400888c0	459				
140088a90	FUN_140088a90	57				
140088ad0	FUN_140088ad0	54				
140088b10	FUN_140088b10	55				
140088b50	FUN_140088b50	334				
140088ca0	FUN_140088ca0	400				
140088e40	FUN_140088e40	217				
140088f20	FUN_140088f20	302				
140089050	FUN_140089050	270				
140089160	thunk_FUN_140088b50	5				
140089170	FUN_140089170	59				
1400891b0	FUN_1400891b0	206				
140089280	FUN_140089280	58				
1400892c0	FUN_1400892c0	133				
140089350	FUN_140089350	179				
140089410	FUN_140089410	910				
1400897a0	FUN_1400897a0	142				
140089830	FUN_140089830	163				
1400898e0	FUN_1400898e0	36				
140089910	FUN_140089910	89				
140089970	FUN_140089970	85				
1400899e0	FUN_1400899e0	91				
140089a40	FUN_140089a40	337				
140089ba0	FUN_140089ba0	177				
140089c60	FUN_140089c60	1153				
14008a0f0	FUN_14008a0f0	294				
14008a220	FUN_14008a220	2475				
14008ac50	FUN_14008ac50	117				
14008acd0	FUN_14008acd0	495				
14008aec0	FUN_14008aec0	2620				
14008b920	FUN_14008b920	616				
14008bb90	FUN_14008bb90	56				
14008bbd0	FUN_14008bbd0	95				
14008bc30	FUN_14008bc30	192				
14008bcf0	FUN_14008bcf0	332				
14008be40	FUN_14008be40	475				
14008c020	FUN_14008c020	43				
14008c050	FUN_14008c050	43				
14008c080	FUN_14008c080	1163				
14008c530	`scalar_deleting_destructor'	76				
14008c580	FUN_14008c580	2047				
14008cd90	FUN_14008cd90	613				
14008d000	FUN_14008d000	133				
14008d090	FUN_14008d090	550				
14008d2c0	FUN_14008d2c0	482				
14008d4b0	FUN_14008d4b0	114				
14008d530	FUN_14008d530	4511				
14008e780	FUN_14008e780	2541				
14008f240	FUN_14008f240	63				
14008f280	FUN_14008f280	271				
14008f390	FUN_14008f390	437				
14008f570	FUN_14008f570	300				
14008f6a0	FUN_14008f6a0	1236				
14008fb80	FUN_14008fb80	471				
14008fd60	FUN_14008fd60	781				
140090090	FUN_140090090	510				
140090290	FUN_140090290	588				
1400904e0	FUN_1400904e0	843				
140090830	FUN_140090830	561				
140090a70	FUN_140090a70	188				
140090b30	FUN_140090b30	2722				
1400915e0	FUN_1400915e0	1138				
140091a60	FUN_140091a60	67				
140091ab0	FUN_140091ab0	86				
140091b10	FUN_140091b10	981				
140091ef0	FUN_140091ef0	1379				
1400924d0	FUN_1400924d0	323				
140092620	FUN_140092620	252				
140092720	FUN_140092720	631				
1400929a0	FUN_1400929a0	220				
140092a80	FUN_140092a80	356				
140092bf0	FUN_140092bf0	271				
140092d00	FUN_140092d00	59				
140092d40	FUN_140092d40	86				
140092da0	FUN_140092da0	533				
140092fc0	FUN_140092fc0	497				
1400931c0	FUN_1400931c0	368				
140093330	FUN_140093330	480				
140093510	FUN_140093510	376				
140093690	FUN_140093690	375				
140093810	FUN_140093810	322				
140093960	FUN_140093960	322				
140093ab0	FUN_140093ab0	320				
140093bf0	FUN_140093bf0	320				
140093d30	FUN_140093d30	416				
140093ed0	FUN_140093ed0	415				
140094070	FUN_140094070	1241				
140094550	FUN_140094550	3711				
1400953e0	FUN_1400953e0	6893				
140096ed0	FUN_140096ed0	1103				
140097320	FUN_140097320	363				
140097490	FUN_140097490	104				
140097500	FUN_140097500	88				
140097570	FUN_140097570	204				
140097640	FUN_140097640	855				
1400979a0	FUN_1400979a0	2163				.json
140098240	FUN_140098240	97				
1400982b0	FUN_1400982b0	26				
1400982d0	FUN_1400982d0	124				
140098350	FUN_140098350	871				
1400986c0	FUN_1400986c0	146				
140098760	FUN_140098760	454				
140098930	FUN_140098930	454				
140098b00	FUN_140098b00	156				
140098bb0	FUN_140098bb0	66				
140098c00	FUN_140098c00	43				
140098c30	FUN_140098c30	261				
140098d40	FUN_140098d40	107				
140098db0	FUN_140098db0	232			GetProcAddress	
140098ea0	FUN_140098ea0	319				
140098fe0	FUN_140098fe0	108				
140099050	FUN_140099050	692				
140099310	FUN_140099310	1114				
140099770	FUN_140099770	526				
140099980	FUN_140099980	1491				
140099f60	FUN_140099f60	1016				
14009a360	FUN_14009a360	716				
14009a630	FUN_14009a630	231				
14009a730	FUN_14009a730	77				
14009a780	FUN_14009a780	256				
14009a880	FUN_14009a880	405				
14009aa20	FUN_14009aa20	135				
14009aab0	FUN_14009aab0	456				
14009ac80	FUN_14009ac80	77				
14009acd0	FUN_14009acd0	205				
14009ada0	FUN_14009ada0	149				
14009ae40	FUN_14009ae40	97				
14009aee0	FUN_14009aee0	44				
14009b160	FUN_14009b160	138				
14009b200	FUN_14009b200	283				
14009b320	FUN_14009b320	229				
14009b410	FUN_14009b410	792				
14009b730	FUN_14009b730	80				
14009b7b0	FUN_14009b7b0	1567				.json
14009bde0	FUN_14009bde0	378				
14009bf60	FUN_14009bf60	43				
14009bf90	FUN_14009bf90	39				
14009c000	FUN_14009c000	24				
14009c030	FUN_14009c030	149				
14009c120	FUN_14009c120	121				
14009c1a0	FUN_14009c1a0	421				
14009c350	FUN_14009c350	380				
14009c4e0	FUN_14009c4e0	23				
14009c500	FUN_14009c500	92				
14009c560	FUN_14009c560	40				
14009c590	FUN_14009c590	40				
14009c5c0	FUN_14009c5c0	94				
14009c620	FUN_14009c620	372				
14009c800	FUN_14009c800	150				
14009c8a0	FUN_14009c8a0	110				
14009c910	FUN_14009c910	45				
14009c940	FUN_14009c940	68				
14009c990	FUN_14009c990	77				
14009c9e0	FUN_14009c9e0	70				
14009ca30	FUN_14009ca30	70				
14009ca80	FUN_14009ca80	144				
14009cb10	FUN_14009cb10	129				
14009cba0	FUN_14009cba0	280				
14009ccc0	FUN_14009ccc0	271				
14009cdd0	FUN_14009cdd0	313				
14009cf10	FUN_14009cf10	283				
14009d030	FUN_14009d030	135				
14009d0c0	FUN_14009d0c0	306				
14009d200	FUN_14009d200	143				
14009d290	FUN_14009d290	314				
14009d3d0	FUN_14009d3d0	313				
14009d510	FUN_14009d510	159				
14009d5b0	FUN_14009d5b0	306				
14009d6f0	FUN_14009d6f0	118				
14009d770	FUN_14009d770	118				
14009d7f0	FUN_14009d7f0	187				
14009d8b0	FUN_14009d8b0	470				
14009daf0	FUN_14009daf0	173				
14009dba0	FUN_14009dba0	266				
14009dcb0	FUN_14009dcb0	234				
14009dda0	FUN_14009dda0	263				
14009deb0	FUN_14009deb0	245				
14009e010	FUN_14009e010	252				
14009e110	FUN_14009e110	290				
14009e240	FUN_14009e240	262				
14009e3c0	FUN_14009e3c0	251				
14009e4c0	FUN_14009e4c0	496				
14009e6b0	FUN_14009e6b0	136				
14009e740	FUN_14009e740	586				
14009e990	FUN_14009e990	230				
14009ea80	FUN_14009ea80	437				
14009ec40	FUN_14009ec40	538				
14009ee60	FUN_14009ee60	520				
14009f070	FUN_14009f070	241				
14009f170	FUN_14009f170	435				
14009f330	FUN_14009f330	120				
14009f3b0	FUN_14009f3b0	535				
14009f5d0	FUN_14009f5d0	462				
14009f7a0	FUN_14009f7a0	301				
14009f8d0	FUN_14009f8d0	474				
14009fab0	FUN_14009fab0	585				
14009fd00	FUN_14009fd00	120				
14009fd80	FUN_14009fd80	534				
14009ffa0	FUN_14009ffa0	325				
1400a00f0	FUN_1400a00f0	472				
1400a02d0	FUN_1400a02d0	236				
1400a03c0	FUN_1400a03c0	201				
1400a0490	FUN_1400a0490	363				
1400a0600	FUN_1400a0600	431				
1400a07b0	FUN_1400a07b0	331				
1400a0900	FUN_1400a0900	421				
1400a0ab0	FUN_1400a0ab0	235				
1400a0ba0	FUN_1400a0ba0	365				
1400a0d10	FUN_1400a0d10	228				
1400a0e00	FUN_1400a0e00	423				
1400a0fb0	FUN_1400a0fb0	332				
1400a1180	FUN_1400a1180	146				
1400a1460	FUN_1400a1460	224				
1400a1630	FUN_1400a1630	136				
1400a16c0	FUN_1400a16c0	638				
1400a1940	FUN_1400a1940	174				
1400a19f0	FUN_1400a19f0	218				
1400a1ad0	FUN_1400a1ad0	421				
1400a1c80	FUN_1400a1c80	287				
1400a1ea0	FUN_1400a1ea0	185				
1400a2160	FUN_1400a2160	172				
1400a2210	FUN_1400a2210	181				
1400a2340	FUN_1400a2340	113				
1400a2460	FUN_1400a2460	54				
1400a24c0	FUN_1400a24c0	4622				
1400a36d0	FUN_1400a36d0	3				
1400a36e0	FUN_1400a36e0	139				
1400a3770	FUN_1400a3770	440				
1400a3930	FUN_1400a3930	552				
1400a3b60	FUN_1400a3b60	304				
1400a3c90	FUN_1400a3c90	5030				
1400a5100	FUN_1400a5100	604				
1400a5360	FUN_1400a5360	3159				
1400a5fc0	FUN_1400a5fc0	2361				
1400a6900	FUN_1400a6900	2455				
1400a74d0	FUN_1400a74d0	809				
1400a7800	FUN_1400a7800	322				
1400a7970	FUN_1400a7970	319				
1400a7ab0	FUN_1400a7ab0	2159				
1400a8350	FUN_1400a8350	2287				
1400a8c70	FUN_1400a8c70	594				
1400a8ed0	FUN_1400a8ed0	430				
1400a9080	FUN_1400a9080	570				
1400a92c0	FUN_1400a92c0	679				
1400a9580	FUN_1400a9580	672				
1400a9830	FUN_1400a9830	566				
1400aa820	FUN_1400aa820	210				
1400aa900	FUN_1400aa900	884				
1400aac80	FUN_1400aac80	665				
1400aaf60	FUN_1400aaf60	2755				
1400aba30	FUN_1400aba30	1788				
1400ac130	FUN_1400ac130	1371				
1400ac690	FUN_1400ac690	1711				
1400acd40	FUN_1400acd40	2063				
1400ad590	FUN_1400ad590	1944				
1400add60	FUN_1400add60	304				
1400ade90	FUN_1400ade90	1623				
1400ae520	FUN_1400ae520	798				
1400ae8b0	FUN_1400ae8b0	156				
1400ae9d0	FUN_1400ae9d0	317				
1400aeb10	FUN_1400aeb10	1937				
1400af2b0	FUN_1400af2b0	647				
1400af540	FUN_1400af540	635				
1400af7c0	FUN_1400af7c0	1132				
1400afc60	FUN_1400afc60	198				
1400afd30	FUN_1400afd30	1331				
1400b02a0	FUN_1400b02a0	477				
1400b04a0	FUN_1400b04a0	840				
1400b0810	FUN_1400b0810	1185				
1400b0cc0	FUN_1400b0cc0	1625				
1400b1340	FUN_1400b1340	1339				
1400b18a0	FUN_1400b18a0	319				
1400b19e0	FUN_1400b19e0	1558				
1400b2070	FUN_1400b2070	588				
1400b4990	FUN_1400b4990	292				
1400b4ac0	FUN_1400b4ac0	903				
1400b4e70	FUN_1400b4e70	589				
1400b50c0	FUN_1400b50c0	1605				
1400b5890	FUN_1400b5890	521				
1400b5af0	FUN_1400b5af0	319				
1400b5c30	FUN_1400b5c30	1379				
1400b6200	FUN_1400b6200	207				
1400b6320	FUN_1400b6320	178				
1400b63e0	FUN_1400b63e0	567				
1400b6620	FUN_1400b6620	234				
1400b6710	FUN_1400b6710	263				
1400b6820	FUN_1400b6820	445				
1400b69e0	FUN_1400b69e0	543				
1400b6e10	FUN_1400b6e10	874				
1400b7180	FUN_1400b7180	513				
1400b73e0	FUN_1400b73e0	304				
1400b7510	FUN_1400b7510	280				
1400b7e10	FUN_1400b7e10	1018				
1400b8240	FUN_1400b8240	411				
1400b83e0	FUN_1400b83e0	79				
1400b8430	FUN_1400b8430	2238				
1400b8d20	FUN_1400b8d20	529				
1400b8f40	FUN_1400b8f40	1596				
1400b95c0	FUN_1400b95c0	1678				
1400b9ca0	FUN_1400b9ca0	599				
1400b9f00	FUN_1400b9f00	1069				
1400ba350	FUN_1400ba350	314				
1400ba490	FUN_1400ba490	1622				
1400bab20	FUN_1400bab20	628				
1400badc0	FUN_1400badc0	363				
1400baf30	FUN_1400baf30	1691				
1400bb600	FUN_1400bb600	2706				
1400bc280	FUN_1400bc280	339				
1400bc3e0	FUN_1400bc3e0	354				
1400bcfa0	FUN_1400bcfa0	1093				
1400bd3f0	FUN_1400bd3f0	2761				
1400bded0	FUN_1400bded0	292				
1400be000	FUN_1400be000	2419				
1400be9d0	FUN_1400be9d0	607				
1400bec30	FUN_1400bec30	351				
1400bed90	FUN_1400bed90	2741				
1400bf890	FUN_1400bf890	666				
1400bfb30	FUN_1400bfb30	951				
1400bfef0	FUN_1400bfef0	1979				
1400c0710	FUN_1400c0710	1389				
1400c0c80	FUN_1400c0c80	1802				
1400c1390	FUN_1400c1390	164				
1400c1440	FUN_1400c1440	176				
1400c14f0	FUN_1400c14f0	52				
1400c1530	FUN_1400c1530	99				
1400c15a0	FUN_1400c15a0	110				
1400c1610	FUN_1400c1610	181				
1400c16d0	FUN_1400c16d0	443			GetProcAddress	
1400c1890	FUN_1400c1890	1941				
1400c2030	FUN_1400c2030	256				
1400c2130	FUN_1400c2130	412				
1400c22d0	FUN_1400c22d0	458				
1400c24a0	FUN_1400c24a0	1337				
1400c29e0	FUN_1400c29e0	89				
1400c2a40	FUN_1400c2a40	461				
1400c2c30	FUN_1400c2c30	876				
1400c2fa0	FUN_1400c2fa0	932				
1400c3350	FUN_1400c3350	166				
1400c3400	FUN_1400c3400	284			GetProcAddress	
1400c3550	FUN_1400c3550	2703				
1400c3ff0	FUN_1400c3ff0	1816				
1400c4710	FUN_1400c4710	264				
1400c4820	FUN_1400c4820	196			GetProcAddress	
1400c48f0	FUN_1400c48f0	173			GetProcAddress	
1400c49a0	FUN_1400c49a0	193			GetProcAddress	
1400c4a70	FUN_1400c4a70	466			GetProcAddress	
1400c4cd0	FUN_1400c4cd0	40				
1400c4d00	FUN_1400c4d00	40				
1400c4d30	FUN_1400c4d30	40				
1400c4e80	FUN_1400c4e80	514			GetProcAddress	
1400c5090	FUN_1400c5090	1733				
1400c5760	FUN_1400c5760	3925		SHTC		
1400c66d0	FUN_1400c66d0	2205				
1400c6f80	FUN_1400c6f80	442				
1400c7140	FUN_1400c7140	731				
1400c7420	FUN_1400c7420	275			GetProcAddress	
1400c7540	FUN_1400c7540	264			GetProcAddress	
1400c76a0	FUN_1400c76a0	2768				
1400c8180	FUN_1400c8180	442				
1400c8340	FUN_1400c8340	1393				
1400c88c0	FUN_1400c88c0	354				
1400c8a30	FUN_1400c8a30	294				
1400c8b60	FUN_1400c8b60	767				
1400c8e60	FUN_1400c8e60	1204				
1400c9320	FUN_1400c9320	163				
1400c93d0	FUN_1400c93d0	873				
1400c9740	FUN_1400c9740	2671				
1400ca1c0	FUN_1400ca1c0	799				
1400ca4f0	FUN_1400ca4f0	171				
1400ca5a0	FUN_1400ca5a0	131				
1400ca630	FUN_1400ca630	134				
1400ca6c0	FUN_1400ca6c0	183				
1400ca780	FUN_1400ca780	254				
1400ca880	FUN_1400ca880	1080				
1400cad00	FUN_1400cad00	300				
1400cae30	FUN_1400cae30	174				
1400caee0	FUN_1400caee0	173				
1400caf90	FUN_1400caf90	122				
1400cb010	FUN_1400cb010	317				
1400cb150	FUN_1400cb150	47				
1400cb180	FUN_1400cb180	266				
1400cb290	FUN_1400cb290	94				
1400cb2f0	FUN_1400cb2f0	59				
1400cb330	FUN_1400cb330	124				
1400cb3b0	FUN_1400cb3b0	639				
1400cb630	FUN_1400cb630	564				
1400cb870	FUN_1400cb870	529				
1400cbaa0	FUN_1400cbaa0	5506		SHTC		
1400cd030	FUN_1400cd030	22				
1400cd050	FUN_1400cd050	375				
1400cd1d0	FUN_1400cd1d0	63				
1400cd210	FUN_1400cd210	173				
1400cd2c0	FUN_1400cd2c0	43				
1400cd2f0	FUN_1400cd2f0	457				
1400cd4c0	FUN_1400cd4c0	111				
1400cd530	FUN_1400cd530	101				
1400cd5a0	FUN_1400cd5a0	496				
1400cd7a0	FUN_1400cd7a0	115				
1400cd820	FUN_1400cd820	664				
1400cdac0	FUN_1400cdac0	730				
1400cdda0	FUN_1400cdda0	124				
1400cde30	FUN_1400cde30	226				
1400ce030	FUN_1400ce030	500				
1400ce230	FUN_1400ce230	161				
1400ce2e0	FUN_1400ce2e0	137				
1400ce370	FUN_1400ce370	383				
1400ce4f0	FUN_1400ce4f0	41				
1400ce520	FUN_1400ce520	106				
1400ce5a0	FUN_1400ce5a0	253				
1400ce6a0	FUN_1400ce6a0	63				
1400ce6e0	FUN_1400ce6e0	106				
1400ce760	FUN_1400ce760	1036				
1400ceb70	FUN_1400ceb70	71				
1400cebc0	FUN_1400cebc0	280				
1400cece0	FUN_1400cece0	139				
1400ceda0	FUN_1400ceda0	10				
1400cedb0	FUN_1400cedb0	32				
1400cedd0	FUN_1400cedd0	841				
1400cf120	FUN_1400cf120	2118				
1400cf970	FUN_1400cf970	83				
1400cf9d0	FUN_1400cf9d0	137				
1400cfa80	FUN_1400cfa80	100				
1400cfaf0	FUN_1400cfaf0	213				
1400cfbd0	FUN_1400cfbd0	195				
1400cfca0	FUN_1400cfca0	195				
1400cfd70	FUN_1400cfd70	201				
1400cfe40	FUN_1400cfe40	373				
1400cffc0	FUN_1400cffc0	232				
1400d00b0	FUN_1400d00b0	232				
1400d01a0	FUN_1400d01a0	268				
1400d02b0	FUN_1400d02b0	7781				
1400d2120	FUN_1400d2120	135				
1400d21b0	FUN_1400d21b0	643				
1400d2440	FUN_1400d2440	15				
1400d24e0	FUN_1400d24e0	470				
1400d26c0	FUN_1400d26c0	847				
1400d2a10	thunk_FUN_14041a2e0	5				
1400d2a20	FUN_1400d2a20	132				
1400d2b20	FUN_1400d2b20	317				
1400d2c60	FUN_1400d2c60	1464				
1400d3220	FUN_1400d3220	233				
1400d3310	FUN_1400d3310	140				
1400d33b0	FUN_1400d33b0	88				
1400d34a0	FUN_1400d34a0	91				
1400d3500	FUN_1400d3500	1048				
1400d3920	FUN_1400d3920	118				
1400d39c0	FUN_1400d39c0	43				
1400d39f0	FUN_1400d39f0	1148				
1400d3e70	FUN_1400d3e70	118				
1400d3ef0	FUN_1400d3ef0	130				
1400d3f80	FUN_1400d3f80	472				
1400d4160	FUN_1400d4160	159				
1400d4200	FUN_1400d4200	465				
1400d43e0	FUN_1400d43e0	245				
1400d44e0	FUN_1400d44e0	584			GetProcAddress	
1400d4730	FUN_1400d4730	2357				
1400d5070	FUN_1400d5070	8133		PROJECT;SHDV		.frag;.vert
1400d7040	FUN_1400d7040	52				
1400d7080	FUN_1400d7080	949				
1400d7440	FUN_1400d7440	841				
1400d7790	FUN_1400d7790	973				
1400d7b60	FUN_1400d7b60	1040			GetProcAddress	
1400d7f90	FUN_1400d7f90	872				
1400d8300	FUN_1400d8300	9858				
1400dab40	FUN_1400dab40	5322				
1400dc080	FUN_1400dc080	177				
1400dc140	FUN_1400dc140	139				
1400dc1d0	FUN_1400dc1d0	118				
1400dc250	FUN_1400dc250	139				
1400dc2e0	FUN_1400dc2e0	20				
1400dc300	FUN_1400dc300	1869				
1400dca50	FUN_1400dca50	629				
1400dccd0	FUN_1400dccd0	2027				
1400dd4c0	FUN_1400dd4c0	355				
1400dd630	FUN_1400dd630	332				
1400dd780	FUN_1400dd780	65				
1400dd7d0	FUN_1400dd7d0	56				
1400dd810	FUN_1400dd810	111				
1400dd880	FUN_1400dd880	109				
1400dd8f0	FUN_1400dd8f0	129				
1400dd980	FUN_1400dd980	181				
1400dda40	FUN_1400dda40	98				
1400ddab0	FUN_1400ddab0	164				
1400ddb60	FUN_1400ddb60	335				
1400ddcb0	FUN_1400ddcb0	1320				
1400de1e0	FUN_1400de1e0	153				
1400de280	FUN_1400de280	1163				
1400de740	FUN_1400de740	363				
1400de8b0	FUN_1400de8b0	294				
1400de9e0	FUN_1400de9e0	304				
1400deb10	FUN_1400deb10	1884				
1400df270	FUN_1400df270	522				
1400df480	FUN_1400df480	501				
1400df680	FUN_1400df680	125				
1400df700	FUN_1400df700	561				
1400df940	FUN_1400df940	106				
1400df9b0	FUN_1400df9b0	224				
1400dfa90	FUN_1400dfa90	208				
1400dfb60	FUN_1400dfb60	157				
1400dfc00	FUN_1400dfc00	540				
1400dfe50	FUN_1400dfe50	2363				
1400e07f0	FUN_1400e07f0	2252				
1400e1120	FUN_1400e1120	175				
1400e11d0	FUN_1400e11d0	176				
1400e1280	FUN_1400e1280	150				
1400e1320	FUN_1400e1320	161				
1400e13d0	FUN_1400e13d0	88				
1400e1430	FUN_1400e1430	389				
1400e1650	FUN_1400e1650	476				
1400e1830	FUN_1400e1830	480				
1400e1a50	FUN_1400e1a50	121				
1400e1ad0	FUN_1400e1ad0	304				
1400e1c00	FUN_1400e1c00	4534				
1400e2e50	FUN_1400e2e50	277				
1400e2f70	FUN_1400e2f70	4502				
1400e41a0	FUN_1400e41a0	315				
1400e42e0	FUN_1400e42e0	351				
1400e4450	FUN_1400e4450	339				
1400e45b0	FUN_1400e45b0	173				
1400e4660	FUN_1400e4660	230				
1400e4750	FUN_1400e4750	118				
1400e47d0	FUN_1400e47d0	683				
1400e4a80	FUN_1400e4a80	16				
1400e4aa0	FUN_1400e4aa0	8				
1400e4ab0	FUN_1400e4ab0	251				
1400e4bb0	FUN_1400e4bb0	852				
1400e4f10	FUN_1400e4f10	853				
1400e5270	FUN_1400e5270	306				
1400e53b0	FUN_1400e53b0	834				
1400e5700	FUN_1400e5700	55				
1400e5740	FUN_1400e5740	490				
1400e59c0	FUN_1400e59c0	1141				
1400e5e40	FUN_1400e5e40	53				
1400e5e80	FUN_1400e5e80	493				
1400e6070	FUN_1400e6070	137				
1400e6100	FUN_1400e6100	484				
1400e62f0	FUN_1400e62f0	137				
1400e6380	FUN_1400e6380	734				
1400e6660	FUN_1400e6660	718				
1400e6930	FUN_1400e6930	539				
1400e6b50	FUN_1400e6b50	144				
1400e6be0	FUN_1400e6be0	553				
1400e6e10	FUN_1400e6e10	318				
1400e6f50	FUN_1400e6f50	73				
1400e6fa0	FUN_1400e6fa0	513				
1400e71b0	FUN_1400e71b0	76				
1400e7200	FUN_1400e7200	217				
1400e72e0	FUN_1400e72e0	472				
1400e74c0	FUN_1400e74c0	11				
1400e74d0	FUN_1400e74d0	381				
1400e7660	FUN_1400e7660	383				
1400e77f0	FUN_1400e77f0	140				
1400e7880	FUN_1400e7880	301				
1400e79e0	FUN_1400e79e0	111				
1400e7a50	FUN_1400e7a50	140				
1400e7ae0	FUN_1400e7ae0	205				
1400e7bb0	FUN_1400e7bb0	404				
1400e7d50	FUN_1400e7d50	715				
1400e80d0	FUN_1400e80d0	106				
1400e8140	FUN_1400e8140	157				
1400e81e0	FUN_1400e81e0	87				
1400e8240	FUN_1400e8240	658				
1400e84e0	FUN_1400e84e0	71				
1400e8530	FUN_1400e8530	139				
1400e85c0	FUN_1400e85c0	118				
1400e8640	FUN_1400e8640	586				
1400e8890	FUN_1400e8890	169				
1400e8940	FUN_1400e8940	444				
1400e8b00	FUN_1400e8b00	113				
1400e8b80	FUN_1400e8b80	1000				
1400e8f70	FUN_1400e8f70	188				
1400e9030	FUN_1400e9030	2493				
1400e99f0	FUN_1400e99f0	66				
1400e9a40	FUN_1400e9a40	170				
1400e9af0	FUN_1400e9af0	871				
1400e9e60	FUN_1400e9e60	11				
1400e9e70	FUN_1400e9e70	129				
1400e9f00	FUN_1400e9f00	43				
1400e9f30	FUN_1400e9f30	43				
1400e9f60	FUN_1400e9f60	119				
1400e9fe0	FUN_1400e9fe0	188				
1400ea0a0	FUN_1400ea0a0	43				
1400ea0d0	FUN_1400ea0d0	43				
1400ea100	FUN_1400ea100	132				
1400ea190	FUN_1400ea190	481				
1400ea380	FUN_1400ea380	479				
1400ea570	FUN_1400ea570	8				
1400ea580	FUN_1400ea580	43				
1400ea5b0	FUN_1400ea5b0	276				
1400ea6d0	FUN_1400ea6d0	166				
1400ea780	FUN_1400ea780	325				
1400ea8d0	FUN_1400ea8d0	114				
1400ea970	FUN_1400ea970	91				
1400ea9f0	FUN_1400ea9f0	616				
1400eac60	FUN_1400eac60	101				
1400eacd0	FUN_1400eacd0	322				
1400eae50	FUN_1400eae50	118				
1400eaf10	FUN_1400eaf10	380				
1400eb090	FUN_1400eb090	62				
1400eb120	FUN_1400eb120	8				
1400eb130	FUN_1400eb130	122				
1400eb1b0	FUN_1400eb1b0	105				
1400eb220	FUN_1400eb220	471				
1400eb400	FUN_1400eb400	52				
1400eb440	FUN_1400eb440	299				
1400eb570	FUN_1400eb570	2784				
1400ec060	FUN_1400ec060	435				
1400ec220	FUN_1400ec220	7191				
1400ede50	FUN_1400ede50	57				
1400ede90	FUN_1400ede90	20				
1400edeb0	FUN_1400edeb0	36				
1400edef0	FUN_1400edef0	2491				
1400ee8b0	FUN_1400ee8b0	195				
1400ee980	FUN_1400ee980	95				
1400ee9e0	FUN_1400ee9e0	458				
1400eebb0	FUN_1400eebb0	370				
1400eed30	FUN_1400eed30	367				
1400eef60	FUN_1400eef60	12				
1400eef70	FUN_1400eef70	2077				
1400ef790	FUN_1400ef790	81				
1400ef7f0	FUN_1400ef7f0	85				
1400ef850	FUN_1400ef850	114				
1400ef8d0	FUN_1400ef8d0	403				
1400efab0	FUN_1400efab0	228				
1400efba0	FUN_1400efba0	175				
1400efc50	FUN_1400efc50	14				
1400efc60	FUN_1400efc60	122				
1400efce0	FUN_1400efce0	143				
1400efd70	FUN_1400efd70	94				
1400efdd0	FUN_1400efdd0	105				
1400efe40	FUN_1400efe40	151				
1400efee0	FUN_1400efee0	67				
1400eff30	FUN_1400eff30	111				
1400effa0	FUN_1400effa0	91				
1400f0000	FUN_1400f0000	73				
1400f0050	FUN_1400f0050	63				
1400f0090	FUN_1400f0090	71				
1400f00e0	FUN_1400f00e0	2768				
1400f0bc0	FUN_1400f0bc0	111				
1400f0c30	FUN_1400f0c30	900				
1400f0fc0	FUN_1400f0fc0	56				
1400f1000	FUN_1400f1000	195				
1400f10d0	FUN_1400f10d0	73				
1400f1120	FUN_1400f1120	275				
1400f1240	FUN_1400f1240	298				
1400f1370	FUN_1400f1370	570				
1400f15b0	FUN_1400f15b0	43				
1400f15e0	FUN_1400f15e0	149				
1400f1690	FUN_1400f1690	92				
1400f1780	FUN_1400f1780	254				
1400f18b0	FUN_1400f18b0	102				
1400f1920	FUN_1400f1920	54				
1400f1970	FUN_1400f1970	474				
1400f1b60	FUN_1400f1b60	59				
1400f1bf0	FUN_1400f1bf0	66				
1400f1c40	FUN_1400f1c40	389				
1400f1dd0	FUN_1400f1dd0	52				
1400f1e10	FUN_1400f1e10	392				
1400f1fa0	FUN_1400f1fa0	1384			D3D11CreateDevice;LoadLibraryW	
1400f2510	FUN_1400f2510	558				
1400f2750	FUN_1400f2750	385				
1400f28e0	FUN_1400f28e0	1414			MFCreateSourceReader	
1400f2e90	FUN_1400f2e90	188				
1400f2f50	FUN_1400f2f50	217				
1400f3030	FUN_1400f3030	136				
1400f30e0	FUN_1400f30e0	123				
1400f3160	FUN_1400f3160	142				
1400f31f0	FUN_1400f31f0	137				
1400f3280	FUN_1400f3280	197				
1400f3350	FUN_1400f3350	152				
1400f33f0	FUN_1400f33f0	130				
1400f3480	FUN_1400f3480	294				
1400f35b0	FUN_1400f35b0	136				
1400f3650	FUN_1400f3650	729				
1400f3930	FUN_1400f3930	962				
1400f3d00	FUN_1400f3d00	416				
1400f3ea0	FUN_1400f3ea0	1465				
1400f4460	FUN_1400f4460	461				
1400f4630	FUN_1400f4630	472				
1400f4810	FUN_1400f4810	2299				
1400f5110	FUN_1400f5110	455				
1400f52e0	FUN_1400f52e0	854				
1400f5640	FUN_1400f5640	49				
1400f5680	FUN_1400f5680	701				
1400f5940	FUN_1400f5940	590				
1400f5b90	FUN_1400f5b90	274				
1400f5cb0	FUN_1400f5cb0	10188				
1400f8520	FUN_1400f8520	31				
1400f8540	FUN_1400f8540	66				
1400f8590	FUN_1400f8590	90				
1400f85f0	FUN_1400f85f0	38				
1400f8620	FUN_1400f8620	559				
1400f8860	FUN_1400f8860	112				
1400f88d0	FUN_1400f88d0	96				
1400f8930	FUN_1400f8930	29				
1400f8950	FUN_1400f8950	73				
1400f89a0	FUN_1400f89a0	783				
1400f8cc0	FUN_1400f8cc0	168				
1400f8d70	FUN_1400f8d70	118				
1400f8df0	FUN_1400f8df0	124				
1400f8e70	FUN_1400f8e70	128				
1400f8f00	FUN_1400f8f00	136				
1400f8f90	FUN_1400f8f90	58				
1400f8fd0	FUN_1400f8fd0	115				
1400f9050	FUN_1400f9050	30				
1400f9070	FUN_1400f9070	606				
1400f92e0	FUN_1400f92e0	626				
1400f9560	FUN_1400f9560	224				
1400f9640	FUN_1400f9640	600				
1400f98a0	FUN_1400f98a0	411				
1400f9a40	FUN_1400f9a40	444				
1400f9c00	FUN_1400f9c00	940				
1400f9fb0	FUN_1400f9fb0	85				
1400fa010	FUN_1400fa010	110				
1400fa080	FUN_1400fa080	203				
1400fa150	FUN_1400fa150	584				
1400fa3a0	FUN_1400fa3a0	763				
1400fa6a0	FUN_1400fa6a0	16				
1400fa6c0	FUN_1400fa6c0	40				
1400fa6f0	FUN_1400fa6f0	16				
1400fa700	FUN_1400fa700	80				
1400fa760	FUN_1400fa760	114				
1400fa7e0	FUN_1400fa7e0	115				
1400fa860	FUN_1400fa860	117				
1400fa8e0	FUN_1400fa8e0	122				
1400fa960	FUN_1400fa960	182				
1400faa20	FUN_1400faa20	187				
1400faae0	FUN_1400faae0	112				
1400fab60	FUN_1400fab60	142				
1400fabf0	FUN_1400fabf0	63				
1400fac30	FUN_1400fac30	131				
1400face0	FUN_1400face0	123				
1400fad60	FUN_1400fad60	124				
1400fade0	FUN_1400fade0	150				
1400fae80	FUN_1400fae80	134				
1400faf10	FUN_1400faf10	302				
1400fb040	FUN_1400fb040	196				
1400fb110	FUN_1400fb110	121				
1400fb190	FUN_1400fb190	192				
1400fb260	FUN_1400fb260	113				
1400fb310	FUN_1400fb310	125				
1400fb390	FUN_1400fb390	73				
1400fb3e0	FUN_1400fb3e0	99				
1400fb450	FUN_1400fb450	186				
1400fb510	FUN_1400fb510	40				
1400fb540	FUN_1400fb540	43				
1400fb570	FUN_1400fb570	452				
1400fb7d0	FUN_1400fb7d0	77				
1400fb820	FUN_1400fb820	1096				
1400fbc70	FUN_1400fbc70	452				
1400fbe40	FUN_1400fbe40	77				
1400fbe90	FUN_1400fbe90	909				
1400fc220	FUN_1400fc220	3558				
1400fd010	FUN_1400fd010	3121				
1400fdc50	FUN_1400fdc50	111				
1400fdcc0	FUN_1400fdcc0	113				
1400fdd40	FUN_1400fdd40	30				
1400fdd60	FUN_1400fdd60	52				
1400fdda0	FUN_1400fdda0	131				
1400fde30	FUN_1400fde30	48				
1400fde60	FUN_1400fde60	43				
1400fdeb0	FUN_1400fdeb0	1002			LoadLibraryW	
1400fe2a0	FUN_1400fe2a0	243				
1400fe3a0	FUN_1400fe3a0	760				
1400fe6a0	FUN_1400fe6a0	519				
1400fe8b0	FUN_1400fe8b0	188				
1400fe970	FUN_1400fe970	56				
1400fe9b0	FUN_1400fe9b0	56				
1400fe9f0	FUN_1400fe9f0	412			GetProcAddress;LoadLibraryW;MFCreateSourceReader	
1400feb90	FUN_1400feb90	205				
1400fec60	FUN_1400fec60	199				
1400fed40	FUN_1400fed40	79				
1400fed90	FUN_1400fed90	101				
1400fee00	FUN_1400fee00	61				
1400fee40	FUN_1400fee40	944				
1400ff200	FUN_1400ff200	322				
1400ff350	FUN_1400ff350	1010				
1400ff750	FUN_1400ff750	1376				
1400ffcb0	FUN_1400ffcb0	2552				
1401006b0	FUN_1401006b0	97				
140100720	FUN_140100720	927				
140100ac0	FUN_140100ac0	554				
140100cf0	FUN_140100cf0	3634				
140101b30	FUN_140101b30	72				
140101b80	FUN_140101b80	195				
140101c50	FUN_140101c50	5399				
1401031f0	FUN_1401031f0	600				
140103450	FUN_140103450	598				
1401036b0	FUN_1401036b0	221				
140103790	FUN_140103790	178				
140103850	FUN_140103850	118				
1401038d0	FUN_1401038d0	224				
1401039b0	FUN_1401039b0	655				
140103c50	FUN_140103c50	242				
140103d70	FUN_140103d70	525				
140103fa0	FUN_140103fa0	516				
1401041d0	FUN_1401041d0	75				
140104240	FUN_140104240	72				
1401042a0	FUN_1401042a0	106				
140104310	FUN_140104310	639				
140104590	FUN_140104590	779				
1401048b0	FUN_1401048b0	661				
140104b50	FUN_140104b50	15				
140104b60	FUN_140104b60	16566				
140108c20	FUN_140108c20	1364				
140109180	FUN_140109180	2333				
140109aa0	FUN_140109aa0	246				
140109ba0	FUN_140109ba0	955				
140109f60	FUN_140109f60	28				
140109f80	FUN_140109f80	350				
14010a0e0	FUN_14010a0e0	903				
14010a520	FUN_14010a520	4898				.json;project.json
14010b870	FUN_14010b870	141				
14010b900	FUN_14010b900	2573				
14010c380	FUN_14010c380	147				
14010c420	FUN_14010c420	542				
14010c650	FUN_14010c650	2669				
14010d100	FUN_14010d100	97				
14010d170	FUN_14010d170	967				
14010d580	FUN_14010d580	709				
14010d850	FUN_14010d850	225				
14010d940	FUN_14010d940	43				
14010d970	FUN_14010d970	43				
14010d9b0	FUN_14010d9b0	228				
14010daa0	FUN_14010daa0	12				
14010dab0	FUN_14010dab0	31				
14010dad0	FUN_14010dad0	188				
14010db90	FUN_14010db90	681				
14010de40	FUN_14010de40	255				
14010df40	FUN_14010df40	4190				.json
14010efb0	FUN_14010efb0	1178				
14010f450	FUN_14010f450	167				
14010f500	FUN_14010f500	112				
14010f570	FUN_14010f570	112				
14010f5e0	FUN_14010f5e0	118				
14010f660	FUN_14010f660	776				
14010f970	FUN_14010f970	245				
14010fa70	FUN_14010fa70	163				
14010fb20	FUN_14010fb20	183				
14010fbe0	FUN_14010fbe0	97				
14010fc50	FUN_14010fc50	168				
14010fd00	FUN_14010fd00	70				
14010fd60	FUN_14010fd60	224				
14010fe50	FUN_14010fe50	519				
140110060	FUN_140110060	1346			GetProcAddress	
1401105b0	FUN_1401105b0	122				
140110630	FUN_140110630	13706				.json
140113bc0	FUN_140113bc0	23				
140113be0	FUN_140113be0	146				
140113c80	FUN_140113c80	5458				.json;scene.json
1401151e0	FUN_1401151e0	65				
140115230	FUN_140115230	66				
140115280	FUN_140115280	561				
1401154c0	FUN_1401154c0	1481				
140115a90	FUN_140115a90	246				
140115b90	FUN_140115b90	2208				
1401164c0	FUN_1401164c0	36				
1401164f0	FUN_1401164f0	245				
1401165f0	FUN_1401165f0	291				
140116720	FUN_140116720	222				
140116800	FUN_140116800	709				
140116ad0	FUN_140116ad0	92				
140116b30	FUN_140116b30	92				
140116b90	FUN_140116b90	54				
140116bd0	FUN_140116bd0	398				
140116d60	FUN_140116d60	45				
140116d90	FUN_140116d90	433				
140116f60	FUN_140116f60	125				
140117000	FUN_140117000	88				
140117060	FUN_140117060	1306				
140117600	FUN_140117600	1230				
140117ad0	FUN_140117ad0	1798				
1401181e0	FUN_1401181e0	437				
1401183a0	FUN_1401183a0	231				
140118490	FUN_140118490	440				
140118650	FUN_140118650	259				
140118760	FUN_140118760	240				
140118880	FUN_140118880	458				
140118a70	FUN_140118a70	133				
140118b00	FUN_140118b00	1151				
140118f80	FUN_140118f80	302				
1401190b0	FUN_1401190b0	215				
140119190	FUN_140119190	184				
140119250	FUN_140119250	162				
140119300	FUN_140119300	43				
140119330	FUN_140119330	359				
1401194a0	FUN_1401194a0	401				
140119640	FUN_140119640	1043				
140119a60	FUN_140119a60	564				
140119ca0	FUN_140119ca0	1100				
14011a0f0	FUN_14011a0f0	142				
14011a180	FUN_14011a180	3207				
14011ae10	FUN_14011ae10	198				
14011aee0	FUN_14011aee0	105				
14011af50	FUN_14011af50	339				
14011b0b0	FUN_14011b0b0	2070			GetProcAddress	
14011b950	FUN_14011b950	1255				
14011be40	FUN_14011be40	2700				
14011c910	FUN_14011c910	90				
14011ca00	FUN_14011ca00	1261				
14011cf10	FUN_14011cf10	1171				
14011d3b0	FUN_14011d3b0	1051				
14011d7d0	FUN_14011d7d0	3405				.json;project.json
14011e520	FUN_14011e520	851				
14011e880	FUN_14011e880	91				
14011e8e0	FUN_14011e8e0	234				
14011e9d0	FUN_14011e9d0	1131				
14011ee40	FUN_14011ee40	66				
14011ee90	FUN_14011ee90	12				
14011eea0	FUN_14011eea0	987				.json;scene.json
14011f280	FUN_14011f280	52				
14011f2c0	FUN_14011f2c0	709				
14011f590	FUN_14011f590	144				
14011f630	FUN_14011f630	162				.json
14011f6e0	FUN_14011f6e0	162				.json
14011f7b0	FUN_14011f7b0	126				
14011f830	FUN_14011f830	134				
14011f8c0	FUN_14011f8c0	179				.json
14011f980	FUN_14011f980	218				.json
14011fac0	FUN_14011fac0	232				.json
14011fbb0	FUN_14011fbb0	354				.json
14011fd20	FUN_14011fd20	782				
140120050	FUN_140120050	1401			MFCreateSourceReader	.json
1401205d0	FUN_1401205d0	438				
140120790	FUN_140120790	1775				.json
140120e90	FUN_140120e90	99				
140120f20	FUN_140120f20	53				
140120f60	FUN_140120f60	1714				
140121620	FUN_140121620	88				
140121680	FUN_140121680	110				
1401216f0	FUN_1401216f0	88				
140121760	FUN_140121760	192				
140121830	FUN_140121830	324				
1401219a0	FUN_1401219a0	457				
140121b90	FUN_140121b90	196				
140121c60	FUN_140121c60	396				
140121df0	FUN_140121df0	265				
140121f00	FUN_140121f00	242				
140122000	FUN_140122000	546				
1401222b0	FUN_1401222b0	1187				
1401227a0	FUN_1401227a0	620				
140122a10	FUN_140122a10	382				
140122b90	FUN_140122b90	1447				
140123140	FUN_140123140	240				
140123230	FUN_140123230	753				
140123530	FUN_140123530	512				
140123730	FUN_140123730	43				
140123760	FUN_140123760	303				
140123890	FUN_140123890	2026				
140124080	FUN_140124080	61				
1401240c0	FUN_1401240c0	56				
140124100	FUN_140124100	60				
140124140	FUN_140124140	80				
140124210	FUN_140124210	101				
140124310	FUN_140124310	340				
140124470	FUN_140124470	43				
1401244a0	FUN_1401244a0	437				
140124660	FUN_140124660	60				
1401246a0	FUN_1401246a0	146				
140124750	FUN_140124750	404				
1401248f0	FUN_1401248f0	509				
140124b10	FUN_140124b10	59				
140124b50	FUN_140124b50	190				
140124c50	FUN_140124c50	1209				
140125110	FUN_140125110	189				
1401251e0	FUN_1401251e0	434				
1401253c0	FUN_1401253c0	126				
140125440	FUN_140125440	4424				
140126590	FUN_140126590	166				
140126640	FUN_140126640	412				
1401267e0	FUN_1401267e0	67				
140126830	FUN_140126830	3757				
1401276e0	FUN_1401276e0	148				
1401277a0	FUN_1401277a0	555			GetProcAddress	
1401279d0	FUN_1401279d0	513				
140127be0	FUN_140127be0	281				
140127d00	FUN_140127d00	1506			GetProcAddress	
1401282f0	FUN_1401282f0	404			GetProcAddress	
140128490	FUN_140128490	771				
1401287a0	FUN_1401287a0	1746				
140128e80	FUN_140128e80	243				
140128fb0	FUN_140128fb0	137				
140129040	FUN_140129040	1007				
140129440	FUN_140129440	98				
1401294f0	FUN_1401294f0	205				
1401295c0	FUN_1401295c0	513				
1401297d0	FUN_1401297d0	79				
140129830	FUN_140129830	2619				
14012a270	FUN_14012a270	1066				
14012a6a0	FUN_14012a6a0	1472				
14012ac60	FUN_14012ac60	2998			D3D11CreateDevice	
14012b820	FUN_14012b820	102				
14012b890	FUN_14012b890	558				
14012bac0	FUN_14012bac0	64				
14012bb00	FUN_14012bb00	65				
14012bc00	FUN_14012bc00	713				
14012bed0	FUN_14012bed0	2153				
14012c740	FUN_14012c740	548				
14012c970	FUN_14012c970	5589				
14012df50	FUN_14012df50	1054				
14012e370	FUN_14012e370	494				
14012e560	FUN_14012e560	345				
14012e6e0	FUN_14012e6e0	26				
14012e700	FUN_14012e700	11				
14012e710	FUN_14012e710	8374				
1401307f0	FUN_1401307f0	33				
140130820	FUN_140130820	18				
140130840	FUN_140130840	720				
140130b20	FUN_140130b20	1048				
140130f40	FUN_140130f40	127				
140130fc0	FUN_140130fc0	96				
140131020	FUN_140131020	192				
1401310e0	FUN_1401310e0	272				
140131200	FUN_140131200	3948				
140132170	FUN_140132170	1792				
140132870	FUN_140132870	706				
140132b40	FUN_140132b40	123				
140132bc0	FUN_140132bc0	502				
140132dc0	FUN_140132dc0	1307				
1401332e0	FUN_1401332e0	486				
1401334d0	FUN_1401334d0	536				
1401336f0	FUN_1401336f0	41				
140133720	FUN_140133720	389				
1401338b0	FUN_1401338b0	113				
140133930	FUN_140133930	67				
140133980	FUN_140133980	198				
140133a50	FUN_140133a50	550				
140133c80	FUN_140133c80	235				
140133d70	FUN_140133d70	16				
140133d90	FUN_140133d90	667				
140134030	FUN_140134030	175				
1401340e0	FUN_1401340e0	244				
1401341e0	FUN_1401341e0	99				
140134250	FUN_140134250	538				
140134470	FUN_140134470	816				
1401347a0	FUN_1401347a0	657				
140134a40	FUN_140134a40	129				
140134ad0	FUN_140134ad0	149				
140134b70	FUN_140134b70	2395				
1401354d0	FUN_1401354d0	1251				
1401359c0	FUN_1401359c0	640				
140135c40	FUN_140135c40	453				
140135e10	FUN_140135e10	109				
140135e80	FUN_140135e80	195				
140135f50	FUN_140135f50	175				
140136000	FUN_140136000	109				
140136070	FUN_140136070	195				
140136140	FUN_140136140	185				
140136200	FUN_140136200	118				
140136280	FUN_140136280	204				
140136350	FUN_140136350	582				
1401365a0	FUN_1401365a0	671				
140136840	FUN_140136840	599				
140136aa0	FUN_140136aa0	426				
140136c50	FUN_140136c50	586				
140136ea0	FUN_140136ea0	570				
1401370e0	FUN_1401370e0	598				
140137340	FUN_140137340	557				
140137570	FUN_140137570	94				
1401375d0	FUN_1401375d0	146				
140137670	FUN_140137670	687				
140137920	FUN_140137920	470				
140137b00	FUN_140137b00	687				
140137db0	FUN_140137db0	763				
1401380b0	FUN_1401380b0	692				
140138370	FUN_140138370	734				
140138650	FUN_140138650	66				
1401386a0	FUN_1401386a0	195				
140138770	FUN_140138770	558				
1401389a0	FUN_1401389a0	163				
140138a50	FUN_140138a50	58				
140138a90	FUN_140138a90	234				
140138b80	FUN_140138b80	1523				
140139180	FUN_140139180	229				
140139270	FUN_140139270	283				
140139390	FUN_140139390	202				
140139480	FUN_140139480	174				
140139570	FUN_140139570	43				
1401395a0	FUN_1401395a0	1265				
140139aa0	FUN_140139aa0	54				
140139ae0	FUN_140139ae0	295				
140139c10	FUN_140139c10	86				
140139c70	FUN_140139c70	1598				
14013a2c0	FUN_14013a2c0	2959				
14013ae60	FUN_14013ae60	102				
14013aee0	FUN_14013aee0	47				
14013af10	FUN_14013af10	67				
14013af60	FUN_14013af60	67				
14013afb0	FUN_14013afb0	134				
14013b040	FUN_14013b040	1217				
14013b510	FUN_14013b510	1217				
14013b9e0	FUN_14013b9e0	54				
14013ba20	FUN_14013ba20	295				
14013bb50	FUN_14013bb50	1553				
14013c170	FUN_14013c170	646				
14013c400	FUN_14013c400	2885				
14013cf50	FUN_14013cf50	102				
14013cfc0	FUN_14013cfc0	67				
14013d010	FUN_14013d010	67				
14013d060	FUN_14013d060	134				
14013d0f0	FUN_14013d0f0	54				
14013d130	FUN_14013d130	54				
14013d170	FUN_14013d170	1062				
14013d5a0	FUN_14013d5a0	1343				
14013daf0	FUN_14013daf0	474				
14013dcd0	FUN_14013dcd0	1016				
14013e0d0	FUN_14013e0d0	99				
14013e140	FUN_14013e140	685				
14013e3f0	FUN_14013e3f0	319				
14013e530	FUN_14013e530	697				
14013e7f0	FUN_14013e7f0	295				
14013e920	FUN_14013e920	1555				
14013ef40	FUN_14013ef40	646				
14013f1d0	FUN_14013f1d0	2887				
14013fd20	FUN_14013fd20	102				
14013fd90	FUN_14013fd90	70				
14013fde0	FUN_14013fde0	70				
14013fe30	FUN_14013fe30	137				
14013fec0	FUN_14013fec0	1555				
1401404e0	FUN_1401404e0	2887				
140141030	FUN_140141030	99				
1401410a0	FUN_1401410a0	484				
140141290	FUN_140141290	136				
140141320	FUN_140141320	147				
1401413cc	FUN_1401413cc	9				
140141420	FUN_140141420	25				
140141440	FUN_140141440	18				
140141460	FUN_140141460	891				
1401417e0	FUN_1401417e0	105				
140141850	FUN_140141850	41				
140141880	FUN_140141880	155				
140141920	FUN_140141920	337				
140141a80	FUN_140141a80	11947				
140144930	FUN_140144930	1496				
140144f10	FUN_140144f10	750				
140145220	FUN_140145220	390				
1401453b0	FUN_1401453b0	245				
1401454b0	FUN_1401454b0	345				
140145610	FUN_140145610	739				
140145900	FUN_140145900	77				
140145950	FUN_140145950	1296				
140145e60	FUN_140145e60	578				
1401460b0	FUN_1401460b0	548				
1401462e0	FUN_1401462e0	519				
1401464f0	FUN_1401464f0	1447				
140146ac0	FUN_140146ac0	162				
140146b70	FUN_140146b70	278				
140146c90	FUN_140146c90	622				
140146f00	FUN_140146f00	1446				
1401474b0	FUN_1401474b0	7243				
140149100	FUN_140149100	83				
140149160	FUN_140149160	509				
140149360	FUN_140149360	7190				
14014af80	FUN_14014af80	755				
14014b280	FUN_14014b280	97				
14014b2f0	FUN_14014b2f0	1095				
14014b740	FUN_14014b740	1295				
14014bc50	FUN_14014bc50	1295				
14014c160	FUN_14014c160	1898				
14014c8e0	FUN_14014c8e0	8				
14014c8f0	FUN_14014c8f0	886				
14014cc70	FUN_14014cc70	799				
14014cf90	FUN_14014cf90	1386				
14014d500	FUN_14014d500	2604				
14014df30	FUN_14014df30	512				
14014e130	FUN_14014e130	374				
14014e2b0	FUN_14014e2b0	181				
14014e370	FUN_14014e370	156				
14014e410	FUN_14014e410	222				
14014e4f0	FUN_14014e4f0	184				
14014e5b0	FUN_14014e5b0	402				
14014e750	FUN_14014e750	139				
14014e7e0	FUN_14014e7e0	111				
14014e850	FUN_14014e850	754				
14014eb50	FUN_14014eb50	574				
14014ed90	FUN_14014ed90	435				
14014ef50	FUN_14014ef50	634				
14014f1d0	FUN_14014f1d0	1062				
14014f600	FUN_14014f600	667				
14014f8a0	FUN_14014f8a0	667				
14014fb40	FUN_14014fb40	134				
14014fbd0	FUN_14014fbd0	844				
14014ff20	FUN_14014ff20	74				
14014ff70	FUN_14014ff70	407				
140150110	FUN_140150110	1630				
140150770	FUN_140150770	832				
140150ac0	FUN_140150ac0	670				
140150d60	FUN_140150d60	1009				
1401511b0	FUN_1401511b0	1022				
1401515b0	FUN_1401515b0	2182				
140151e70	FUN_140151e70	195				
140151f40	FUN_140151f40	1376				
1401524b0	FUN_1401524b0	689				
140152770	FUN_140152770	689				
140152a30	FUN_140152a30	634				
140152cf0	FUN_140152cf0	514				
140152f00	FUN_140152f00	514				
140153110	FUN_140153110	162				
1401531c0	FUN_1401531c0	50				
140153200	FUN_140153200	1126				
140153690	FUN_140153690	52				
1401536d0	FUN_1401536d0	43				
140153700	FUN_140153700	67				
140153750	FUN_140153750	8				
140153760	FUN_140153760	346				
1401538d0	FUN_1401538d0	1620				
140153f30	FUN_140153f30	52				
140153f70	FUN_140153f70	1285				
140154480	FUN_140154480	4549				
140155670	FUN_140155670	32				
140155690	FUN_140155690	75				
1401556e0	FUN_1401556e0	2265				
140155fc0	FUN_140155fc0	4957				.json
140157330	FUN_140157330	250				
140157430	FUN_140157430	383				
1401575b0	FUN_1401575b0	169				
140157660	FUN_140157660	274				
140157780	FUN_140157780	87				
1401577e0	FUN_1401577e0	2306				
1401580f0	FUN_1401580f0	211				
1401581d0	FUN_1401581d0	124				
140158250	FUN_140158250	211				
140158330	FUN_140158330	124				
1401583b0	FUN_1401583b0	211				
140158490	FUN_140158490	124				
140158510	FUN_140158510	211				
1401585f0	FUN_1401585f0	124				
140158670	FUN_140158670	211				
140158750	FUN_140158750	124				
1401587d0	FUN_1401587d0	389				
140158960	FUN_140158960	437				
140158b40	FUN_140158b40	389				
140158cd0	FUN_140158cd0	437				
140158eb0	FUN_140158eb0	389				
140159040	FUN_140159040	437				
140159220	FUN_140159220	389				
1401593b0	FUN_1401593b0	437				
140159590	FUN_140159590	389				
140159720	FUN_140159720	437				
140159900	FUN_140159900	368				
140159a70	FUN_140159a70	730				
140159d50	FUN_140159d50	228				
140159e40	FUN_140159e40	443				
14015a000	FUN_14015a000	706				
14015a2d0	FUN_14015a2d0	177				
14015a390	FUN_14015a390	164				
14015a440	FUN_14015a440	587				
14015a690	FUN_14015a690	110				
14015a700	FUN_14015a700	127				
14015a780	FUN_14015a780	118				
14015a800	FUN_14015a800	763				
14015ab00	FUN_14015ab00	306				
14015ac40	FUN_14015ac40	630				
14015aec0	FUN_14015aec0	59				
14015af00	FUN_14015af00	573				
14015b140	FUN_14015b140	610				
14015b3b0	FUN_14015b3b0	516				
14015b5c0	FUN_14015b5c0	113				
14015b640	FUN_14015b640	57				
14015b6d0	FUN_14015b6d0	59				
14015b710	FUN_14015b710	824				
14015ba50	FUN_14015ba50	175				
14015bb00	FUN_14015bb00	134				
14015bb90	FUN_14015bb90	667				
14015be30	FUN_14015be30	224				
14015bf10	FUN_14015bf10	763				
14015c210	FUN_14015c210	114				
14015c290	FUN_14015c290	466				
14015c470	FUN_14015c470	9				
14015c480	FUN_14015c480	683				
14015c760	FUN_14015c760	360				
14015c8d0	FUN_14015c8d0	6388				
14015e1d0	FUN_14015e1d0	940				
14015e580	FUN_14015e580	1155		TEXB;TEXI;TEXV		
14015ea10	FUN_14015ea10	383				
14015eb90	FUN_14015eb90	513				
14015eda0	FUN_14015eda0	52				
14015ede0	FUN_14015ede0	741				
14015f0d0	FUN_14015f0d0	598				
14015f330	FUN_14015f330	1140				
14015f7b0	FUN_14015f7b0	288				
14015f8d0	FUN_14015f8d0	1277				
14015fdd0	FUN_14015fdd0	240				
14015fec0	FUN_14015fec0	87				
14015ff20	FUN_14015ff20	175				
14015ffd0	FUN_14015ffd0	189				
140160090	FUN_140160090	368				
140160200	FUN_140160200	730				
1401604e0	FUN_1401604e0	228				
1401605d0	FUN_1401605d0	443				
140160790	FUN_140160790	76				
1401607e0	FUN_1401607e0	156				
140160880	FUN_140160880	489				
140160a70	FUN_140160a70	164				
140160b20	FUN_140160b20	530				
140160d40	FUN_140160d40	612				
140160fb0	FUN_140160fb0	502				
1401611b0	FUN_1401611b0	118				
140161230	FUN_140161230	612				
1401614a0	FUN_1401614a0	422				
140161650	FUN_140161650	623				
1401618d0	FUN_1401618d0	108				
140161940	FUN_140161940	265				
140161ac0	FUN_140161ac0	173				
140161b70	FUN_140161b70	214				
140161c50	FUN_140161c50	618				
140161ec0	FUN_140161ec0	117				
140161f40	FUN_140161f40	246				
140162040	FUN_140162040	47				
140162080	FUN_140162080	117				
140162100	FUN_140162100	2486				
140162ac0	FUN_140162ac0	3027				.frag;.vert
1401636a0	FUN_1401636a0	2418				
140164020	FUN_140164020	139				
1401640b0	FUN_1401640b0	111				
140164120	FUN_140164120	56				
140164160	FUN_140164160	694				
140164420	FUN_140164420	620				
140164690	FUN_140164690	435				
140164850	FUN_140164850	449				
140164a20	FUN_140164a20	840				
140164d70	FUN_140164d70	188				
140164e30	FUN_140164e30	667				
1401650d0	FUN_1401650d0	470				
1401652b0	FUN_1401652b0	816				
1401655e0	FUN_1401655e0	613				
140165850	FUN_140165850	213				
140165930	FUN_140165930	651				
140165bc0	FUN_140165bc0	61				
140165c00	FUN_140165c00	1431				
1401661a0	FUN_1401661a0	104				
140166210	FUN_140166210	779				
140166520	FUN_140166520	962				
1401668f0	FUN_1401668f0	174				
1401669a0	FUN_1401669a0	225				
140166a90	FUN_140166a90	1577				
1401670c0	thunk_FUN_1401670d0	5				
1401670d0	FUN_1401670d0	702				
140167390	FUN_140167390	391				
140167520	FUN_140167520	191				
1401675e0	FUN_1401675e0	147				
140167680	FUN_140167680	463				
140167850	FUN_140167850	377				
1401679d0	FUN_1401679d0	244				
140167ad0	FUN_140167ad0	169				
140167b80	FUN_140167b80	127				
140167c00	FUN_140167c00	524				
140167e10	FUN_140167e10	4888				
140169140	FUN_140169140	8085			Map	
14016b0e0	FUN_14016b0e0	4885				
14016c400	FUN_14016c400	1020				
14016c800	FUN_14016c800	388				
14016c990	FUN_14016c990	1222				
14016ce60	FUN_14016ce60	4645				
14016e0d0	FUN_14016e0d0	400				
14016e270	FUN_14016e270	724				
14016e550	FUN_14016e550	136				
14016e5e0	FUN_14016e5e0	594				
14016e840	FUN_14016e840	655				
14016ead0	FUN_14016ead0	1374				
14016f030	FUN_14016f030	683				
14016f2e0	FUN_14016f2e0	227				
14016f3d0	FUN_14016f3d0	763				
14016f6d0	FUN_14016f6d0	109				
14016f740	FUN_14016f740	94				
14016f7a0	FUN_14016f7a0	86				
14016f800	FUN_14016f800	69				
14016f850	FUN_14016f850	69				
14016f8a0	FUN_14016f8a0	69				
14016f8f0	FUN_14016f8f0	69				
14016f940	FUN_14016f940	69				
14016f990	FUN_14016f990	164				
14016fa40	FUN_14016fa40	643				
14016fcd0	FUN_14016fcd0	639				
14016ff50	FUN_14016ff50	916				
1401702f0	FUN_1401702f0	378				
140170470	FUN_140170470	159				
140170510	FUN_140170510	97				
140170580	FUN_140170580	119				
140170600	FUN_140170600	97				
140170670	FUN_140170670	41				
1401706a0	FUN_1401706a0	148				
140170740	FUN_140170740	43				
1401708c0	FUN_1401708c0	1292				
140170dd0	FUN_140170dd0	153				
140170e70	FUN_140170e70	620				
1401710e0	FUN_1401710e0	494				
1401712d0	FUN_1401712d0	362				
140171440	FUN_140171440	5091				
140172830	FUN_140172830	2197				
1401730d0	FUN_1401730d0	256				
1401731d0	FUN_1401731d0	5436				
140174710	FUN_140174710	847				
140174a60	FUN_140174a60	864				
140174dc0	FUN_140174dc0	2749				
140175880	FUN_140175880	5867				
140176f70	FUN_140176f70	2902				
140177ad0	FUN_140177ad0	273				
140177bf0	FUN_140177bf0	20				
140177c10	FUN_140177c10	179				
140177cf0	FUN_140177cf0	626				
140177f70	FUN_140177f70	1922				
140178700	FUN_140178700	368				
140178870	FUN_140178870	730				
140178b50	FUN_140178b50	228				
140178c40	FUN_140178c40	443				
140178e00	FUN_140178e00	28				
140178e20	FUN_140178e20	111				
140178e90	FUN_140178e90	1468				
140179450	FUN_140179450	118				
1401794d0	FUN_1401794d0	252				
1401795d0	FUN_1401795d0	252				
1401796d0	FUN_1401796d0	180				
140179790	FUN_140179790	176				
140179840	FUN_140179840	674				
140179af0	FUN_140179af0	674				
140179da0	FUN_140179da0	709				
14017a070	FUN_14017a070	617				
14017a2e0	FUN_14017a2e0	684				
14017a5a0	FUN_14017a5a0	726				
14017a8b0	FUN_14017a8b0	830				
14017ac20	FUN_14017ac20	175				
14017acd0	FUN_14017acd0	106				
14017ad40	FUN_14017ad40	88				
14017ada0	FUN_14017ada0	116				
14017aec0	FUN_14017aec0	514				
14017b0d0	FUN_14017b0d0	667				
14017b370	FUN_14017b370	667				
14017b610	FUN_14017b610	816				
14017b940	FUN_14017b940	763				
14017bc40	FUN_14017bc40	763				
14017bf40	FUN_14017bf40	927				
14017c2e0	FUN_14017c2e0	213				
14017c3c0	FUN_14017c3c0	118				
14017c440	FUN_14017c440	651				
14017c6d0	FUN_14017c6d0	4179				
14017d730	FUN_14017d730	637				
14017d9b0	FUN_14017d9b0	1204				
14017de70	FUN_14017de70	116				
14017def0	FUN_14017def0	199				
14017dfc0	FUN_14017dfc0	124				
14017e040	FUN_14017e040	312				
14017e180	FUN_14017e180	319				
14017e2d0	FUN_14017e2d0	133				
14017e360	FUN_14017e360	127				
14017e3e0	FUN_14017e3e0	181				
14017e4a0	FUN_14017e4a0	160				
14017e540	FUN_14017e540	116				
14017e5c0	FUN_14017e5c0	127				
14017e640	FUN_14017e640	146				
14017e6f0	FUN_14017e6f0	86				
14017e750	FUN_14017e750	12				
14017e760	FUN_14017e760	39				
14017e790	FUN_14017e790	374				
14017e910	FUN_14017e910	12				
14017e920	FUN_14017e920	445				
14017eae0	FUN_14017eae0	106				
14017eb50	FUN_14017eb50	1321				
14017f080	FUN_14017f080	290				
14017f1b0	FUN_14017f1b0	2239				
14017fa70	FUN_14017fa70	7256				.json
1401816d0	FUN_1401816d0	652				
140181960	FUN_140181960	393				
140181af0	FUN_140181af0	1088			Map	.json
140181f30	FUN_140181f30	4178				.json
140182f90	FUN_140182f90	258				
1401830a0	FUN_1401830a0	1195				
140183550	FUN_140183550	185				
140183610	FUN_140183610	1105				
140183a70	FUN_140183a70	1446				
140184020	FUN_140184020	673				
1401842d0	FUN_1401842d0	58				
140184310	FUN_140184310	304				
140184440	FUN_140184440	119				
1401844c0	FUN_1401844c0	36				
1401844f0	FUN_1401844f0	316				
140184630	FUN_140184630	38				
1401846b0	FUN_1401846b0	674				
140184980	FUN_140184980	92				
1401849e0	FUN_1401849e0	1276				
140184ee0	FUN_140184ee0	31				
140184f00	FUN_140184f00	248				
140185000	FUN_140185000	8				
140185010	FUN_140185010	48				
140185040	FUN_140185040	89				
1401850a0	FUN_1401850a0	599				
140185300	FUN_140185300	103				
140185370	FUN_140185370	43				
1401853c0	FUN_1401853c0	339				
140185520	FUN_140185520	1052				
140185940	FUN_140185940	11				
140185950	FUN_140185950	12				
140185960	FUN_140185960	2520		LSBK		
140186340	FUN_140186340	156				
140186440	FUN_140186440	373				
1401865c0	FUN_1401865c0	949				
140186990	FUN_140186990	709				
140186c90	FUN_140186c90	7047				
140188820	FUN_140188820	52				
140188860	FUN_140188860	2365				
1401891a0	FUN_1401891a0	3176				
140189e10	FUN_140189e10	3242				
14018aac0	FUN_14018aac0	1900				
14018b230	FUN_14018b230	133				
14018b2c0	FUN_14018b2c0	208				
14018b390	FUN_14018b390	418				
14018b570	FUN_14018b570	436				
14018b730	FUN_14018b730	709				
14018ba00	FUN_14018ba00	432				
14018bbd0	FUN_14018bbd0	2476				
14018c5c0	FUN_14018c5c0	352				
14018c720	FUN_14018c720	4451				
14018d8b0	FUN_14018d8b0	370				
14018db00	FUN_14018db00	334				
14018dc70	FUN_14018dc70	895				
14018e070	FUN_14018e070	291				
14018e1a0	FUN_14018e1a0	396				
14018e3a0	FUN_14018e3a0	1740				
14018ea80	FUN_14018ea80	966				
14018ee50	FUN_14018ee50	1214				
14018f310	FUN_14018f310	102				
14018f380	FUN_14018f380	1099				
14018f7d0	FUN_14018f7d0	1127				
14018fc40	FUN_14018fc40	799				
14018ff60	FUN_14018ff60	2642				
1401909c0	FUN_1401909c0	697				
140190c80	FUN_140190c80	22584				
1401964c0	FUN_1401964c0	22				
140196500	FUN_140196500	9				
140196510	FUN_140196510	26				
140196530	FUN_140196530	413				
1401966d0	FUN_1401966d0	365				
140196840	FUN_140196840	317				
140196980	FUN_140196980	312				
140196ac0	FUN_140196ac0	383				
140196c40	FUN_140196c40	158				
140196ce0	FUN_140196ce0	7159				.json
140198910	FUN_140198910	1003				
140198d00	FUN_140198d00	285				
140198e20	FUN_140198e20	1884				
140199580	FUN_140199580	509				
140199780	FUN_140199780	7511				
14019b4e0	FUN_14019b4e0	206				
14019b5b0	FUN_14019b5b0	220				
14019b6f0	FUN_14019b6f0	207				
14019b7c0	FUN_14019b7c0	223				
14019b920	FUN_14019b920	206				
14019b9f0	FUN_14019b9f0	220				
14019bb40	FUN_14019bb40	207				
14019bc10	FUN_14019bc10	223				
14019bd70	FUN_14019bd70	207				
14019be40	FUN_14019be40	223				
14019bfa0	FUN_14019bfa0	206				
14019c070	FUN_14019c070	220				
14019c1c0	FUN_14019c1c0	207				
14019c290	FUN_14019c290	223				
14019c3f0	FUN_14019c3f0	207				
14019c4c0	FUN_14019c4c0	223				
14019c620	FUN_14019c620	207				
14019c6f0	FUN_14019c6f0	220				
14019c850	FUN_14019c850	207				
14019c920	FUN_14019c920	223				
14019ca80	FUN_14019ca80	207				
14019cb50	FUN_14019cb50	223				
14019ccb0	FUN_14019ccb0	371				
14019ce30	FUN_14019ce30	730				
14019d110	FUN_14019d110	228				
14019d200	FUN_14019d200	443				
14019d3c0	FUN_14019d3c0	32				
14019d3e0	FUN_14019d3e0	111				
14019d450	FUN_14019d450	25				
14019d470	FUN_14019d470	98				
14019d4e0	FUN_14019d4e0	88				
14019d540	FUN_14019d540	36				
14019d570	FUN_14019d570	34				
14019d5a0	FUN_14019d5a0	838				
14019d8f0	FUN_14019d8f0	46				
14019d920	FUN_14019d920	643				
14019dbb0	FUN_14019dbb0	982				
14019df90	FUN_14019df90	428				
14019e140	FUN_14019e140	336				
14019e2a0	FUN_14019e2a0	255				
14019e3a0	FUN_14019e3a0	570				
14019e5e0	FUN_14019e5e0	127				
14019e660	FUN_14019e660	36				
14019e690	FUN_14019e690	413				
14019e830	FUN_14019e830	45				
14019e860	FUN_14019e860	46				
14019e890	FUN_14019e890	58				
14019e8d0	FUN_14019e8d0	13				
14019e8e0	FUN_14019e8e0	65				
14019e930	FUN_14019e930	12				
14019e940	FUN_14019e940	12				
14019e950	FUN_14019e950	25				
14019e970	FUN_14019e970	116				
14019e9f0	FUN_14019e9f0	142				
14019ea80	FUN_14019ea80	118				
14019eb00	FUN_14019eb00	385				
14019ec90	FUN_14019ec90	205				
14019ed60	FUN_14019ed60	252				
14019ee60	FUN_14019ee60	236				
14019ef50	FUN_14019ef50	1029				
14019f360	FUN_14019f360	2685				
14019fde0	FUN_14019fde0	217				
14019fec0	FUN_14019fec0	1088				
1401a0300	FUN_1401a0300	2660				
1401a0d70	FUN_1401a0d70	576				
1401a0fc0	FUN_1401a0fc0	272				
1401a10e0	FUN_1401a10e0	630				
1401a1360	FUN_1401a1360	902				
1401a16f0	FUN_1401a16f0	741				
1401a19e0	FUN_1401a19e0	1030				
1401a1df0	FUN_1401a1df0	472				
1401a1fd0	FUN_1401a1fd0	475				
1401a21b0	FUN_1401a21b0	630				
1401a2430	FUN_1401a2430	345				
1401a2590	FUN_1401a2590	593				
1401a27f0	FUN_1401a27f0	34				
1401a2820	FUN_1401a2820	175				
1401a28d0	FUN_1401a28d0	266				
1401a29e0	FUN_1401a29e0	340				
1401a2b40	FUN_1401a2b40	286				
1401a2c60	FUN_1401a2c60	481				
1401a2e50	FUN_1401a2e50	232				
1401a2f40	FUN_1401a2f40	33				
1401a2f70	FUN_1401a2f70	135				
1401a3000	FUN_1401a3000	514				
1401a3210	FUN_1401a3210	204				
1401a32e0	FUN_1401a32e0	366				
1401a3450	FUN_1401a3450	429				
1401a3600	FUN_1401a3600	423				
1401a37c0	thunk_FUN_14041a9c0	5				
1401a37d0	FUN_1401a37d0	276				
1401a38f0	FUN_1401a38f0	624				
1401a3b60	FUN_1401a3b60	125				
1401a3be0	FUN_1401a3be0	493				
1401a3dd0	FUN_1401a3dd0	493				
1401a3fc0	FUN_1401a3fc0	569				
1401a4230	FUN_1401a4230	763				
1401a4580	FUN_1401a4580	885				
1401a4930	FUN_1401a4930	192				
1401a4a20	FUN_1401a4a20	167				
1401a4b00	FUN_1401a4b00	184				
1401a4bc0	FUN_1401a4bc0	320				
1401a4d00	FUN_1401a4d00	88				
1401a4db0	FUN_1401a4db0	3295				
1401a5a90	FUN_1401a5a90	108				
1401a5b00	FUN_1401a5b00	72				
1401a5b50	FUN_1401a5b50	118				
1401a5bd0	FUN_1401a5bd0	100				
1401a5c40	FUN_1401a5c40	4126				
1401a6c60	FUN_1401a6c60	1609				.frag;.vert
1401a72b0	FUN_1401a72b0	152				
1401a7350	FUN_1401a7350	355				
1401a74c0	FUN_1401a74c0	185				
1401a7580	FUN_1401a7580	115				
1401a7600	FUN_1401a7600	706				
1401a78d0	FUN_1401a78d0	722				
1401a7bb0	FUN_1401a7bb0	862				
1401a7f10	FUN_1401a7f10	409				
1401a80b0	FUN_1401a80b0	667				
1401a8350	FUN_1401a8350	667				
1401a85f0	FUN_1401a85f0	931				
1401a89a0	FUN_1401a89a0	530				
1401a8c10	FUN_1401a8c10	193				
1401a8ce0	FUN_1401a8ce0	1834				
1401a9410	FUN_1401a9410	668				
1401a96b0	FUN_1401a96b0	504				
1401a98b0	FUN_1401a98b0	769				
1401a9bc0	FUN_1401a9bc0	918				
1401a9f60	FUN_1401a9f60	596				
1401aa1c0	FUN_1401aa1c0	609				
1401aa430	FUN_1401aa430	1291				
1401aa940	FUN_1401aa940	367				
1401aaac0	FUN_1401aaac0	526				
1401aacd0	FUN_1401aacd0	88				
1401aad30	FUN_1401aad30	126				
1401aadb0	FUN_1401aadb0	1627				
1401ab410	FUN_1401ab410	348				
1401ab570	FUN_1401ab570	118				
1401ab5f0	FUN_1401ab5f0	463				
1401ab7c0	FUN_1401ab7c0	463				
1401ab9c0	FUN_1401ab9c0	1891				
1401ac130	FUN_1401ac130	629				
1401ac3b0	FUN_1401ac3b0	293				
1401ac4e0	FUN_1401ac4e0	783				
1401ac7f0	FUN_1401ac7f0	212				
1401ac8d0	FUN_1401ac8d0	333				
1401aca20	FUN_1401aca20	205				
1401acaf0	FUN_1401acaf0	2316				
1401ad400	FUN_1401ad400	621				
1401ad670	FUN_1401ad670	1854				
1401addb0	FUN_1401addb0	371				
1401adf30	FUN_1401adf30	330				
1401ae080	FUN_1401ae080	7531				
1401afe00	FUN_1401afe00	1212				
1401b02c0	FUN_1401b02c0	119				
1401b0340	FUN_1401b0340	27				
1401b0360	FUN_1401b0360	164				
1401b0410	FUN_1401b0410	11803				
1401b3240	FUN_1401b3240	486				
1401b3430	FUN_1401b3430	1828				.json
1401b3b60	FUN_1401b3b60	1050				
1401b3f80	FUN_1401b3f80	251				
1401b4080	FUN_1401b4080	22				
1401b40a0	FUN_1401b40a0	84				
1401b4100	FUN_1401b4100	353				
1401b4270	FUN_1401b4270	46				
1401b42a0	FUN_1401b42a0	26				
1401b42c0	FUN_1401b42c0	180				
1401b4380	FUN_1401b4380	122				
1401b4400	FUN_1401b4400	175				
1401b44b0	FUN_1401b44b0	29				
1401b44d0	FUN_1401b44d0	111				
1401b4540	FUN_1401b4540	127				
1401b45c0	FUN_1401b45c0	213				
1401b46a0	FUN_1401b46a0	143				
1401b4730	FUN_1401b4730	48				
1401b4760	FUN_1401b4760	631				
1401b49f0	FUN_1401b49f0	318				
1401b4b30	FUN_1401b4b30	297				
1401b4c60	FUN_1401b4c60	307				
1401b4da0	FUN_1401b4da0	15				
1401b4db0	FUN_1401b4db0	34				
1401b4de0	FUN_1401b4de0	401				
1401b4f80	FUN_1401b4f80	294				
1401b50b0	FUN_1401b50b0	26				
1401b50d0	FUN_1401b50d0	110				
1401b5140	FUN_1401b5140	43				
1401b5170	FUN_1401b5170	427				
1401b5320	FUN_1401b5320	685				
1401b55d0	FUN_1401b55d0	100				
1401b5640	FUN_1401b5640	683				
1401b58f0	FUN_1401b58f0	642				
1401b5b80	FUN_1401b5b80	510				
1401b5d80	FUN_1401b5d80	743				
1401b6070	FUN_1401b6070	506				
1401b6270	FUN_1401b6270	443				
1401b6430	FUN_1401b6430	485				
1401b6620	FUN_1401b6620	475				
1401b6800	FUN_1401b6800	498				
1401b6a00	FUN_1401b6a00	475				
1401b6be0	FUN_1401b6be0	58				
1401b6c20	FUN_1401b6c20	435				
1401b6de0	FUN_1401b6de0	74				
1401b6e30	FUN_1401b6e30	110				
1401b6ea0	FUN_1401b6ea0	310				
1401b6fe0	FUN_1401b6fe0	161				
1401b7090	FUN_1401b7090	289				
1401b71c0	FUN_1401b71c0	186				
1401b7280	FUN_1401b7280	224				
1401b7360	FUN_1401b7360	169				
1401b7410	FUN_1401b7410	234				
1401b7500	FUN_1401b7500	413				
1401b76a0	FUN_1401b76a0	470				
1401b7880	FUN_1401b7880	453				
1401b7a50	FUN_1401b7a50	603				
1401b7cb0	FUN_1401b7cb0	684				
1401b7f60	FUN_1401b7f60	167				
1401b8010	FUN_1401b8010	92				
1401b8070	thunk_FUN_140293ad0	5				
1401b8080	FUN_1401b8080	25				
1401b80a0	FUN_1401b80a0	22				
1401b80f0	FUN_1401b80f0	471				
1401b82d0	FUN_1401b82d0	437				
1401b8490	FUN_1401b8490	576				
1401b86d0	FUN_1401b86d0	135				
1401b8760	FUN_1401b8760	412				
1401b8900	FUN_1401b8900	450				
1401b8ad0	FUN_1401b8ad0	67				
1401b8b20	FUN_1401b8b20	106				
1401b8b90	FUN_1401b8b90	211				
1401b8c70	FUN_1401b8c70	369				
1401b8df0	FUN_1401b8df0	778				
1401b9100	FUN_1401b9100	1020				
1401b9520	FUN_1401b9520	1002				
1401b9930	FUN_1401b9930	744				
1401b9c40	FUN_1401b9c40	553				
1401b9e70	FUN_1401b9e70	657				
1401ba110	FUN_1401ba110	709				
1401ba3e0	FUN_1401ba3e0	827				
1401ba740	FUN_1401ba740	719				
1401baa10	FUN_1401baa10	563				
1401bac50	FUN_1401bac50	290				
1401bad80	FUN_1401bad80	653				
1401bb030	FUN_1401bb030	860				
1401bb390	FUN_1401bb390	708				
1401bb660	FUN_1401bb660	860				
1401bb9c0	FUN_1401bb9c0	707				
1401bbc90	FUN_1401bbc90	961				
1401bc080	FUN_1401bc080	972				
1401bc470	FUN_1401bc470	7				
1401bc480	FUN_1401bc480	22				
1401bc4a0	FUN_1401bc4a0	7				
1401bc4b0	FUN_1401bc4b0	1135				
1401bc980	FUN_1401bc980	19				
1401bc9a0	FUN_1401bc9a0	698				
1401bcc80	FUN_1401bcc80	458				
1401bce50	FUN_1401bce50	390				
1401bcfe0	FUN_1401bcfe0	703				
1401bd2a0	FUN_1401bd2a0	802				
1401bd5d0	FUN_1401bd5d0	825				
1401bd910	FUN_1401bd910	728				
1401bdbf0	FUN_1401bdbf0	738				
1401bdee0	FUN_1401bdee0	946				
1401be2a0	FUN_1401be2a0	751				
1401be5d0	FUN_1401be5d0	502				
1401be810	FUN_1401be810	845				
1401beb80	FUN_1401beb80	882				
1401bef00	FUN_1401bef00	964				
1401bf2d0	FUN_1401bf2d0	1063				
1401bf700	FUN_1401bf700	930				
1401bfab0	FUN_1401bfab0	243				
1401bfbb0	FUN_1401bfbb0	1135				
1401c0080	FUN_1401c0080	19				
1401c00a0	FUN_1401c00a0	808				
1401c03f0	FUN_1401c03f0	327				
1401c0540	FUN_1401c0540	509				
1401c0740	FUN_1401c0740	288				
1401c0860	thunk_FUN_1401c00a0	5				
1401c0870	FUN_1401c0870	624				
1401c0af0	FUN_1401c0af0	413				
1401c0c90	FUN_1401c0c90	894				
1401c1070	FUN_1401c1070	886				
1401c1430	FUN_1401c1430	874				
1401c17a0	FUN_1401c17a0	432				
1401c1950	FUN_1401c1950	136				
1401c19e0	FUN_1401c19e0	644				
1401c1c70	FUN_1401c1c70	423				
1401c1e20	FUN_1401c1e20	1171				
1401c22e0	FUN_1401c22e0	1848				
1401c2a40	FUN_1401c2a40	1038				
1401c2e50	FUN_1401c2e50	26				
1401c2e70	FUN_1401c2e70	119				
1401c2ef0	FUN_1401c2ef0	30				
1401c2f10	FUN_1401c2f10	397				
1401c30a0	FUN_1401c30a0	826				
1401c33e0	FUN_1401c33e0	1113				
1401c3840	FUN_1401c3840	1069				
1401c3c70	FUN_1401c3c70	467				
1401c3e50	FUN_1401c3e50	422				
1401c4000	FUN_1401c4000	530				
1401c4220	FUN_1401c4220	975				
1401c45f0	FUN_1401c45f0	3729				
1401c5490	FUN_1401c5490	49248				
1401d1530	FUN_1401d1530	97				
1401d15a0	FUN_1401d15a0	3430				
1401d2340	FUN_1401d2340	4868				
1401d3650	FUN_1401d3650	299				
1401d3780	FUN_1401d3780	851				
1401d3ae0	FUN_1401d3ae0	1990				.json
1401d42b0	FUN_1401d42b0	47				
1401d42e0	FUN_1401d42e0	68				
1401d4330	FUN_1401d4330	38				
1401d4360	FUN_1401d4360	153				
1401d4400	FUN_1401d4400	152				
1401d44a0	FUN_1401d44a0	125				
1401d4520	FUN_1401d4520	91				
1401d4580	FUN_1401d4580	4860				
1401d5880	FUN_1401d5880	445				
1401d5a40	FUN_1401d5a40	526				
1401d5c50	FUN_1401d5c50	76				
1401d5ca0	FUN_1401d5ca0	373				
1401d5e20	FUN_1401d5e20	227				
1401d5f10	FUN_1401d5f10	404				
1401d60b0	FUN_1401d60b0	846				
1401d6400	FUN_1401d6400	1964				
1401d6bb0	FUN_1401d6bb0	370				
1401d6d30	FUN_1401d6d30	2415				
1401d76a0	FUN_1401d76a0	11				
1401d76b0	FUN_1401d76b0	26				
1401d76d0	FUN_1401d76d0	136				
1401d7760	FUN_1401d7760	903				
1401d7af0	FUN_1401d7af0	177				
1401d7bb0	FUN_1401d7bb0	36				
1401d7be0	FUN_1401d7be0	291				
1401d7d30	FUN_1401d7d30	299				
1401d7e80	FUN_1401d7e80	402				
1401d8040	FUN_1401d8040	209				
1401d8120	FUN_1401d8120	305				
1401d8280	FUN_1401d8280	222				
1401d8360	FUN_1401d8360	67				
1401d83b0	FUN_1401d83b0	27				
1401d83d0	FUN_1401d83d0	27				
1401d83f0	FUN_1401d83f0	18				
1401d8410	FUN_1401d8410	18				
1401d8430	FUN_1401d8430	18				
1401d8450	FUN_1401d8450	27				
1401d8470	FUN_1401d8470	18				
1401d8490	FUN_1401d8490	27				
1401d84b0	FUN_1401d84b0	46				
1401d84e0	FUN_1401d84e0	24				
1401d8500	FUN_1401d8500	24				
1401d8520	FUN_1401d8520	24				
1401d8540	FUN_1401d8540	18				
1401d8560	FUN_1401d8560	24				
1401d8580	FUN_1401d8580	18				
1401d85a0	FUN_1401d85a0	24				
1401d85c0	FUN_1401d85c0	398				
1401d8750	FUN_1401d8750	75				
1401d87a0	FUN_1401d87a0	18				
1401d87c0	FUN_1401d87c0	24				
1401d87e0	FUN_1401d87e0	24				
1401d8800	FUN_1401d8800	18				
1401d8820	FUN_1401d8820	24				
1401d8840	FUN_1401d8840	24				
1401d8860	FUN_1401d8860	24				
1401d8880	FUN_1401d8880	24				
1401d88a0	FUN_1401d88a0	35				
1401d88d0	FUN_1401d88d0	24				
1401d88f0	FUN_1401d88f0	24				
1401d8910	FUN_1401d8910	18				
1401d8930	FUN_1401d8930	24				
1401d8950	FUN_1401d8950	18				
1401d8970	FUN_1401d8970	24				
1401d8990	FUN_1401d8990	24				
1401d89b0	FUN_1401d89b0	24				
1401d89d0	FUN_1401d89d0	18				
1401d89f0	FUN_1401d89f0	27				
1401d8a10	FUN_1401d8a10	18				
1401d8a30	FUN_1401d8a30	24				
1401d8a50	FUN_1401d8a50	24				
1401d8a70	FUN_1401d8a70	27				
1401d8a90	FUN_1401d8a90	18				
1401d8ab0	FUN_1401d8ab0	24				
1401d8ad0	FUN_1401d8ad0	27				
1401d8af0	FUN_1401d8af0	27				
1401d8b10	FUN_1401d8b10	27				
1401d8b30	FUN_1401d8b30	27				
1401d8b50	FUN_1401d8b50	18				
1401d8b70	FUN_1401d8b70	24				
1401d8b90	FUN_1401d8b90	24				
1401d8bb0	FUN_1401d8bb0	27				
1401d8bd0	FUN_1401d8bd0	27				
1401d8bf0	FUN_1401d8bf0	27				
1401d8c10	FUN_1401d8c10	27				
1401d8c30	FUN_1401d8c30	24				
1401d8c50	FUN_1401d8c50	24				
1401d8c70	FUN_1401d8c70	27				
1401d8c90	FUN_1401d8c90	24				
1401d8cb0	FUN_1401d8cb0	27				
1401d8cd0	FUN_1401d8cd0	24				
1401d8cf0	FUN_1401d8cf0	24				
1401d8d10	FUN_1401d8d10	24				
1401d8d30	FUN_1401d8d30	27				
1401d8d50	FUN_1401d8d50	24				
1401d8d70	FUN_1401d8d70	24				
1401d8d90	FUN_1401d8d90	24				
1401d8db0	FUN_1401d8db0	24				
1401d8dd0	FUN_1401d8dd0	24				
1401d8df0	FUN_1401d8df0	20				
1401d8e10	FUN_1401d8e10	170				
1401d8ec0	FUN_1401d8ec0	442				
1401d9080	FUN_1401d9080	49				
1401d90c0	FUN_1401d90c0	49				
1401d9100	FUN_1401d9100	167				
1401d91b0	FUN_1401d91b0	26				
1401d91d0	FUN_1401d91d0	118				
1401d9250	FUN_1401d9250	29				
1401d9270	FUN_1401d9270	12				
1401d9280	FUN_1401d9280	395				
1401d9410	FUN_1401d9410	122				
1401d9490	FUN_1401d9490	443				
1401d9650	FUN_1401d9650	11				
1401d9660	FUN_1401d9660	339				
1401d97c0	FUN_1401d97c0	118				
1401d9840	FUN_1401d9840	152				
1401d98e0	FUN_1401d98e0	152				
1401d9980	FUN_1401d9980	173				
1401d9a30	FUN_1401d9a30	167				
1401d9ae0	FUN_1401d9ae0	151				
1401d9b80	FUN_1401d9b80	455				
1401d9d50	FUN_1401d9d50	94				
1401d9db0	FUN_1401d9db0	194				
1401d9e80	FUN_1401d9e80	11				
1401d9e90	FUN_1401d9e90	203				
1401d9f60	FUN_1401d9f60	55				
1401d9fa0	FUN_1401d9fa0	1402				
1401da520	FUN_1401da520	687				
1401da7e0	FUN_1401da7e0	472				
1401da9c0	FUN_1401da9c0	789				
1401dace0	FUN_1401dace0	643				
1401daf70	FUN_1401daf70	385				
1401db100	FUN_1401db100	571				
1401db340	FUN_1401db340	116				
1401db3c0	FUN_1401db3c0	505				
1401db5c0	FUN_1401db5c0	402				
1401db760	FUN_1401db760	417				
1401db910	FUN_1401db910	500				
1401dbb10	FUN_1401dbb10	687				
1401dbdd0	FUN_1401dbdd0	430				
1401dbf80	FUN_1401dbf80	110				
1401dbff0	FUN_1401dbff0	64				
1401dc030	FUN_1401dc030	59				
1401dc070	FUN_1401dc070	59				
1401dc0b0	FUN_1401dc0b0	110				
1401dc130	FUN_1401dc130	593				
1401dc3b0	FUN_1401dc3b0	60				
1401dc3f0	FUN_1401dc3f0	100				
1401dc460	FUN_1401dc460	165				
1401dc510	FUN_1401dc510	178				
1401dc5d0	FUN_1401dc5d0	470				
1401dc7b0	FUN_1401dc7b0	514				
1401dc9c0	FUN_1401dc9c0	151				
1401dca60	FUN_1401dca60	139				
1401dcaf0	FUN_1401dcaf0	139				
1401dcb80	FUN_1401dcb80	177				
1401dcc40	FUN_1401dcc40	246				
1401dcd40	FUN_1401dcd40	181				
1401dce00	FUN_1401dce00	128				
1401dce80	FUN_1401dce80	883				
1401dd200	FUN_1401dd200	131				
1401dd290	FUN_1401dd290	143				
1401dd320	FUN_1401dd320	143				
1401dd3b0	FUN_1401dd3b0	122				
1401dd430	FUN_1401dd430	334				
1401dd580	FUN_1401dd580	176				
1401dd630	FUN_1401dd630	405				
1401dd7d0	FUN_1401dd7d0	293				
1401dd900	FUN_1401dd900	155				
1401dd9a0	FUN_1401dd9a0	178				
1401dda60	FUN_1401dda60	225				
1401ddb50	FUN_1401ddb50	84				
1401ddbb0	FUN_1401ddbb0	1514				
1401de1a0	FUN_1401de1a0	52				
1401de1e0	FUN_1401de1e0	640				
1401de470	FUN_1401de470	719				
1401de750	FUN_1401de750	2968				
1401df2f0	FUN_1401df2f0	657				
1401df590	FUN_1401df590	78				
1401df5e0	FUN_1401df5e0	53				
1401df620	FUN_1401df620	1502				
1401dfc00	FUN_1401dfc00	557				
1401dfe30	FUN_1401dfe30	625				
1401e00b0	FUN_1401e00b0	204				
1401e01d0	FUN_1401e01d0	25				
1401e01f0	FUN_1401e01f0	198				
1401e02c0	FUN_1401e02c0	193				
1401e0390	FUN_1401e0390	395				
1401e0530	FUN_1401e0530	3674				
1401e1390	FUN_1401e1390	368				
1401e1500	FUN_1401e1500	730				
1401e17e0	FUN_1401e17e0	228				
1401e18d0	FUN_1401e18d0	443				
1401e1a90	FUN_1401e1a90	206				
1401e1b60	FUN_1401e1b60	221				
1401e1ca0	FUN_1401e1ca0	370				
1401e1e20	FUN_1401e1e20	762				
1401e2120	FUN_1401e2120	224				
1401e2200	FUN_1401e2200	459				
1401e23d0	FUN_1401e23d0	224				
1401e24b0	FUN_1401e24b0	71				
1401e2500	FUN_1401e2500	773				
1401e2810	FUN_1401e2810	82				
1401e2870	thunk_FUN_14041c460	5				
1401e2880	FUN_1401e2880	104				
1401e28f0	FUN_1401e28f0	150				
1401e2990	FUN_1401e2990	377				
1401e2b10	FUN_1401e2b10	167				
1401e2bc0	FUN_1401e2bc0	2639		LSBK		
1401e3620	FUN_1401e3620	2052				
1401e3e30	FUN_1401e3e30	452				
1401e4000	FUN_1401e4000	694				
1401e42c0	FUN_1401e42c0	1129				
1401e4730	FUN_1401e4730	109				
1401e47a0	FUN_1401e47a0	689				
1401e4a60	FUN_1401e4a60	562				
1401e4ca0	FUN_1401e4ca0	191				
1401e4d60	FUN_1401e4d60	175				
1401e4e10	FUN_1401e4e10	683				
1401e50c0	FUN_1401e50c0	734				
1401e53a0	FUN_1401e53a0	1639				
1401e5a10	FUN_1401e5a10	323				
1401e5b60	FUN_1401e5b60	400				
1401e5cf0	FUN_1401e5cf0	55				
1401e5d30	FUN_1401e5d30	145				
1401e5dd0	FUN_1401e5dd0	695				
1401e6090	FUN_1401e6090	614				
1401e6300	FUN_1401e6300	167				
1401e63b0	FUN_1401e63b0	1476				
1401e6980	FUN_1401e6980	377				
1401e6b00	FUN_1401e6b00	52				
1401e6b40	FUN_1401e6b40	1025				
1401e6f50	FUN_1401e6f50	540				
1401e7170	FUN_1401e7170	6442				
1401e8aa0	FUN_1401e8aa0	6185				
1401ea2d0	FUN_1401ea2d0	63				
1401ea310	FUN_1401ea310	490				
1401ea500	FUN_1401ea500	5806				
1401ebbc0	FUN_1401ebbc0	800				.json
1401ebf60	FUN_1401ebf60	1980				
1401ec720	FUN_1401ec720	848				
1401eca70	FUN_1401eca70	105				
1401ecae0	FUN_1401ecae0	53				.json
1401ecb20	FUN_1401ecb20	1152				
1401ecfa0	FUN_1401ecfa0	55				
1401ecfe0	FUN_1401ecfe0	208				
1401ed0d0	FUN_1401ed0d0	2635				
1401edb20	FUN_1401edb20	777				
1401ede30	FUN_1401ede30	578				
1401ee0c0	FUN_1401ee0c0	223				
1401ee1d0	FUN_1401ee1d0	452				
1401ee3a0	FUN_1401ee3a0	380				
1401ee520	FUN_1401ee520	3065				
1401ef120	FUN_1401ef120	207				
1401ef1f0	FUN_1401ef1f0	223				
1401ef350	FUN_1401ef350	206				
1401ef420	FUN_1401ef420	220				
1401ef570	FUN_1401ef570	370				
1401ef6f0	FUN_1401ef6f0	762				
1401ef9f0	FUN_1401ef9f0	224				
1401efad0	FUN_1401efad0	459				
1401efca0	FUN_1401efca0	1296				
1401f01b0	FUN_1401f01b0	368				
1401f0320	FUN_1401f0320	730				
1401f0600	FUN_1401f0600	228				
1401f06f0	FUN_1401f06f0	443				
1401f08b0	FUN_1401f08b0	152				
1401f0950	FUN_1401f0950	172				
1401f0a00	FUN_1401f0a00	172				
1401f0ab0	FUN_1401f0ab0	511				
1401f0cc0	FUN_1401f0cc0	511				
1401f0ed0	FUN_1401f0ed0	500				
1401f10d0	FUN_1401f10d0	224				
1401f11b0	FUN_1401f11b0	643				
1401f1440	FUN_1401f1440	103				
1401f14b0	FUN_1401f14b0	147				
1401f1550	FUN_1401f1550	276				
1401f1670	FUN_1401f1670	129				
1401f1700	FUN_1401f1700	147				
1401f17a0	FUN_1401f17a0	639				
1401f1a30	FUN_1401f1a30	385				
1401f1bc0	FUN_1401f1bc0	219				
1401f1ca0	FUN_1401f1ca0	669				
1401f1f40	FUN_1401f1f40	235				
1401f2030	FUN_1401f2030	2705				
1401f2ad0	FUN_1401f2ad0	2439				
1401f3460	FUN_1401f3460	1109				
1401f38c0	FUN_1401f38c0	211				
1401f39a0	FUN_1401f39a0	124				
1401f3a20	FUN_1401f3a20	389				
1401f3bb0	FUN_1401f3bb0	437				
1401f3d90	FUN_1401f3d90	370				
1401f3f10	FUN_1401f3f10	762				
1401f4210	FUN_1401f4210	224				
1401f42f0	FUN_1401f42f0	459				
1401f44c0	FUN_1401f44c0	368				
1401f4630	FUN_1401f4630	730				
1401f4910	FUN_1401f4910	228				
1401f4a00	FUN_1401f4a00	443				
1401f4bc0	FUN_1401f4bc0	68				
1401f4c20	FUN_1401f4c20	476				
1401f4e00	FUN_1401f4e00	274				
1401f4f20	FUN_1401f4f20	42				
1401f4f50	FUN_1401f4f50	1285				
1401f5460	FUN_1401f5460	1145				
1401f58e0	FUN_1401f58e0	155				
1401f5980	FUN_1401f5980	5142				
1401f6da0	FUN_1401f6da0	172				
1401f6e60	FUN_1401f6e60	155				
1401f6f00	FUN_1401f6f00	171				
1401f6fb0	FUN_1401f6fb0	218				
1401f7090	FUN_1401f7090	2822				
1401f7ba0	FUN_1401f7ba0	211				
1401f7c80	FUN_1401f7c80	124				
1401f7d00	FUN_1401f7d00	389				
1401f7e90	FUN_1401f7e90	437				
1401f8070	FUN_1401f8070	370				
1401f81f0	FUN_1401f81f0	762				
1401f84f0	FUN_1401f84f0	224				
1401f85d0	FUN_1401f85d0	459				
1401f87a0	FUN_1401f87a0	63				
1401f87e0	FUN_1401f87e0	143				
1401f8870	FUN_1401f8870	12				
1401f8880	FUN_1401f8880	167				
1401f8930	FUN_1401f8930	102				
1401f89a0	FUN_1401f89a0	1664				
1401f9020	FUN_1401f9020	2038				
1401f9820	FUN_1401f9820	2660				
1401fa510	FUN_1401fa510	68				
1401fa580	FUN_1401fa580	71				
1401fa5d0	FUN_1401fa5d0	78				
1401fa620	FUN_1401fa620	40				
1401fa690	FUN_1401fa690	55				
1401fa730	FUN_1401fa730	395				
1401fa8c0	FUN_1401fa8c0	875				
1401fac50	FUN_1401fac50	2085				
1401fb4a0	FUN_1401fb4a0	52				
1401fb4e0	FUN_1401fb4e0	1525				
1401fbae0	FUN_1401fbae0	4400				.json
1401fcc20	FUN_1401fcc20	1800				
1401fd330	FUN_1401fd330	192				
1401fd3f0	FUN_1401fd3f0	281				
1401fd510	FUN_1401fd510	176				
1401fd5c0	FUN_1401fd5c0	194				
1401fd690	FUN_1401fd690	2303				
1401fdf90	FUN_1401fdf90	33938				
140206430	FUN_140206430	424				
1402065e0	FUN_1402065e0	190				
1402066a0	FUN_1402066a0	1043				
140206ae0	FUN_140206ae0	3034				
140207740	FUN_140207740	1027				
140207b50	FUN_140207b50	2834				
140208670	FUN_140208670	1540				
140208c80	FUN_140208c80	1187				
1402091e0	FUN_1402091e0	377				
140209360	FUN_140209360	476				
140209540	FUN_140209540	6330				.json
14020ae00	FUN_14020ae00	2322				
14020b720	FUN_14020b720	4067				
14020c710	FUN_14020c710	314				
14020c850	FUN_14020c850	593				
14020cab0	FUN_14020cab0	1338				
14020cff0	FUN_14020cff0	1698				
14020d6a0	FUN_14020d6a0	1180				.json
14020db40	FUN_14020db40	2851				
14020e670	FUN_14020e670	319				
14020e7b0	FUN_14020e7b0	338				
14020e910	FUN_14020e910	221				
14020ea30	FUN_14020ea30	1253				
14020ef40	FUN_14020ef40	55				
14020ef80	FUN_14020ef80	526				
14020f1d0	FUN_14020f1d0	381				
14020f350	FUN_14020f350	864				
14020f6b0	FUN_14020f6b0	387				
14020f840	FUN_14020f840	454				
14020fa10	FUN_14020fa10	709				
14020fce0	FUN_14020fce0	997				
1402100d0	FUN_1402100d0	380				
140210250	FUN_140210250	432				
140210400	FUN_140210400	172				
1402104b0	FUN_1402104b0	272				
1402105c0	FUN_1402105c0	455				
140210790	FUN_140210790	195				
140210860	FUN_140210860	302				
140210990	FUN_140210990	1152				
140210e10	FUN_140210e10	593				
140211070	FUN_140211070	5299				
140212530	FUN_140212530	211				
140212610	FUN_140212610	124				
140212690	FUN_140212690	389				
140212820	FUN_140212820	437				
140212a00	FUN_140212a00	370				
140212b80	FUN_140212b80	762				
140212e80	FUN_140212e80	224				
140212f60	FUN_140212f60	459				
140213130	FUN_140213130	97				
1402131a0	FUN_1402131a0	1755				
140213880	FUN_140213880	371				
140213a00	FUN_140213a00	730				
140213ce0	FUN_140213ce0	228				
140213dd0	FUN_140213dd0	443				
140213f90	FUN_140213f90	181				
140214050	FUN_140214050	1866				
1402147a0	FUN_1402147a0	371				
140214920	FUN_140214920	730				
140214c00	FUN_140214c00	228				
140214cf0	FUN_140214cf0	443				
140214eb0	FUN_140214eb0	196				
140214f80	FUN_140214f80	147				
140215020	FUN_140215020	380				
1402151a0	thunk_FUN_14041d0c0	5				
1402151b0	FUN_1402151b0	72				
140215200	FUN_140215200	383				
140215380	FUN_140215380	306				
1402154c0	FUN_1402154c0	13				
1402154d0	FUN_1402154d0	299				
140215600	FUN_140215600	299				
140215730	FUN_140215730	590				
140215980	FUN_140215980	14				
140215990	FUN_140215990	8				
1402159a0	FUN_1402159a0	10				
1402159b0	erase	70				
140215a00	FUN_140215a00	391				
140215b90	FUN_140215b90	12				
140215ba0	FUN_140215ba0	559				
140215de0	FUN_140215de0	122				
140215e60	FUN_140215e60	12				
140215e70	FUN_140215e70	428				
140216020	FUN_140216020	11				
140216030	FUN_140216030	11				
140216040	FUN_140216040	11				
140216050	FUN_140216050	12				
140216060	FUN_140216060	11				
140216070	FUN_140216070	513				
140216280	FUN_140216280	362				
1402163f0	FUN_1402163f0	478				
1402165d0	FUN_1402165d0	42				
140216600	FUN_140216600	26				
140216620	FUN_140216620	45				
140216650	FUN_140216650	360				
1402167c0	FUN_1402167c0	631				
140216a40	FUN_140216a40	121				
140216ac0	FUN_140216ac0	831				
140216e00	FUN_140216e00	318				
140216f40	FUN_140216f40	1416				
1402174d0	FUN_1402174d0	234				
1402175c0	FUN_1402175c0	1151				
140217a40	FUN_140217a40	117				
140217ac0	FUN_140217ac0	142				
140217b50	FUN_140217b50	367				
140217cc0	FUN_140217cc0	287				
140217de0	FUN_140217de0	2190				
140218670	FUN_140218670	756				
140218970	FUN_140218970	1076				
140218db0	FUN_140218db0	529				
140218fd0	FUN_140218fd0	605				
140219230	FUN_140219230	413				
1402193d0	FUN_1402193d0	90				
140219470	FUN_140219470	172				
140219520	FUN_140219520	641				
1402197b0	FUN_1402197b0	526				
1402199c0	FUN_1402199c0	461				
140219b90	FUN_140219b90	286				
140219cb0	FUN_140219cb0	155				
140219d50	FUN_140219d50	342				
140219eb0	FUN_140219eb0	498				
14021a0b0	FUN_14021a0b0	423				
14021a260	FUN_14021a260	959				
14021a660	FUN_14021a660	52				
14021a6a0	FUN_14021a6a0	1634				
14021ad10	FUN_14021ad10	5985				
14021c480	FUN_14021c480	24082				
1402222a0	FUN_1402222a0	3601				
1402230c0	FUN_1402230c0	1854				
140223810	FUN_140223810	4268				
1402248c0	FUN_1402248c0	176				
140224970	FUN_140224970	204				
140224a40	FUN_140224a40	152				
140224ae0	FUN_140224ae0	399				
140224c70	FUN_140224c70	1946				
140225410	FUN_140225410	1256				
140225900	FUN_140225900	4364				
140226a10	FUN_140226a10	419				
140226bc0	FUN_140226bc0	236				
140226d00	FUN_140226d00	1791				
140227220	FUN_140227220	49				
140227260	FUN_140227260	38				
140227470	FUN_140227470	2018				
140227c60	FUN_140227c60	370				
140227de0	FUN_140227de0	762				
1402280e0	FUN_1402280e0	224				
1402281c0	FUN_1402281c0	459				
140228390	FUN_140228390	23				
1402283b0	FUN_1402283b0	143				
140228440	FUN_140228440	1726				
140228b00	FUN_140228b00	448				
140228cc0	FUN_140228cc0	491				
140228ec0	FUN_140228ec0	37				
140228ef0	FUN_140228ef0	294				
140229020	FUN_140229020	162				
1402290d0	FUN_1402290d0	584				
140229320	FUN_140229320	68				
140229370	FUN_140229370	7				
1402293a0	FUN_1402293a0	920				
140229750	FUN_140229750	9				
140229760	FUN_140229760	164				
140229810	FUN_140229810	119				
140229890	FUN_140229890	9				
1402298a0	FUN_1402298a0	8				
1402298b0	FUN_1402298b0	1970				
14022a070	FUN_14022a070	168				
14022a150	FUN_14022a150	520				
14022a360	FUN_14022a360	453				
14022a580	FUN_14022a580	792				
14022a8a0	FUN_14022a8a0	648				
14022ab40	FUN_14022ab40	287				
14022ac60	FUN_14022ac60	707				
14022af30	FUN_14022af30	2551				
14022b930	FUN_14022b930	1037				
14022bd40	FUN_14022bd40	1482				
14022c310	FUN_14022c310	170				
14022c3c0	FUN_14022c3c0	3025				
14022cfa0	FUN_14022cfa0	5172				
14022e3e0	FUN_14022e3e0	2046				
14022ebe0	FUN_14022ebe0	2117				
14022f430	FUN_14022f430	383				
14022f5b0	FUN_14022f5b0	129				
14022f640	FUN_14022f640	126				
14022f6c0	FUN_14022f6c0	194				
14022f790	FUN_14022f790	244				
14022f890	FUN_14022f890	252				
14022f990	FUN_14022f990	1018				
14022fd90	FUN_14022fd90	273				
14022feb0	FUN_14022feb0	104				
14022ff20	FUN_14022ff20	1838				
140230650	FUN_140230650	590				
1402308a0	FUN_1402308a0	23892				
140236600	FUN_140236600	228				
1402366f0	FUN_1402366f0	1498				
140236cd0	FUN_140236cd0	2260				
1402378a0	FUN_1402378a0	15001				
14023b340	FUN_14023b340	18229				
14023fbc0	FUN_14023fbc0	542				
14024be40	FUN_14024be40	1891				
14024c5b0	FUN_14024c5b0	178				
14024c680	FUN_14024c680	907				
14024ca10	FUN_14024ca10	172				
14024cb00	FUN_14024cb00	1315				
14024d030	FUN_14024d030	370				
14024d1b0	FUN_14024d1b0	762				
14024d4b0	FUN_14024d4b0	224				
14024d590	FUN_14024d590	459				
14024d760	FUN_14024d760	358				
14024d8d0	FUN_14024d8d0	97				
14024d940	FUN_14024d940	4143				
14024e970	FUN_14024e970	368				
14024eae0	FUN_14024eae0	730				
14024edc0	FUN_14024edc0	228				
14024eeb0	FUN_14024eeb0	443				
14024f070	FUN_14024f070	12				
14024f0e0	FUN_14024f0e0	492				
14024f2d0	FUN_14024f2d0	98				
14024f340	FUN_14024f340	204				
14024f410	FUN_14024f410	146				
14024f4b0	FUN_14024f4b0	49				
14024f4f0	FUN_14024f4f0	36				
14024f520	FUN_14024f520	73				
14024f570	FUN_14024f570	104				
14024f660	FUN_14024f660	1283				
14024fb70	FUN_14024fb70	1278				
140250070	FUN_140250070	1184				
140250510	FUN_140250510	866				
1402508c0	FUN_1402508c0	1339				
140250e00	FUN_140250e00	1299				
140251320	FUN_140251320	1186				
1402517d0	FUN_1402517d0	1104				
140251c20	FUN_140251c20	123				
140251ca0	FUN_140251ca0	67				
140251cf0	FUN_140251cf0	177				
140251db0	FUN_140251db0	168				
140251e60	FUN_140251e60	116				
140251ee0	FUN_140251ee0	26				
140251f00	FUN_140251f00	37				
140251f30	FUN_140251f30	528				
140252140	FUN_140252140	554				
140252370	FUN_140252370	486				
140252560	FUN_140252560	554				
140252790	FUN_140252790	319				
1402528d0	FUN_1402528d0	395				
140252a60	FUN_140252a60	413				
140252c00	FUN_140252c00	465				
140252de0	FUN_140252de0	586				
140253030	FUN_140253030	691				
1402532f0	FUN_1402532f0	563				
140253530	FUN_140253530	680				
1402537e0	FUN_1402537e0	463				
1402539b0	FUN_1402539b0	530				
140253bd0	FUN_140253bd0	421				
140253d80	FUN_140253d80	490				
140253f70	FUN_140253f70	795				
140254290	FUN_140254290	1046				
1402546b0	FUN_1402546b0	753				
1402549b0	FUN_1402549b0	1036				
140254dc0	FUN_140254dc0	635				
140255040	FUN_140255040	887				
1402553c0	FUN_1402553c0	891				
140255740	FUN_140255740	944				
140255af0	FUN_140255af0	510				
140255cf0	FUN_140255cf0	67				
140255d40	FUN_140255d40	533				
140255f60	FUN_140255f60	407				
140256100	FUN_140256100	143				
140256190	FUN_140256190	111				
140256200	FUN_140256200	365				
140256370	FUN_140256370	110				
1402563e0	FUN_1402563e0	135				
140256470	FUN_140256470	209				
140256560	FUN_140256560	422				.json
140256710	FUN_140256710	110				
140256780	FUN_140256780	801				
140256ae0	FUN_140256ae0	566				
140256d20	FUN_140256d20	196				
140256df0	FUN_140256df0	27				
140256e10	FUN_140256e10	261				
140256f20	FUN_140256f20	2230				
1402577e0	FUN_1402577e0	83				
140257840	FUN_140257840	885				.json
140257c30	FUN_140257c30	313				
140257d70	FUN_140257d70	733				
140258050	FUN_140258050	1322				.json
1402585c0	FUN_1402585c0	787				
140258900	FUN_140258900	419				.json
140258b80	FUN_140258b80	185				
140258c40	FUN_140258c40	93				
140258ca0	FUN_140258ca0	6771				
14025a720	FUN_14025a720	211				
14025a800	FUN_14025a800	124				
14025a880	FUN_14025a880	211				
14025a960	FUN_14025a960	124				
14025a9e0	FUN_14025a9e0	211				
14025aac0	FUN_14025aac0	124				
14025ab40	FUN_14025ab40	211				
14025ac20	FUN_14025ac20	124				
14025aca0	FUN_14025aca0	206				
14025ad70	FUN_14025ad70	220				
14025aec0	FUN_14025aec0	206				
14025af90	FUN_14025af90	220				
14025b0e0	FUN_14025b0e0	389				
14025b270	FUN_14025b270	437				
14025b450	FUN_14025b450	389				
14025b5e0	FUN_14025b5e0	437				
14025b7c0	FUN_14025b7c0	389				
14025b950	FUN_14025b950	437				
14025bb30	FUN_14025bb30	389				
14025bcc0	FUN_14025bcc0	437				
14025bea0	FUN_14025bea0	370				
14025c020	FUN_14025c020	762				
14025c320	FUN_14025c320	224				
14025c400	FUN_14025c400	459				
14025c5d0	FUN_14025c5d0	25				
14025c5f0	FUN_14025c5f0	25				
14025c610	FUN_14025c610	80				
14025c660	FUN_14025c660	2340				
14025cf90	FUN_14025cf90	235				
14025d080	FUN_14025d080	356				
14025d1f0	FUN_14025d1f0	267				
14025d330	FUN_14025d330	60				
14025d370	FUN_14025d370	106				
14025d3e0	FUN_14025d3e0	52				
14025d420	FUN_14025d420	1626				
14025da80	FUN_14025da80	3930				
14025e9e0	FUN_14025e9e0	211				
14025eac0	FUN_14025eac0	124				
14025eb40	FUN_14025eb40	389				
14025ecd0	FUN_14025ecd0	437				
14025eeb0	FUN_14025eeb0	370				
14025f030	FUN_14025f030	762				
14025f330	FUN_14025f330	224				
14025f410	FUN_14025f410	459				
14025f5e0	FUN_14025f5e0	167				
14025f690	FUN_14025f690	186				
14025f750	FUN_14025f750	190				
14025f810	FUN_14025f810	139				
14025f8a0	FUN_14025f8a0	397				
14025fa40	FUN_14025fa40	113				
14025fac0	FUN_14025fac0	36				
14025faf0	FUN_14025faf0	1114				
14025ff50	FUN_14025ff50	511				
140260190	FUN_140260190	1526				
140260820	FUN_140260820	370				
1402609a0	FUN_1402609a0	762				
140260ca0	FUN_140260ca0	224				
140260d80	FUN_140260d80	459				
140260f50	FUN_140260f50	94				
140260fb0	FUN_140260fb0	124				
140261030	FUN_140261030	228				
140261120	FUN_140261120	200				
1402611f0	FUN_1402611f0	94				
140261250	FUN_140261250	557				
140261480	FUN_140261480	35				
1402614b0	FUN_1402614b0	10				
1402614c0	FUN_1402614c0	366				
140261650	FUN_140261650	37				
140261680	FUN_140261680	41				
1402616b0	FUN_1402616b0	40				
1402616e0	FUN_1402616e0	39				
140261710	FUN_140261710	83				
140261770	FUN_140261770	68				
1402617c0	FUN_1402617c0	189				
140261880	FUN_140261880	16832		MDAT;MDLA;MDLE;MDLS;MDMP		
140265a50	FUN_140265a50	50				
140265a90	FUN_140265a90	263				
140265ba0	FUN_140265ba0	43				
140265bd0	FUN_140265bd0	85				
140265c30	FUN_140265c30	4969				
140266fa0	FUN_140266fa0	507				
1402671a0	FUN_1402671a0	986				
140267580	FUN_140267580	2420				
140267f00	FUN_140267f00	3168				
140268b70	FUN_140268b70	131				
140268c00	FUN_140268c00	68				
140268c50	FUN_140268c50	554				
140268e80	FUN_140268e80	1003				
140269270	FUN_140269270	177				
140269330	FUN_140269330	203				
140269400	FUN_140269400	532				
140269620	FUN_140269620	401				
1402697c0	FUN_1402697c0	586				
140269a10	FUN_140269a10	571				
140269c50	FUN_140269c50	486				
140269e40	FUN_140269e40	621				
14026a0b0	FUN_14026a0b0	529				
14026a2d0	FUN_14026a2d0	456				
14026a4a0	FUN_14026a4a0	88				
14026a500	FUN_14026a500	573				
14026a740	FUN_14026a740	67				
14026a790	FUN_14026a790	569				
14026a9d0	FUN_14026a9d0	142				
14026aa60	FUN_14026aa60	495				
14026ac60	FUN_14026ac60	585				
14026aeb0	FUN_14026aeb0	495				
14026b0b0	FUN_14026b0b0	389				
14026b240	FUN_14026b240	37				
14026b270	FUN_14026b270	602				
14026b4d0	FUN_14026b4d0	124				
14026b550	FUN_14026b550	774				
14026b860	FUN_14026b860	284				
14026b980	FUN_14026b980	872				
14026bcf0	FUN_14026bcf0	141				
14026bd80	FUN_14026bd80	122				
14026be00	FUN_14026be00	725				
14026c0e0	FUN_14026c0e0	209				
14026c1c0	FUN_14026c1c0	536				
14026c4f0	FUN_14026c4f0	395				
14026c680	FUN_14026c680	337				
14026c7e0	FUN_14026c7e0	197				
14026c8b0	FUN_14026c8b0	204				
14026c980	FUN_14026c980	3167				
14026d5e0	FUN_14026d5e0	368				
14026d750	FUN_14026d750	730				
14026da30	FUN_14026da30	228				
14026db20	FUN_14026db20	443				
14026dce0	FUN_14026dce0	580				
14026df30	FUN_14026df30	1034				
14026e340	FUN_14026e340	2078				
14026eb60	FUN_14026eb60	2387				
14026f4c0	FUN_14026f4c0	9285				
140271910	FUN_140271910	9305				
140273d70	FUN_140273d70	353				
140273ee0	FUN_140273ee0	102				
140273f50	FUN_140273f50	1592				
140274590	FUN_140274590	35				
1402745d0	FUN_1402745d0	93				
140274630	FUN_140274630	992				
140274a10	FUN_140274a10	1212				
140274ed0	FUN_140274ed0	1284		PROJECT		
1402753e0	FUN_1402753e0	2125				
140275c30	FUN_140275c30	696				
140275ef0	FUN_140275ef0	488				
1402760e0	FUN_1402760e0	512				
1402762e0	FUN_1402762e0	48				
140276310	FUN_140276310	442				
1402764d0	FUN_1402764d0	551				
140276700	FUN_140276700	1235				
140276be0	FUN_140276be0	798				
140276f20	FUN_140276f20	1254				
140277410	FUN_140277410	93				
140277480	FUN_140277480	536				
1402776a0	FUN_1402776a0	374				
140277820	FUN_140277820	109				
140277890	FUN_140277890	683				
140277b40	FUN_140277b40	314				
140277c80	FUN_140277c80	622				
140277ef0	FUN_140277ef0	845				
140278240	FUN_140278240	128				
1402782c0	FUN_1402782c0	724				
1402785a0	FUN_1402785a0	536		MDLV		.json
1402787c0	FUN_1402787c0	536		TEXV		.tex
1402789e0	FUN_1402789e0	1901				
140279150	FUN_140279150	396				
1402792e0	FUN_1402792e0	399				
140279470	FUN_140279470	396				
140279600	FUN_140279600	399				
140279790	FUN_140279790	2767				
14027a260	FUN_14027a260	3406				.json
14027afb0	FUN_14027afb0	212				
14027b090	FUN_14027b090	219				
14027b170	FUN_14027b170	827				
14027b4b0	FUN_14027b4b0	422				
14027b660	FUN_14027b660	254				
14027b760	FUN_14027b760	478				
14027b940	FUN_14027b940	237				
14027ba30	FUN_14027ba30	145				
14027bad0	FUN_14027bad0	2183				
14027c360	FUN_14027c360	1391				
14027c8d0	FUN_14027c8d0	2048				
14027d0d0	FUN_14027d0d0	2063				
14027d8e0	FUN_14027d8e0	339				
14027da40	FUN_14027da40	958				
14027de00	FUN_14027de00	313				
14027df40	FUN_14027df40	854				
14027e2a0	FUN_14027e2a0	313				
14027e3e0	FUN_14027e3e0	854				
14027e740	FUN_14027e740	171				
14027e7f0	FUN_14027e7f0	1308				
14027ed10	FUN_14027ed10	1546				
14027f320	FUN_14027f320	2309				
14027fc30	FUN_14027fc30	1403				
1402801b0	FUN_1402801b0	2309				
140280ac0	FUN_140280ac0	136				
140280b50	FUN_140280b50	685				
140280e00	FUN_140280e00	207				
140280ee0	FUN_140280ee0	226				
140280fd0	FUN_140280fd0	1709				
140281680	FUN_140281680	162				
140281730	FUN_140281730	451				
140281900	FUN_140281900	1687				
140281fc0	FUN_140281fc0	685				
140282270	FUN_140282270	411				
140282410	FUN_140282410	411				
1402825b0	FUN_1402825b0	85				
140282610	FUN_140282610	173				
1402826c0	FUN_1402826c0	214				
1402827a0	FUN_1402827a0	170				
140282850	FUN_140282850	196				
140282920	FUN_140282920	617				
140282b90	FUN_140282b90	542				
140282db0	FUN_140282db0	744				
1402830a0	FUN_1402830a0	1113				
140283500	FUN_140283500	2144				
140283d60	FUN_140283d60	915				
140284100	FUN_140284100	122				
140284180	FUN_140284180	286				
1402842a0	FUN_1402842a0	109				
140284310	FUN_140284310	146				
1402843b0	FUN_1402843b0	200				
140284480	FUN_140284480	1429				
140284a20	FUN_140284a20	145				
140284ac0	FUN_140284ac0	341				
140284c20	FUN_140284c20	1898				
140285390	FUN_140285390	313				
1402854d0	FUN_1402854d0	597				
140285730	FUN_140285730	1836				
140285e60	FUN_140285e60	234				
140285f50	FUN_140285f50	140				
140285fe0	FUN_140285fe0	77				
140286030	FUN_140286030	43				
140286060	FUN_140286060	476				
140286240	FUN_140286240	57				
140286280	FUN_140286280	65				
1402862d0	FUN_1402862d0	93				
1402863d0	FUN_1402863d0	143				
1402864f0	FUN_1402864f0	230				
140286620	FUN_140286620	100				
140286690	FUN_140286690	757				
140286990	FUN_140286990	3460				
140287720	FUN_140287720	2177				
140288040	FUN_140288040	1049				
140288460	FUN_140288460	2337				
140288e20	FUN_140288e20	469				
140289000	FUN_140289000	644				
140289310	FUN_140289310	272				
140289460	FUN_140289460	272				
1402895a0	FUN_1402895a0	286				
1402896c0	FUN_1402896c0	472				
1402898a0	FUN_1402898a0	968				
140289c70	FUN_140289c70	43				
140289ca0	FUN_140289ca0	43				
140289cd0	FUN_140289cd0	43				
140289d00	FUN_140289d00	228				
140289df0	FUN_140289df0	1739				
14028a4c0	FUN_14028a4c0	419				
14028a670	FUN_14028a670	668				
14028a910	FUN_14028a910	1431				
14028aeb0	tls_callback_0	102				
14028af20	FUN_14028af20	67				
14028af70	thunk_FUN_14028af80	5				
14028af80	FUN_14028af80	5				
14028af90	tls_callback_1	149				
14028b030	FUN_14028b030	141				
14028b0c0	thunk_FUN_14028af20	5				
14028b0d0	_Init_thread_footer	105				
14028b140	FUN_14028b140	158				
14028b1e0	FUN_14028b1e0	71				
14028b230	FUN_14028b230	59				
14028b270	FUN_14028b270	147				
14028b310	FUN_14028b310	143				
14028b3b0	FUN_14028b3b0	37				
14028b3e0	FUN_14028b3e0	43				
14028b410	FUN_14028b410	64				
14028b450	FUN_14028b450	43				
14028b480	FUN_14028b480	16				
14028b4a0	FUN_14028b4a0	182				
14028b560	FUN_14028b560	16				
14028b570	FUN_14028b570	25				
14028b590	FUN_14028b590	346				
14028b710	entry	18				
14028b730	FUN_14028b730	60				
14028b770	FUN_14028b770	33				
14028b7a0	FUN_14028b7a0	60				
14028b7e0	FUN_14028b7e0	33				
14028b810	exception	50				
14028b870	FUN_14028b870	66				
14028b8c0	FUN_14028b8c0	31				
14028b8e0	FUN_14028b8e0	31				
14028b900	FUN_14028b900	19				
14028b920	FUN_14028b920	680				
14028bbd0	FUN_14028bbd0	12				
14028bbe0	FUN_14028bbe0	11				
14028bbf0	FUN_14028bbf0	5				
14028bc00	FUN_14028bc00	86				
14028bc60	thunk_FUN_14000ec40	5				
14028bc70	FUN_14028bc70	85				
14028bcd0	FUN_14028bcd0	14				
14028bce0	FUN_14028bce0	90				
14028bd40	FUN_14028bd40	191				
14028be00	FUN_14028be00	6				
14028be10	FUN_14028be10	14				
14028be20	FUN_14028be20	8				
14028be30	FUN_14028be30	27				
14028be50	FUN_14028be50	12				
14028be60	FUN_14028be60	8				
14028be70	FUN_14028be70	8				
14028be80	FUN_14028be80	66				
14028bed0	FUN_14028bed0	66				
14028bf20	FUN_14028bf20	60				
14028bf60	FUN_14028bf60	21				
14028bf80	FUN_14028bf80	60				
14028bfc0	FUN_14028bfc0	71				
14028c010	FUN_14028c010	60				
14028c050	FUN_14028c050	71				
14028c0a0	FUN_14028c0a0	75				
14028c0f0	FUN_14028c0f0	258				
14028c230	FUN_14028c230	60				
14028c270	FUN_14028c270	66				
14028c2c0	FUN_14028c2c0	31				
14028c2e0	FUN_14028c2e0	34				
14028c310	FUN_14028c310	34				
14028c340	FUN_14028c340	33				
14028c370	FUN_14028c370	34				
14028c3a0	FUN_14028c3a0	8				
14028c3b0	FUN_14028c3b0	117				
14028c430	FUN_14028c430	253				
14028c530	FUN_14028c530	367				
14028c6a0	FUN_14028c6a0	367				
14028c810	FUN_14028c810	921				
14028cbb0	FUN_14028cbb0	951				
14028cf70	FUN_14028cf70	242				
14028d070	FUN_14028d070	242				
14028d170	FUN_14028d170	217				
14028d250	FUN_14028d250	217				
14028d330	FUN_14028d330	282				
14028d450	FUN_14028d450	302				
14028d580	FUN_14028d580	575				
14028d7c0	FUN_14028d7c0	560				
14028d9f0	FUN_14028d9f0	555				
14028dc20	FUN_14028dc20	553				
14028de50	FUN_14028de50	535				
14028e070	FUN_14028e070	465				
14028e250	FUN_14028e250	244				
14028e350	FUN_14028e350	142				
14028e3e0	FUN_14028e3e0	237				
14028e4d0	FUN_14028e4d0	629				
14028e750	FUN_14028e750	487				
14028e940	FUN_14028e940	553				
14028eb70	FUN_14028eb70	134				
14028ec00	FUN_14028ec00	284				
14028ed20	thunk_FUN_14028cbb0	5				
14028ed30	thunk_FUN_14028c530	5				
14028ed40	FUN_14028ed40	69				
14028ed90	thunk_FUN_14028c6a0	5				
14028eda0	FUN_14028eda0	360				
14028ef10	thunk_FUN_14028d330	5				
14028ef20	thunk_FUN_14028d450	5				
14028ef30	thunk_FUN_14028cf70	5				
14028ef40	thunk_FUN_14028d070	5				
14028ef50	thunk_FUN_14028d170	5				
14028ef60	thunk_FUN_14028d250	5				
14028ef70	thunk_FUN_14028e250	5				
14028ef80	FUN_14028ef80	176				
14028f030	FUN_14028f030	260				
14028f140	FUN_14028f140	264				
14028f250	thunk_FUN_14028e3e0	5				
14028f260	FUN_14028f260	392				
14028f3f0	thunk_FUN_14028e750	5				
14028f400	thunk_FUN_14028e940	5				
14028f410	FUN_14028f410	218				
14028f4f0	FUN_14028f4f0	42				
14028f520	FUN_14028f520	36				
14028f550	FUN_14028f550	212				
14028f630	LocalFree	7				
14028f640	FUN_14028f640	155				
14028f6e0	FUN_14028f6e0	125				
14028f760	FUN_14028f760	30				
14028f780	FUN_14028f780	41				
14028f7b0	FUN_14028f7b0	176				
14028f860	FUN_14028f860	1013				
14028fc60	FUN_14028fc60	127				
14028fce0	FUN_14028fce0	95				
14028fd40	FUN_14028fd40	35				
14028fd70	FUN_14028fd70	92				
14028fdd0	FUN_14028fdd0	32				
14028fdf0	FUN_14028fdf0	30				
14028fe10	FUN_14028fe10	128				
14028fea0	FUN_14028fea0	583				
1402900f0	FUN_1402900f0	67				
140290140	FUN_140290140	99				
1402901b0	FUN_1402901b0	56				
1402901f0	FUN_1402901f0	59				
140290230	FUN_140290230	815				
140290570	FUN_140290570	10				
140290580	FUN_140290580	123				
140290600	FUN_140290600	154				
1402906a0	FUN_1402906a0	72				
1402906f0	FUN_1402906f0	813				
140290a20	FUN_140290a20	200				
140290af0	FUN_140290af0	74				
140290b40	FUN_140290b40	77				
140290b90	FUN_140290b90	87				
140290bf0	FUN_140290bf0	307				
140290d30	FUN_140290d30	70				
140290d80	FUN_140290d80	139				
140290e10	FUN_140290e10	143				
140290ea0	FUN_140290ea0	34				
140290ed0	FUN_140290ed0	21				
140290ef0	FUN_140290ef0	21				
140290f10	FUN_140290f10	71				
140290f60	FUN_140290f60	480				
140291140	GetCurrentThreadId	7				
140291150	FUN_140291150	117				
1402911d0	FUN_1402911d0	501				
1402913d0	FUN_1402913d0	25				
1402913f0	FUN_1402913f0	44				
140291420	_Xtime_get_ticks	48				
140291450	FUN_140291450	84				
1402914b0	FUN_1402914b0	66				
140291500	FUN_140291500	80				
140291550	FUN_140291550	51				
140291580	FUN_140291580	101				
1402915f0	FUN_1402915f0	192				
1402916b0	FUN_1402916b0	59				
1402916f0	FUN_1402916f0	8				
140291700	FUN_140291700	229				
1402917f0	FUN_1402917f0	189				
1402918b0	FUN_1402918b0	25				
1402918d0	FUN_1402918d0	215				
1402919b0	FUN_1402919b0	126				
140291a30	FUN_140291a30	36				
140291a60	FUN_140291a60	95				
140291ac0	FUN_140291ac0	259				
140291bd0	FUN_140291bd0	127				
140291c50	FUN_140291c50	213				
140291d30	FUN_140291d30	309				
140291e70	FUN_140291e70	122				
140291ef0	FUN_140291ef0	117				
140291f70	FUN_140291f70	53				
140291fb0	FUN_140291fb0	44				
140291fe0	FUN_140291fe0	77				
140292030	FUN_140292030	226				
140292120	FUN_140292120	231				
140292210	FUN_140292210	171				
1402922c0	FUN_1402922c0	309				
140292400	FUN_140292400	189				
1402924c0	FUN_1402924c0	189				
140292580	FUN_140292580	60				
1402925c0	FUN_1402925c0	33				
1402925f0	FUN_1402925f0	87				
140292650	FUN_140292650	31				
140292670	FUN_140292670	242				
140292770	FUN_140292770	228				
140292860	FUN_140292860	510				
140292a60	FUN_140292a60	513				
140292c70	FUN_140292c70	155				
140292d10	FUN_140292d10	65				
140292d60	FUN_140292d60	48				
140292d90	FUN_140292d90	46				
140292dc0	FUN_140292dc0	46				
140292df0	FUN_140292df0	89				
140292e50	FUN_140292e50	34				
140292e80	FUN_140292e80	159				
140292f20	FUN_140292f20	83				
140292f80	FUN_140292f80	83				
140292fe0	FUN_140292fe0	33				
140293010	FUN_140293010	71				
140293060	FUN_140293060	460				
140293240	FUN_140293240	330				
140293390	FUN_140293390	3				
1402933a0	FUN_1402933a0	9				
1402933b0	FUN_1402933b0	15				
1402933c0	FUN_1402933c0	163				
140293470	FUN_140293470	15				
140293480	FUN_140293480	137				
140293510	FUN_140293510	154				
1402935b0	FUN_1402935b0	37				
1402935e0	FUN_1402935e0	188				
1402936a0	FUN_1402936a0	10				
1402936b0	FUN_1402936b0	420				
140293860	FUN_140293860	8				
140293870	FUN_140293870	258				
140293980	_Getcoll	52				
1402939c0	FUN_1402939c0	198				
140293a90	DeleteCriticalSection	7				
140293aa0	FUN_140293aa0	15				
140293ab0	EnterCriticalSection	7				
140293ac0	LeaveCriticalSection	7				
140293ad0	FUN_140293ad0	222				
140293bb0	FUN_140293bb0	404				
140293d50	FUN_140293d50	2133				
1402945b0	FUN_1402945b0	58				
1402945f0	FUN_1402945f0	767			Map	
1402948f0	FUN_1402948f0	112			Map	
140294960	FUN_140294960	895				
140294ce0	FUN_140294ce0	86				
140294d40	FUN_140294d40	372				
140294ec0	FUN_140294ec0	426				
140295070	FUN_140295070	1958				
140295820	FUN_140295820	1748				
140295f00	FUN_140295f00	1113				
140296360	FUN_140296360	1078				
1402967a0	FUN_1402967a0	1078				
140296be0	FUN_140296be0	461				
140296db0	FUN_140296db0	526				
140296fc0	FUN_140296fc0	249				
1402970c0	FUN_1402970c0	7579				
140298e60	FUN_140298e60	7579				
14029ac00	FUN_14029ac00	3655				
14029ba50	FUN_14029ba50	3655				
14029c8a0	FUN_14029c8a0	580				
14029caf0	FUN_14029caf0	585				
14029cd40	FUN_14029cd40	539				
14029cf60	FUN_14029cf60	546				
14029d190	FUN_14029d190	277				
14029d2b0	FUN_14029d2b0	277				
14029d3d0	FUN_14029d3d0	277				
14029d4f0	FUN_14029d4f0	277				
14029d610	FUN_14029d610	277				
14029d730	FUN_14029d730	277				
14029d850	FUN_14029d850	374				
14029d9d0	FUN_14029d9d0	86				
14029da30	FUN_14029da30	86				
14029da90	FUN_14029da90	111				
14029db00	time_get<>	79				
14029db50	time_get<>	79				
14029dba0	FUN_14029dba0	101				
14029dc10	FUN_14029dc10	101				
14029dc80	FUN_14029dc80	61				
14029dcc0	FUN_14029dcc0	52				
14029dd00	FUN_14029dd00	52				
14029dd40	thunk_FUN_1402a9c30	5				
14029dd50	FUN_14029dd50	110				
14029ddc0	FUN_14029ddc0	116				
14029de40	FUN_14029de40	122				
14029dec0	FUN_14029dec0	257				
14029dfd0	FUN_14029dfd0	103				
14029e040	FUN_14029e040	103				
14029e0b0	FUN_14029e0b0	43				
14029e0e0	FUN_14029e0e0	76				
14029e130	FUN_14029e130	76				
14029e180	FUN_14029e180	92				
14029e1e0	FUN_14029e1e0	94				
14029e240	FUN_14029e240	94				
14029e2a0	FUN_14029e2a0	94				
14029e300	FUN_14029e300	76				
14029e350	FUN_14029e350	76				
14029e3a0	FUN_14029e3a0	64				
14029e3e0	FUN_14029e3e0	148				
14029e480	FUN_14029e480	388				
14029e610	FUN_14029e610	388				
14029e7a0	FUN_14029e7a0	464				
14029e980	FUN_14029e980	464				
14029eb60	FUN_14029eb60	388				
14029ecf0	FUN_14029ecf0	387				
14029ee80	FUN_14029ee80	387				
14029f010	FUN_14029f010	387				
14029f1a0	FUN_14029f1a0	387				
14029f330	FUN_14029f330	387				
14029f4c0	FUN_14029f4c0	387				
14029f650	FUN_14029f650	433				
14029f810	FUN_14029f810	433				
14029f9d0	FUN_14029f9d0	433				
14029fb90	FUN_14029fb90	433				
14029fd50	FUN_14029fd50	387				
14029fee0	FUN_14029fee0	387				
1402a0070	FUN_1402a0070	387				
1402a0200	FUN_1402a0200	419				
1402a03b0	FUN_1402a03b0	401				
1402a0550	FUN_1402a0550	401				
1402a06f0	FUN_1402a06f0	388				
1402a0880	FUN_1402a0880	388				
1402a0a10	FUN_1402a0a10	972				
1402a0de0	FUN_1402a0de0	972				
1402a11b0	FUN_1402a11b0	6595				
1402a2b80	FUN_1402a2b80	6595				
1402a4550	FUN_1402a4550	572				
1402a4790	FUN_1402a4790	443				
1402a4950	FUN_1402a4950	762				
1402a4c50	FUN_1402a4c50	1845				
1402a5390	FUN_1402a5390	5406				
1402a68c0	FUN_1402a68c0	5406				
1402a7df0	FUN_1402a7df0	108				
1402a7e60	FUN_1402a7e60	101				
1402a7ed0	FUN_1402a7ed0	3514				
1402a8ca0	FUN_1402a8ca0	3514				
1402a9a70	FUN_1402a9a70	170				
1402a9b20	FUN_1402a9b20	172				
1402a9bd0	FUN_1402a9bd0	96				
1402a9c30	FUN_1402a9c30	180				
1402a9cf0	FUN_1402a9cf0	249				
1402a9df0	FUN_1402a9df0	73				
1402a9e40	FUN_1402a9e40	63				
1402a9e80	FUN_1402a9e80	63				
1402a9ec0	FUN_1402a9ec0	4				
1402a9ed0	FUN_1402a9ed0	10				
1402a9ee0	FUN_1402a9ee0	4				
1402a9ef0	FUN_1402a9ef0	31				
1402a9f10	FUN_1402a9f10	31				
1402a9f30	FUN_1402a9f30	297				
1402aa060	FUN_1402aa060	382				
1402aa1e0	FUN_1402aa1e0	297				
1402aa310	FUN_1402aa310	382				
1402aa490	FUN_1402aa490	429				
1402aa640	FUN_1402aa640	468				
1402aa820	FUN_1402aa820	347				
1402aa980	FUN_1402aa980	347				
1402aaae0	FUN_1402aaae0	386				
1402aac70	FUN_1402aac70	386				
1402aae00	FUN_1402aae00	515				
1402ab010	FUN_1402ab010	361				
1402ab180	FUN_1402ab180	347				
1402ab2e0	FUN_1402ab2e0	347				
1402ab440	FUN_1402ab440	950				
1402ab800	FUN_1402ab800	429				
1402ab9b0	FUN_1402ab9b0	468				
1402abb90	FUN_1402abb90	347				
1402abcf0	FUN_1402abcf0	347				
1402abe50	FUN_1402abe50	386				
1402abfe0	FUN_1402abfe0	386				
1402ac170	FUN_1402ac170	515				
1402ac380	FUN_1402ac380	361				
1402ac4f0	FUN_1402ac4f0	347				
1402ac650	FUN_1402ac650	347				
1402ac7b0	FUN_1402ac7b0	950				
1402acb70	FUN_1402acb70	1312				
1402ad150	FUN_1402ad150	1312				
1402ad730	FUN_1402ad730	3717				
1402ae5c0	FUN_1402ae5c0	3717				
1402af450	FUN_1402af450	88				
1402af4b0	FUN_1402af4b0	88				
1402af510	FUN_1402af510	437				
1402af6d0	FUN_1402af6d0	437				
1402af890	FUN_1402af890	88				
1402af8f0	FUN_1402af8f0	88				
1402af950	FUN_1402af950	279				
1402afa70	FUN_1402afa70	279				
1402afb90	FUN_1402afb90	62				
1402afbd0	FUN_1402afbd0	146				
1402afc70	FUN_1402afc70	146				
1402afd10	FUN_1402afd10	202				
1402afde0	FUN_1402afde0	141				
1402afe70	FUN_1402afe70	4				
1402afe80	FUN_1402afe80	86				
1402afee0	FUN_1402afee0	173				
1402aff90	FUN_1402aff90	9				
1402affa0	FUN_1402affa0	63				
1402affe0	FUN_1402affe0	63				
1402b0020	FUN_1402b0020	265				
1402b0130	FUN_1402b0130	9				
1402b0140	FUN_1402b0140	63				
1402b0180	FUN_1402b0180	63				
1402b01c0	FUN_1402b01c0	752				
1402b04b0	FUN_1402b04b0	647				
1402b0740	FUN_1402b0740	752				
1402b0a30	FUN_1402b0a30	647				
1402b0cc0	FUN_1402b0cc0	275				
1402b0de0	FUN_1402b0de0	275				
1402b0f00	FUN_1402b0f00	839				
1402b1250	FUN_1402b1250	843				
1402b15a0	FUN_1402b15a0	179				
1402b1660	FUN_1402b1660	281				
1402b1780	FUN_1402b1780	281				
1402b18a0	FUN_1402b18a0	970				
1402b1c70	FUN_1402b1c70	936				
1402b2020	FUN_1402b2020	80				
1402b2070	FUN_1402b2070	80				
1402b20c0	FUN_1402b20c0	451				
1402b2290	FUN_1402b2290	451				
1402b2460	FUN_1402b2460	160				
1402b2500	FUN_1402b2500	75				
1402b2550	FUN_1402b2550	294				
1402b2680	FUN_1402b2680	111				
1402b2700	FUN_1402b2700	1668				
1402b2d90	FUN_1402b2d90	548				
1402b2fc0	FUN_1402b2fc0	277				
1402b30e0	FUN_1402b30e0	277				
1402b3200	time_get<char,std::istreambuf_iterator<char,std::char_traits<char>_>_>	73				
1402b3250	FUN_1402b3250	101				
1402b32c0	FUN_1402b32c0	103				
1402b3330	FUN_1402b3330	94				
1402b3390	FUN_1402b3390	76				
1402b33e0	FUN_1402b33e0	387				
1402b3570	FUN_1402b3570	387				
1402b3700	FUN_1402b3700	387				
1402b3890	FUN_1402b3890	433				
1402b3a50	FUN_1402b3a50	433				
1402b3c10	FUN_1402b3c10	401				
1402b3db0	FUN_1402b3db0	388				
1402b3f40	FUN_1402b3f40	933				
1402b42f0	FUN_1402b42f0	6071				
1402b5ab0	FUN_1402b5ab0	444				
1402b5c70	FUN_1402b5c70	3533				
1402b6a50	FUN_1402b6a50	3760				
1402b7910	FUN_1402b7910	62				
1402b7950	FUN_1402b7950	31				
1402b7970	FUN_1402b7970	291				
1402b7aa0	FUN_1402b7aa0	382				
1402b7c20	FUN_1402b7c20	1312				
1402b8200	FUN_1402b8200	3473				
1402b8fa0	FUN_1402b8fa0	88				
1402b9000	FUN_1402b9000	437				
1402b91c0	FUN_1402b91c0	88				
1402b9220	FUN_1402b9220	279				
1402b9340	FUN_1402b9340	62				
1402b9380	FUN_1402b9380	62				
1402b93c0	FUN_1402b93c0	734				
1402b96a0	FUN_1402b96a0	564				
1402b98e0	FUN_1402b98e0	983				
1402b9cc0	FUN_1402b9cc0	105				
1402b9d30	FUN_1402b9d30	177				
1402b9df0	FUN_1402b9df0	384				
1402b9f70	FUN_1402b9f70	474				
1402ba150	FUN_1402ba150	178				
1402ba202	FUN_1402ba202	121				
1402ba27b	DelayLoad_MFGetService	12				
1402ba287	DelayLoad_MFCreateMediaSession	12				
1402ba293	DelayLoad_MFCreateAudioRendererActivate	12				
1402ba29f	DelayLoad_MFCreateVideoRendererActivate	12				
1402ba2ab	DelayLoad_MFCreateTopologyNode	12				
1402ba2b7	DelayLoad_MFCreateTopology	12				
1402ba2c3	FUN_1402ba2c3	121				
1402ba33c	DelayLoad_MFCreateSourceResolver	12				
1402ba348	DelayLoad_MFCreateAsyncResult	12				
1402ba354	DelayLoad_MFInvokeCallback	12				
1402ba360	DelayLoad_MFShutdown	12				
1402ba36c	DelayLoad_MFStartup	12				
1402ba378	DelayLoad_MFCreateAttributes	12				
1402ba384	DelayLoad_MFCreateDXGIDeviceManager	12				
1402ba390	FUN_1402ba390	805				
1402ba6c0	FUN_1402ba6c0	9				
1402ba6d0	FUN_1402ba6d0	25				
1402ba6f0	__DestructExceptionObject	107				
1402ba760	FUN_1402ba760	56				
1402ba7a0	FUN_1402ba7a0	40				
1402ba7d0	FUN_1402ba7d0	100				
1402ba840	FUN_1402ba840	18				
1402ba860	FUN_1402ba860	18				
1402ba880	Unwind@1402ba880	9				
1402ba890	FUN_1402ba890	80				
1402ba8e0	FUN_1402ba8e0	80				
1402ba930	FUN_1402ba930	272				
1402baa40	FUN_1402baa40	102				
1402baab0	FUN_1402baab0	6				
1402baac0	FUN_1402baac0	302				
1402babf0	FUN_1402babf0	52				
1402bac30	FUN_1402bac30	243				
1402bad30	FUN_1402bad30	33				
1402bad60	FUN_1402bad60	300				
1402bae90	FUN_1402bae90	376				
1402bb010	FUN_1402bb010	302				
1402bb140	FUN_1402bb140	372				
1402bb2c0	FUN_1402bb2c0	488				
1402bb4b0	_CreateFrameInfo	58				
1402bb4f0	FUN_1402bb4f0	82				
1402bb550	FUN_1402bb550	18				
1402bb570	FUN_1402bb570	18				
1402bb590	FUN_1402bb590	24				
1402bb5b0	FUN_1402bb5b0	24				
1402bb5d0	FUN_1402bb5d0	113				
1402bb650	FUN_1402bb650	186				
1402bb710	FUN_1402bb710	41				
1402bb740	FUN_1402bb740	25				
1402bb760	FUN_1402bb760	538				
1402bb980	FUN_1402bb980	149				
1402bba20	FUN_1402bba20	57				
1402bba60	FUN_1402bba60	169				
1402bbb10	FUN_1402bbb10	40				
1402bbb40	FUN_1402bbb40	711				
1402bbe10	FUN_1402bbe10	131				
1402bbec0	FUN_1402bbec0	209				
1402bbfa0	FUN_1402bbfa0	98				
1402bc010	FUN_1402bc010	38				
1402bc040	FUN_1402bc040	128				
1402bc0d0	GetUnwindTryBlock	41				
1402bc100	FUN_1402bc100	12				
1402bc110	SetUnwindTryBlock	59				
1402bc150	FUN_1402bc150	104				
1402bc1c0	FUN_1402bc1c0	254				
1402bc2c0	FUN_1402bc2c0	104				
1402bc330	FUN_1402bc330	232				
1402bc420	FUN_1402bc420	473				
1402bc600	FUN_1402bc600	474				
1402bc7f0	FUN_1402bc7f0	179				
1402bc8b0	FUN_1402bc8b0	180				
1402bc970	FUN_1402bc970	1443				
1402bcf20	FUN_1402bcf20	1452				
1402bd4d0	FUN_1402bd4d0	592				
1402bd730	FUN_1402bd730	874				
1402bdaa0	FUN_1402bdaa0	293				
1402bdbd0	FUN_1402bdbd0	298				
1402bdd00	FUN_1402bdd00	552				
1402bdf30	FUN_1402bdf30	600				
1402be190	FUN_1402be190	14				
1402be1a0	FUN_1402be1a0	76				
1402be200	FUN_1402be200	236				
1402be2f0	FUN_1402be2f0	404				
1402be500	FUN_1402be500	481				
1402be760	FUN_1402be760	400				
1402be8f0	FUN_1402be8f0	141				
1402be980	ExFilterRethrowFH4	48				
1402be9b0	FUN_1402be9b0	380				
1402beb60	FUN_1402beb60	928				
1402bef40	FUN_1402bef40	108				
1402befb0	FUN_1402befb0	59				
1402beff0	FUN_1402beff0	264				
1402bf100	FUN_1402bf100	129				
1402bf190	FUN_1402bf190	158				
1402bf230	FUN_1402bf230	216				
1402bf310	FUN_1402bf310	485				
1402bf500	FUN_1402bf500	135				
1402bf590	FUN_1402bf590	71				
1402bf610	FUN_1402bf610	27				
1402bf630	FUN_1402bf630	1				
1402bf640	FUN_1402bf640	1				
1402bf650	__except_validate_context_record	55				
1402bf690	FUN_1402bf690	68				
1402bf720	_CallSettingFrame	64				
1402bf760	FUN_1402bf760	42				
1402bf790	FUN_1402bf790	38				
1402bf7c0	_CallSettingFrameEncoded	71				
1402bf810	thunk_FUN_1402d9040	5				
1402bf818	_LocaleUpdate	155				
1402bf8b4	FUN_1402bf8b4	307			Map	
1402bf9e8	FUN_1402bf9e8	307			Map	
1402bfb1c	tolower	42				
1402bfb48	toupper	42				
1402bfb74	FUN_1402bfb74	587				
1402bfdc0	reset_buffers<>	50				
1402bfdf4	FID_conflict:_wsplitpath_s	99				
1402bfe60	FUN_1402bfe60	308				
1402bff94	FUN_1402bff94	53				
1402bffcc	FUN_1402bffcc	729				
1402c02a8	FUN_1402c02a8	1946				
1402c0a44	FUN_1402c0a44	731				
1402c0d20	FUN_1402c0d20	102				
1402c0d90	FUN_1402c0d90	118				
1402c0e08	FUN_1402c0e08	118				
1402c0e80	FUN_1402c0e80	179				
1402c0f34	FUN_1402c0f34	177				
1402c0fe8	FUN_1402c0fe8	177				
1402c10a0	FUN_1402c10a0	40				
1402c10d0	FUN_1402c10d0	106				
1402c1140	FUN_1402c1140	287				
1402c1260	FUN_1402c1260	87				
1402c12c0	FUN_1402c12c0	36				
1402c12f0	FUN_1402c12f0	450				
1402c14b4	operator()<>	61				
1402c14f4	operator()<>	61				
1402c1534	FUN_1402c1534	431				
1402c16e4	FUN_1402c16e4	438				
1402c189c	FUN_1402c189c	168				
1402c1944	FUN_1402c1944	172				
1402c19f0	is_wide_character_specifier<wchar_t>	62				
1402c1a30	FUN_1402c1a30	692				
1402c1ce4	FUN_1402c1ce4	1898				
1402c2450	FUN_1402c2450	515				
1402c2654	FUN_1402c2654	521				
1402c2860	FUN_1402c2860	515				
1402c2a64	FUN_1402c2a64	521				
1402c2c70	FUN_1402c2c70	515				
1402c2e74	FUN_1402c2e74	521				
1402c3080	FUN_1402c3080	109				
1402c30f0	FUN_1402c30f0	132				
1402c3174	FUN_1402c3174	170				
1402c3220	FUN_1402c3220	189				
1402c32e0	FUN_1402c32e0	132				
1402c3364	FUN_1402c3364	160				
1402c3404	FUN_1402c3404	109				
1402c3474	FUN_1402c3474	134				
1402c34fc	FUN_1402c34fc	176				
1402c35ac	FUN_1402c35ac	195				
1402c3670	FUN_1402c3670	132				
1402c36f4	FUN_1402c36f4	160				
1402c3794	FUN_1402c3794	284				
1402c38b0	FUN_1402c38b0	284				
1402c39cc	FUN_1402c39cc	106				
1402c3a38	FUN_1402c3a38	141				
1402c3ac8	FUN_1402c3ac8	142				
1402c3b58	FUN_1402c3b58	897				
1402c3edc	FUN_1402c3edc	871				
1402c4244	FUN_1402c4244	878				
1402c45b4	FUN_1402c45b4	701				
1402c4874	FUN_1402c4874	698				
1402c4b30	FUN_1402c4b30	708				
1402c4df4	FUN_1402c4df4	391				
1402c4f7c	FUN_1402c4f7c	391				
1402c5104	FUN_1402c5104	429				
1402c52b4	FUN_1402c52b4	429				
1402c5464	FUN_1402c5464	1336				
1402c599c	FUN_1402c599c	1133				
1402c5e0c	FUN_1402c5e0c	1532				
1402c6408	FUN_1402c6408	1397				
1402c6980	FUN_1402c6980	124				
1402c69fc	FUN_1402c69fc	115				
1402c6a70	FUN_1402c6a70	601				
1402c6ccc	FUN_1402c6ccc	634				
1402c6f48	FUN_1402c6f48	210				
1402c701c	FUN_1402c701c	196				
1402c70e0	FUN_1402c70e0	182				
1402c7198	FUN_1402c7198	153				
1402c7234	FUN_1402c7234	154				
1402c72d0	FUN_1402c72d0	192				
1402c7390	validate_stream_is_ansi_if_required	155				
1402c742c	write_string	163				
1402c74d0	write_string	165				
1402c7578	FUN_1402c7578	207				
1402c7648	FUN_1402c7648	225				
1402c772c	FUN_1402c772c	292				
1402c7850	FUN_1402c7850	292				
1402c7974	FUN_1402c7974	449				
1402c7b38	FUN_1402c7b38	593				
1402c7d8c	FUN_1402c7d8c	273				
1402c7ea0	FUN_1402c7ea0	601				
1402c80fc	FUN_1402c80fc	273				
1402c8210	FUN_1402c8210	176				
1402c82c0	FUN_1402c82c0	176				
1402c8370	FUN_1402c8370	99				
1402c83d4	FUN_1402c83d4	113				
1402c8448	FUN_1402c8448	413				
1402c85e8	FUN_1402c85e8	281				
1402c8704	FUN_1402c8704	7				
1402c870c	FUN_1402c870c	322				
1402c8850	FUN_1402c8850	7				
1402c8858	FUN_1402c8858	341				
1402c89b0	thunk_FUN_1402d8738	5				
1402c89b8	FUN_1402c89b8	30				
1402c89d8	FUN_1402c89d8	361				
1402c8b44	FUN_1402c8b44	26				
1402c8b60	__crt_time_is_leap_year<>	90				
1402c8bbc	common_gmtime_s<__int64>	408				
1402c8d54	compute_year	240				
1402c8e44	__getgmtimebuf	75				
1402c8e90	_gmtime64	72				
1402c8ed8	common_gmtime_s<__int64>	5				
1402c8ee0	FUN_1402c8ee0	113				
1402c8f54	FUN_1402c8f54	235				
1402c9040	FUN_1402c9040	364				
1402c91ac	FUN_1402c91ac	225				
1402c9290	FUN_1402c9290	132				
1402c9314	FUN_1402c9314	39				
1402c933c	FUN_1402c933c	287				
1402c945c	FUN_1402c945c	504				
1402c9654	FUN_1402c9654	154				
1402c96f0	FUN_1402c96f0	168				
1402c97a0	FUN_1402c97a0	41				
1402c97cc	FUN_1402c97cc	22				
1402c97e4	FUN_1402c97e4	85				
1402c983c	FUN_1402c983c	247				
1402c9934	FUN_1402c9934	22				
1402c994c	FUN_1402c994c	288				
1402c9a6c	FUN_1402c9a6c	17				
1402c9a80	__acrt_uninitialize_stdio	91				
1402c9adc	_get_stream_buffer_pointers	71				
1402c9b24	FUN_1402c9b24	11				
1402c9b30	FUN_1402c9b30	11				
1402c9b3c	FUN_1402c9b3c	122				
1402c9bb8	FUN_1402c9bb8	165				
1402c9c60	FUN_1402c9c60	152				
1402c9cf8	FUN_1402c9cf8	152				
1402c9d90	FUN_1402c9d90	142				
1402c9e20	FUN_1402c9e20	49				
1402c9e60	FUN_1402c9e60	132				
1402c9ef0	FUN_1402c9ef0	346				
1402ca04c	FUN_1402ca04c	93				
1402ca0b4	common_end_thread	95				
1402ca118	FUN_1402ca118	97				
1402ca17c	FUN_1402ca17c	222				
1402ca25c	FUN_1402ca25c	10				
1402ca270	FUN_1402ca270	246				
1402ca370	FUN_1402ca370	451				
1402ca540	FUN_1402ca540	165				
1402ca5f0	FUN_1402ca5f0	786				
1402ca9c0	FUN_1402ca9c0	51				
1402caa00	_calloc_base	5				
1402caa08	FUN_1402caa08	106				
1402caa74	FUN_1402caa74	76				
1402caac0	FUN_1402caac0	365				
1402cac30	FUN_1402cac30	8				
1402cac38	FUN_1402cac38	155				
1402cacd4	FUN_1402cacd4	182				
1402cad8c	FUN_1402cad8c	30				
1402cadac	_invoke_watson	71				
1402cadf4	FUN_1402cadf4	207				
1402caec4	FUN_1402caec4	37				
1402caeec	FUN_1402caeec	34				
1402caf10	FUN_1402caf10	35				
1402caf34	FUN_1402caf34	35				
1402caf60	FUN_1402caf60	88				
1402cafd0	FUN_1402cafd0	36				
1402cb000	FUN_1402cb000	475				
1402cb1e0	_realloc_base	5				
1402cb1e8	FUN_1402cb1e8	194				
1402cb2ac	FUN_1402cb2ac	1275				
1402cb7a8	FUN_1402cb7a8	171				
1402cb854	ftprintf<>	30				
1402cb874	FUN_1402cb874	211				
1402cb948	FUN_1402cb948	8				
1402cb950	FUN_1402cb950	17				
1402cb964	FID_conflict:_assert	115				
1402cb9d8	FUN_1402cb9d8	67				
1402cba1c	FUN_1402cba1c	67				
1402cba60	FUN_1402cba60	82				
1402cbab4	FUN_1402cbab4	156				
1402cbb50	FUN_1402cbb50	225				
1402cbc34	FUN_1402cbc34	64				
1402cbc74	common_flush_all	93				
1402cbcd4	FUN_1402cbcd4	140				
1402cbd60	FUN_1402cbd60	210				
1402cbe34	common_flush_all	7				
1402cbe3c	fflush	103				
1402cbea4	operator()<>	61				
1402cbee4	FUN_1402cbee4	231				
1402cbfcc	FUN_1402cbfcc	309				
1402cc104	fsetpos	53				
1402cc13c	FUN_1402cc13c	155				
1402cc1d8	FUN_1402cc1d8	250				
1402cc2d4	FUN_1402cc2d4	234				
1402cc3c0	FUN_1402cc3c0	152				
1402cc458	FUN_1402cc458	155				
1402cc4f4	fgetpos	75				
1402cc540	operator()<>	63				
1402cc580	FUN_1402cc580	126				
1402cc600	FUN_1402cc600	156				
1402cc69c	FUN_1402cc69c	529				
1402cc8b0	FUN_1402cc8b0	161				
1402cc954	FUN_1402cc954	618				
1402ccbc0	fread	29				
1402ccbe0	fread_s	165				
1402ccc88	_fgetc_nolock	67				
1402ccccc	FUN_1402ccccc	275				
1402ccde0	FUN_1402ccde0	286				
1402ccf00	ungetc	88				
1402ccf58	FUN_1402ccf58	356				
1402cd0bc	FUN_1402cd0bc	22				
1402cd0d4	FUN_1402cd0d4	152				
1402cd16c	common_atof_l<>	116				
1402cd1e0	parse_floating_point<>	158				
1402cd280	parse_floating_point<>	158				
1402cd320	FUN_1402cd320	1220				
1402cd7e4	FUN_1402cd7e4	323				
1402cd928	FUN_1402cd928	490				
1402cdb14	FUN_1402cdb14	69				
1402cdb5c	FUN_1402cdb5c	69				
1402cdba4	FUN_1402cdba4	357				
1402cdd0c	FUN_1402cdd0c	472				
1402cdee4	FUN_1402cdee4	56				
1402cdf20	FUN_1402cdf20	56				
1402cdf5c	FUN_1402cdf5c	950				
1402ce314	FUN_1402ce314	351				
1402ce474	FUN_1402ce474	7424				
1402d0174	convert_hexadecimal_string_to_floating_type_common	172				
1402d0220	FUN_1402d0220	1164				
1402d06ac	FUN_1402d06ac	7				
1402d06b4	memcpy_s	135				
1402d073c	FUN_1402d073c	764				
1402d0a3c	FID_conflict:_localtime64	72				
1402d0a90	FUN_1402d0a90	51				
1402d0ad0	FUN_1402d0ad0	8				
1402d0ae0	FUN_1402d0ae0	55				
1402d0b20	_set_new_handler	89				
1402d0b90	_malloc_base	5				
1402d0b98	FUN_1402d0b98	363				
1402d0d04	operator()<>	56				
1402d0d3c	FUN_1402d0d3c	186				
1402d0dfc	FUN_1402d0dfc	227				
1402d0ee0	FUN_1402d0ee0	44				
1402d0f10	FUN_1402d0f10	100			GetProcAddress	
1402d0f74	FUN_1402d0f74	8				
1402d0f8c	FUN_1402d0f8c	13				
1402d0f9c	FUN_1402d0f9c	12				
1402d0fa8	FUN_1402d0fa8	59				
1402d0fe4	FUN_1402d0fe4	10				
1402d0ff0	FUN_1402d0ff0	445				
1402d11b0	__acrt_allocate_buffer_for_argv	93				
1402d1210	FUN_1402d1210	381				
1402d1390	FUN_1402d1390	115				
1402d1404	FUN_1402d1404	110				
1402d1474	FUN_1402d1474	273				
1402d1588	FUN_1402d1588	285				
1402d16a8	free_environment<>	65				
1402d16ec	FUN_1402d16ec	222				
1402d17cc	FUN_1402d17cc	186				
1402d1888	uninitialize_environment_internal<>	26				
1402d18a4	uninitialize_environment_internal<>	26				
1402d18c0	FUN_1402d18c0	59				
1402d18fc	FUN_1402d18fc	59				
1402d1938	FUN_1402d1938	67				
1402d197c	thunk_FUN_1402d1390	5				
1402d1984	operator()<>	59				
1402d19c0	operator()<>	59				
1402d19fc	FUN_1402d19fc	430				
1402d1bac	FUN_1402d1bac	277				
1402d1cc4	FUN_1402d1cc4	15				
1402d1cd4	FUN_1402d1cd4	67				
1402d1d18	_initialize_onexit_table	39				
1402d1d40	_register_onexit_function	72				
1402d1d9c	FUN_1402d1d9c	35				
1402d1dc0	FUN_1402d1dc0	16				
1402d1dd0	FUN_1402d1dd0	61				
1402d1e18	FUN_1402d1e18	64				
1402d1e58	FUN_1402d1e58	91				
1402d1eb4	FUN_1402d1eb4	19				
1402d1ec8	FUN_1402d1ec8	53				
1402d1f00	FUN_1402d1f00	7				
1402d1f08	FUN_1402d1f08	7				
1402d1f10	FUN_1402d1f10	32				
1402d1f30	FUN_1402d1f30	8				
1402d1f40	FUN_1402d1f40	47				
1402d1f70	FUN_1402d1f70	36				
1402d1f94	FUN_1402d1f94	116				
1402d2008	FUN_1402d2008	54				
1402d2040	FUN_1402d2040	60				
1402d207c	FUN_1402d207c	48				
1402d20ac	_set_fmode	61				
1402d20ec	FUN_1402d20ec	228				
1402d21d0	FUN_1402d21d0	314				
1402d230c	operator()<<lambda_410d79af7f07d98d83a3f525b3859a53>,<lambda_3e16ef9562a7dcce91392c22ab16ea36>&___ptr64,<lambda_38119f0e861e05405d8a144b9b982f0a>_>	110				
1402d237c	operator()<<lambda_7f2adfce497ff2baa965cd4f576ecfd1>,<lambda_2a444430fde8c29194d880d93eed5e8f>&___ptr64,<lambda_8dff2cf36a5417162780cd64fa2883ef>&___ptr64>	41				
1402d23a8	operator()	142				
1402d2438	FUN_1402d2438	118				
1402d24b0	FUN_1402d24b0	129				
1402d2534	FUN_1402d2534	12				
1402d2540	__acrt_uninitialize_locale	46				
1402d2570	FUN_1402d2570	161				
1402d2614	FUN_1402d2614	355				
1402d2778	_configthreadlocale	105				
1402d27e4	FUN_1402d27e4	190				
1402d28a4	FUN_1402d28a4	1151				
1402d2d28	FUN_1402d2d28	103				
1402d2d90	_wsetlocale	161				
1402d2e34	FUN_1402d2e34	489				
1402d3020	FUN_1402d3020	659				
1402d32b8	FUN_1402d32b8	869				
1402d3620	FUN_1402d3620	507				
1402d381c	FUN_1402d381c	70				
1402d3864	FUN_1402d3864	136				
1402d38f0	FUN_1402d38f0	242				
1402d39e4	FUN_1402d39e4	142				
1402d3a74	FUN_1402d3a74	105				
1402d3ae0	FUN_1402d3ae0	8				
1402d3af0	FUN_1402d3af0	43				
1402d3b1c	FUN_1402d3b1c	8				
1402d3b24	FUN_1402d3b24	30				
1402d3b50	FUN_1402d3b50	195				
1402d3c14	FUN_1402d3c14	161				
1402d3cb8	common_strtod_l<>	165				
1402d3d60	FUN_1402d3d60	8				
1402d3d68	FUN_1402d3d68	8				
1402d3d70	feof	44				
1402d3d9c	ferror	44				
1402d3dd0	FUN_1402d3dd0	27				
1402d3e00	_aligned_malloc	127				
1402d3e90	_aligned_offset_malloc	197				
1402d3f60	FID_conflict:_aligned_msize	101				
1402d3fd0	FUN_1402d3fd0	599				
1402d4230	FUN_1402d4230	780				
1402d4550	FUN_1402d4550	462				
1402d4730	FUN_1402d4730	626				
1402d49b0	FUN_1402d49b0	27				
1402d49e0	_aligned_malloc	127				
1402d4a70	FID_conflict:_aligned_msize	101				
1402d4ae0	_aligned_offset_malloc_base	184				
1402d4ba0	FUN_1402d4ba0	611				
1402d4e10	FUN_1402d4e10	766				
1402d5120	FUN_1402d5120	462				
1402d5300	FUN_1402d5300	626				
1402d5580	isalnum	171				
1402d5630	isalpha	171				
1402d56e0	isdigit	166				
1402d5790	islower	166				
1402d5840	isspace	166				
1402d58f0	isupper	166				
1402d59a0	isxdigit	171				
1402d5a4c	FUN_1402d5a4c	250			Map	
1402d5b48	FUN_1402d5b48	7				
1402d5b50	FUN_1402d5b50	47				
1402d5b80	___lc_collate_cp_func	47				
1402d5bb0	___lc_locale_name_func	50				
1402d5be4	FUN_1402d5be4	47				
1402d5c14	FUN_1402d5c14	1604			Map	
1402d6258	__acrt_initialize_locks	72				
1402d62a0	__acrt_lock	25				
1402d62bc	__acrt_uninitialize_locks	55				
1402d62f4	__acrt_unlock	25				
1402d6310	FUN_1402d6310	27				
1402d633c	operator()<>	61				
1402d637c	FUN_1402d637c	669				
1402d661c	setlocale	76				
1402d6668	FUN_1402d6668	47				
1402d66a0	FUN_1402d66a0	141				
1402d6730	common_fsopen<char>	185				
1402d67ec	common_fsopen<wchar_t>	201				
1402d68b8	common_fsopen<char>	5				
1402d68c0	common_fsopen<wchar_t>	5				
1402d68c8	FUN_1402d68c8	11				
1402d68e0	thunk_FUN_1402e7cc0	5				
1402d68f0	__strncnt	21				
1402d6910	FUN_1402d6910	385				
1402d6aa0	FUN_1402d6aa0	328				
1402d6bf0	FUN_1402d6bf0	518				
1402d6df8	FUN_1402d6df8	246				
1402d6ef0	FUN_1402d6ef0	3804				
1402d7dcc	FUN_1402d7dcc	333				
1402d7f1c	FUN_1402d7f1c	1284				
1402d8420	FUN_1402d8420	394				
1402d85ac	FUN_1402d85ac	394				
1402d8738	FUN_1402d8738	1748				
1402d8e10	FUN_1402d8e10	30				
1402d8e30	FUN_1402d8e30	393				
1402d8fc0	FUN_1402d8fc0	126				
1402d9040	FUN_1402d9040	60				
1402d9098	FUN_1402d9098	817				
1402d93cc	__acrt_LCMapStringA	150			Map	
1402d9464	operator()<>	63				
1402d94a4	operator()<>	61				
1402d94e4	operator()<>	69				
1402d952c	operator()<>	95				
1402d958c	construct_ptd_array	205				
1402d965c	FUN_1402d965c	32				
1402d967c	destroy_ptd_array	245				
1402d9774	FUN_1402d9774	181				
1402d982c	replace_current_thread_locale_nolock	103				
1402d9894	FUN_1402d9894	24				
1402d98b0	FUN_1402d98b0	65				
1402d98f4	FUN_1402d98f4	144				
1402d9984	FUN_1402d9984	91				
1402d99e0	FUN_1402d99e0	68				
1402d9a24	FUN_1402d9a24	34				
1402d9a48	__acrt_update_locale_info	49				
1402d9a7c	FUN_1402d9a7c	53				
1402d9ab4	FUN_1402d9ab4	49				
1402d9ae8	FUN_1402d9ae8	53				
1402d9b20	FUN_1402d9b20	322				
1402d9c70	FUN_1402d9c70	289				
1402d9d9c	FUN_1402d9d9c	115				
1402d9e10	FUN_1402d9e10	18				
1402d9e24	iswctype	108				
1402d9e90	_isctype_l	264				
1402d9fa0	_malloc_base	94				
1402da000	FUN_1402da000	915				
1402da394	FUN_1402da394	260				
1402da498	FUN_1402da498	480				
1402da67c	FUN_1402da67c	213				
1402da754	FUN_1402da754	333				
1402da8a4	FUN_1402da8a4	338				
1402da9f8	should_round_up	278				
1402dab10	FUN_1402dab10	740				
1402dadf8	FUN_1402dadf8	432				
1402dafa8	FUN_1402dafa8	376				
1402db120	FUN_1402db120	56				
1402db158	FUN_1402db158	445				
1402db318	FUN_1402db318	163				
1402db3bc	FUN_1402db3bc	71				
1402db404	FUN_1402db404	437				
1402db5bc	_fileno	39				
1402db5e4	FUN_1402db5e4	24				
1402db5fc	FUN_1402db5fc	403				
1402db790	FUN_1402db790	73				
1402db7dc	FUN_1402db7dc	199				
1402db8a4	FUN_1402db8a4	61				
1402db8e4	FUN_1402db8e4	253				
1402db9e4	FUN_1402db9e4	264				
1402dbaec	__acrt_initialize_lowio	59				
1402dbb28	__acrt_uninitialize_lowio	64				
1402dbb7c	FUN_1402dbb7c	90				
1402dbbd8	FUN_1402dbbd8	56				
1402dbc10	FUN_1402dbc10	433			GetProcAddress	
1402dbdc4	FUN_1402dbdc4	92				
1402dbe20	FUN_1402dbe20	92				
1402dbe7c	FUN_1402dbe7c	92				
1402dbed8	FUN_1402dbed8	92				
1402dbf34	FUN_1402dbf34	74				
1402dbf80	FUN_1402dbf80	193				
1402dc044	FUN_1402dc044	164				
1402dc0e8	FlsAlloc	7				
1402dc0f0	FlsFree	7				
1402dc0f8	FlsGetValue	7				
1402dc100	FUN_1402dc100	10				
1402dc10c	FlsSetValue	7				
1402dc114	FUN_1402dc114	197				
1402dc1dc	FUN_1402dc1dc	148				
1402dc270	FUN_1402dc270	184				
1402dc328	FUN_1402dc328	112				
1402dc398	InitializeCriticalSectionEx	7				
1402dc3a0	FUN_1402dc3a0	103				
1402dc408	FUN_1402dc408	135				
1402dc490	FUN_1402dc490	242			Map	
1402dc584	FUN_1402dc584	98				
1402dc5e8	FUN_1402dc5e8	127				
1402dc668	FUN_1402dc668	80				
1402dc6b8	FUN_1402dc6b8	66				
1402dc6fc	FUN_1402dc6fc	132				
1402dc780	FUN_1402dc780	20				
1402dc794	FUN_1402dc794	423			Map	
1402dc93c	FUN_1402dc93c	149				
1402dc9d4	FUN_1402dc9d4	48				
1402dca04	FUN_1402dca04	233				
1402dcaf0	FUN_1402dcaf0	66				
1402dcb34	__acrt_uninitialize_winapi_thunks	65				
1402dcb78	FUN_1402dcb78	144				
1402dcc08	FUN_1402dcc08	222				
1402dcce8	_getdrive	246				
1402dcde0	FUN_1402dcde0	72				
1402dce28	__acrt_get_sigabrt_handler	46				
1402dce58	FUN_1402dce58	29				
1402dce78	FUN_1402dce78	602				
1402dd0d4	__acrt_stdio_parse_mode<char>	705				
1402dd398	__acrt_stdio_parse_mode<wchar_t>	770				
1402dd69c	FUN_1402dd69c	154				
1402dd738	FUN_1402dd738	154				
1402dd7e0	_calloc_base	117				
1402dd858	FUN_1402dd858	178				
1402dd90c	__acrt_stdio_free_buffer_nolock	66				
1402dd950	FUN_1402dd950	119				
1402dd9c8	FUN_1402dd9c8	193				
1402dda8c	FUN_1402dda8c	152				
1402ddb24	FUN_1402ddb24	205				
1402ddbf4	FUN_1402ddbf4	86				
1402ddc4c	__acrt_stdio_free_stream	28				
1402ddc68	FUN_1402ddc68	233				
1402ddd54	FUN_1402ddd54	63				
1402ddd94	FUN_1402ddd94	67				
1402dddd8	FUN_1402dddd8	47				
1402dde08	FUN_1402dde08	101				
1402dde70	FUN_1402dde70	378				
1402ddff0	FUN_1402ddff0	882				
1402de370	FUN_1402de370	42				
1402de3a0	FUN_1402de3a0	778				
1402de6b0	FUN_1402de6b0	42				
1402de6e0	FUN_1402de6e0	51				
1402de720	FUN_1402de720	345				
1402de880	FUN_1402de880	29				
1402de8a0	FUN_1402de8a0	90				
1402de920	FUN_1402de920	10				
1402de930	FUN_1402de930	10				
1402de940	FUN_1402de940	29				
1402de960	FUN_1402de960	13				
1402de970	_realloc_base	122				
1402de9ec	FUN_1402de9ec	211				
1402deac0	common_xtox_s<unsigned_long,wchar_t>	105				
1402deb2c	FID_conflict:_ltow_s	32				
1402deb4c	FUN_1402deb4c	71				
1402deba0	FUN_1402deba0	131				
1402dec24	FUN_1402dec24	289				
1402ded48	FUN_1402ded48	162				
1402dedec	FUN_1402dedec	139				
1402dee78	_commit	145				
1402def0c	FUN_1402def0c	1171				
1402df3a0	FUN_1402df3a0	263				
1402df4a8	FUN_1402df4a8	283				
1402df5c4	FUN_1402df5c4	372				
1402df738	FUN_1402df738	152				
1402df7d0	FUN_1402df7d0	285				
1402df8f0	FUN_1402df8f0	815				
1402dfc20	FUN_1402dfc20	286				
1402dfd40	FUN_1402dfd40	175				
1402dfdf0	FUN_1402dfdf0	154				
1402dfe8c	thunk_FUN_1402dfc20	5				
1402dfe94	FUN_1402dfe94	154				
1402dff30	thunk_FUN_1402dfd40	5				
1402dff38	FUN_1402dff38	107				
1402dffa4	FUN_1402dffa4	336				
1402e00f4	FUN_1402e00f4	347				
1402e0250	FUN_1402e0250	390				
1402e03d8	FUN_1402e03d8	85				
1402e0430	FUN_1402e0430	154				
1402e04cc	thunk_FUN_1402dffa4	5				
1402e04d4	FUN_1402e04d4	247				
1402e05cc	FUN_1402e05cc	251				
1402e06c8	FUN_1402e06c8	136				
1402e0750	FUN_1402e0750	203				
1402e081c	FUN_1402e081c	204				
1402e08e8	FUN_1402e08e8	507				
1402e0ae4	FUN_1402e0ae4	815				
1402e0e14	FUN_1402e0e14	286				
1402e0f34	FUN_1402e0f34	1119				
1402e1394	FUN_1402e1394	362				
1402e1500	__acrt_stdio_allocate_buffer_nolock	107				
1402e1570	fegetround	20				
1402e15d4	FUN_1402e15d4	8				
1402e15dc	FUN_1402e15dc	8				
1402e15e4	FUN_1402e15e4	8				
1402e15ec	FUN_1402e15ec	8				
1402e15f4	FUN_1402e15f4	8				
1402e15fc	FUN_1402e15fc	47				
1402e162c	FUN_1402e162c	47				
1402e165c	FUN_1402e165c	47				
1402e168c	FUN_1402e168c	761				
1402e1988	FUN_1402e1988	500				
1402e1b80	FUN_1402e1b80	224				
1402e1c64	FUN_1402e1c64	637				
1402e1ee4	FUN_1402e1ee4	391				
1402e206c	FUN_1402e206c	279				
1402e2184	FUN_1402e2184	127				
1402e2204	__tzset	66				
1402e2248	_isindst	48				
1402e2278	FUN_1402e2278	25				
1402e2294	FUN_1402e2294	24				
1402e22c0	FUN_1402e22c0	428				
1402e246c	FUN_1402e246c	569				
1402e26a8	FUN_1402e26a8	387				
1402e282c	FUN_1402e282c	862				
1402e2b8c	thunk_FUN_1402e246c	5				
1402e2b94	FUN_1402e2b94	462				
1402e2d64	getSystemCP	125				
1402e2de4	FUN_1402e2de4	152				
1402e2e7c	FUN_1402e2e7c	501			Map	
1402e3074	FUN_1402e3074	623				
1402e32e4	update_thread_multibyte_data_internal	183				
1402e339c	__acrt_initialize_multibyte	96				
1402e33fc	FUN_1402e33fc	28				
1402e3418	FUN_1402e3418	712				
1402e36e0	FUN_1402e36e0	37				
1402e3708	FUN_1402e3708	270				
1402e3818	FUN_1402e3818	156				
1402e38b4	FUN_1402e38b4	855				
1402e3c0c	FUN_1402e3c0c	867				
1402e3f70	FUN_1402e3f70	227				
1402e4058	FUN_1402e4058	237				
1402e4148	thunk_FUN_1402e38b4	5				
1402e4150	thunk_FUN_1402e3c0c	5				
1402e4160	_recalloc_base	149				
1402e4220	FUN_1402e4220	28				
1402e4278	FUN_1402e4278	126				
1402e42f8	FUN_1402e42f8	59				
1402e4334	__acrt_lowio_create_handle_array	165				
1402e43dc	__acrt_lowio_destroy_handle_array	80				
1402e442c	__acrt_lowio_ensure_fh_exists	168				
1402e44d4	__acrt_lowio_lock_fh	39				
1402e44fc	FUN_1402e44fc	191				
1402e45bc	__acrt_lowio_unlock_fh	39				
1402e45e4	_alloc_osfhnd	318				
1402e4724	FUN_1402e4724	186				
1402e47e0	FUN_1402e47e0	117				
1402e4870	__acrt_locale_free_monetary	266				
1402e497c	FUN_1402e497c	1307				
1402e4e98	__acrt_locale_free_numeric	108				
1402e4f04	FUN_1402e4f04	743				
1402e51ec	FUN_1402e51ec	50				
1402e5220	initialize_lc_time	830				
1402e5560	__acrt_locale_free_time	264				
1402e5668	__acrt_locale_initialize_time	156				
1402e5710	FUN_1402e5710	86				
1402e5770	wcsncmp	52				
1402e57b0	FUN_1402e57b0	88				
1402e5808	FUN_1402e5808	399				
1402e5998	__acrt_add_locale_ref	139				
1402e5a24	__acrt_free_locale	374				
1402e5b9c	__acrt_locale_add_lc_time_reference	39				
1402e5bc4	__acrt_locale_free_lc_time_if_unreferenced	55				
1402e5bfc	__acrt_locale_release_lc_time_reference	37				
1402e5c24	__acrt_release_locale_ref	168				
1402e5ccc	__acrt_update_thread_locale_data	109				
1402e5d3c	_updatetlocinfoEx_nolock	101				
1402e5da4	FUN_1402e5da4	164				
1402e5e4c	GetLocaleNameFromLangCountry	207				
1402e5f1c	GetLocaleNameFromLanguage	152				
1402e5fb4	FUN_1402e5fb4	753				
1402e62a8	FUN_1402e62a8	233				
1402e6394	FUN_1402e6394	191				
1402e6454	FUN_1402e6454	106				
1402e64c0	TranslateName	153				
1402e655c	FUN_1402e655c	632				
1402e67d8	FUN_1402e67d8	232				
1402e68c0	GetLcidFromLangCountry	205				
1402e6990	GetLcidFromLanguage	150				
1402e6a28	FUN_1402e6a28	579				
1402e6c6c	FUN_1402e6c6c	264				
1402e6d74	FUN_1402e6d74	79				
1402e6dc4	FUN_1402e6dc4	178				
1402e6e78	FUN_1402e6e78	186				
1402e6f34	FUN_1402e6f34	133				
1402e6fbc	FUN_1402e6fbc	640				
1402e7240	thunk_FUN_1402e7250	5				
1402e7250	FUN_1402e7250	238				
1402e7350	FUN_1402e7350	71				
1402e73a0	_msize_base	57				
1402e73e8	__acrt_LCMapStringW	135			Map	
1402e7470	FUN_1402e7470	379				
1402e75ec	FUN_1402e75ec	455				
1402e77b4	FUN_1402e77b4	275				
1402e78c8	FUN_1402e78c8	831				
1402e7c08	FUN_1402e7c08	182				
1402e7cc0	FUN_1402e7cc0	92				
1402e7d1c	GetStringTypeW	7				
1402e7d24	FUN_1402e7d24	208				
1402e7df4	FUN_1402e7df4	272				
1402e7f04	FUN_1402e7f04	4734				
1402e9184	FUN_1402e9184	162				
1402e9228	FUN_1402e9228	8				
1402e9230	FUN_1402e9230	20				
1402e9244	FUN_1402e9244	95				
1402e92a4	FUN_1402e92a4	228				
1402e938c	FUN_1402e938c	167				
1402e9434	common_sopen_dispatch<>	195				
1402e94f8	common_sopen_dispatch<>	195				
1402e95bc	FUN_1402e95bc	639				
1402e983c	FUN_1402e983c	530				
1402e9a50	truncate_ctrl_z_if_present	193				
1402e9b14	FUN_1402e9b14	283				
1402e9c30	FID_conflict:_sopen_s	50				
1402e9c64	FUN_1402e9c64	1043				
1402ea078	FID_conflict:_sopen_s	50				
1402ea0b0	FUN_1402ea0b0	9				
1402ea0c0	FUN_1402ea0c0	216				
1402ea1a0	FUN_1402ea1a0	85				
1402ea200	FUN_1402ea200	304				
1402ea330	FUN_1402ea330	115				
1402ea3a4	FUN_1402ea3a4	64				
1402ea3e4	common_getenv<>	93				
1402ea444	FUN_1402ea444	137				
1402ea4d0	FUN_1402ea4d0	152				
1402ea568	FUN_1402ea568	245				
1402ea660	thunk_FUN_1402ea568	5				
1402ea668	common_getenv<>	5				
1402ea670	FUN_1402ea670	916				
1402eaa10	FUN_1402eaa10	154				
1402eaab0	FUN_1402eaab0	762				
1402eae68	FUN_1402eae68	8				
1402eae70	_mbsdec_l	148				
1402eaf04	FUN_1402eaf04	20				
1402eaf20	FUN_1402eaf20	410				
1402eb0c0	FUN_1402eb0c0	418				
1402eb264	FUN_1402eb264	415				
1402eb410	FUN_1402eb410	54				
1402eb448	FUN_1402eb448	339				
1402eb5a0	FUN_1402eb5a0	111				
1402eb610	FUN_1402eb610	32				
1402eb630	FUN_1402eb630	97				
1402eb6a0	FUN_1402eb6a0	81				
1402eb700	FUN_1402eb700	195				
1402eb7d0	FUN_1402eb7d0	1386				
1402ebd7c	FUN_1402ebd7c	152				
1402ebe14	FUN_1402ebe14	398				
1402ebfa4	__dcrt_lowio_ensure_console_output_initialized	82				
1402ebff8	FUN_1402ebff8	28				
1402ec014	__dcrt_write_console	190				
1402ec0d4	FUN_1402ec0d4	21				
1402ec0ec	__acrt_CompareStringW	189				
1402ec1ac	FUN_1402ec1ac	911				
1402ec53c	__acrt_CompareStringA	137				
1402ec5d0	FUN_1402ec5d0	100				
1402ec640	thunk_FUN_1402ec650	5				
1402ec650	FUN_1402ec650	634				
1402ec8f0	FUN_1402ec8f0	257				
1402eca00	FUN_1402eca00	307				
1402ecb40	FUN_1402ecb40	320				
1402ecc80	FUN_1402ecc80	19				
1402ecca0	FUN_1402ecca0	9				
1402eccf0	FUN_1402eccf0	178				
1402ecdb0	FUN_1402ecdb0	32				
1402ecdd0	FUN_1402ecdd0	153				
1402ece70	FUN_1402ece70	32				
1402ece90	FUN_1402ece90	162				
1402ecf32	FUN_1402ecf32	121				
1402ecfab	DelayLoad_PdhOpenQueryW	12				
1402ecfb7	DelayLoad_PdhAddCounterW	12				
1402ecfc3	DelayLoad_PdhCollectQueryDataEx	12				
1402ecfcf	DelayLoad_PdhGetFormattedCounterArrayW	12				
1402ecfdb	DelayLoad_PdhCloseQuery	12				
1402ecff0	FUN_1402ecff0	16				
1402ed010	FUN_1402ed010	8				
1402ed020	FUN_1402ed020	29				
1402ed040	FUN_1402ed040	399			GetProcAddress;LoadLibraryW	
1402ed220	__security_check_cookie	30				
1402ed240	FUN_1402ed240	104				
1402ed2c0	__chkstk	78				
1402ed310	FUN_1402ed310	67				
1402ed360	FUN_1402ed360	72				
1402ed3b0	FUN_1402ed3b0	43				
1402ed3e0	FUN_1402ed3e0	114				
1402ed460	FUN_1402ed460	104				
1402ed4d0	FUN_1402ed4d0	8				
1402ed4d8	HeapFree	6				
1402ed4de	HeapAlloc	6				
1402ed4e4	GetProcessHeap	6				
1402ed4ec	FUN_1402ed4ec	186				
1402ed5a8	FUN_1402ed5a8	158			GetProcAddress	
1402ed648	FUN_1402ed648	152				
1402ed6e0	FUN_1402ed6e0	145				
1402ed774	FUN_1402ed774	226				
1402ed858	FUN_1402ed858	169				
1402ed904	FUN_1402ed904	911			GetProcAddress	
1402edca0	FUN_1402edca0	74				
1402edcf0	FUN_1402edcf0	42				
1402edd20	FUN_1402edd20	320				
1402ede60	FUN_1402ede60	133				
1402edef0	FUN_1402edef0	68				
1402edf40	FUN_1402edf40	100				
1402edfb0	FUN_1402edfb0	360				
1402ee120	FUN_1402ee120	328				
1402ee270	FUN_1402ee270	185				
1402ee330	FUN_1402ee330	92				
1402ee390	FUN_1402ee390	103				
1402ee480	FUN_1402ee480	107				
1402ee500	FUN_1402ee500	78				
1402ee550	FUN_1402ee550	60				
1402ee5e0	FUN_1402ee5e0	222				
1402ee6c0	FUN_1402ee6c0	38				
1402ee6f0	FUN_1402ee6f0	198				
1402ee7c0	FUN_1402ee7c0	296				
1402ee8f0	FUN_1402ee8f0	160				
1402ee990	FUN_1402ee990	61				
1402ee9d0	FUN_1402ee9d0	363				
1402eeb40	FUN_1402eeb40	131				
1402eebd0	FUN_1402eebd0	108				
1402eec40	FUN_1402eec40	29				
1402eec60	FUN_1402eec60	29				
1402eec80	FUN_1402eec80	294				
1402eedb0	FUN_1402eedb0	153				
1402eee50	FUN_1402eee50	151				
1402eeef0	FUN_1402eeef0	281				
1402ef010	FUN_1402ef010	265				
1402ef120	FUN_1402ef120	294				
1402ef250	FUN_1402ef250	310				
1402ef390	FUN_1402ef390	414				
1402ef530	FUN_1402ef530	45				
1402ef560	FUN_1402ef560	781				
1402ef870	FUN_1402ef870	410				
1402efa10	FUN_1402efa10	103				
1402efa80	FUN_1402efa80	220				
1402efb60	FUN_1402efb60	134				
1402efbf0	FUN_1402efbf0	405				
1402efd90	FUN_1402efd90	287				
1402efeb0	FUN_1402efeb0	116				
1402eff30	FUN_1402eff30	300				
1402f0060	FUN_1402f0060	53				
1402f00a0	FUN_1402f00a0	41				
1402f00d0	FUN_1402f00d0	61				
1402f0110	FUN_1402f0110	41				
1402f0140	FUN_1402f0140	46				
1402f0170	FUN_1402f0170	213				
1402f0250	FUN_1402f0250	453				
1402f0420	FUN_1402f0420	137				
1402f04b0	FUN_1402f04b0	153				
1402f0550	FUN_1402f0550	178				
1402f0610	FUN_1402f0610	123				
1402f0690	FUN_1402f0690	67				
1402f06e0	FUN_1402f06e0	46				
1402f0710	FUN_1402f0710	36				
1402f0740	FUN_1402f0740	172				
1402f07f0	FUN_1402f07f0	119				
1402f0870	FUN_1402f0870	1089				
1402f0cc0	FUN_1402f0cc0	355				
1402f0e30	FUN_1402f0e30	230				
1402f0f20	FUN_1402f0f20	46				
1402f0f50	FUN_1402f0f50	69				
1402f0fa0	FUN_1402f0fa0	192				
1402f1060	FUN_1402f1060	63				
1402f10a0	FUN_1402f10a0	220				
1402f1180	FUN_1402f1180	47				
1402f11b0	FUN_1402f11b0	126				
1402f1230	FUN_1402f1230	34				
1402f1260	FUN_1402f1260	110				
1402f12d0	FUN_1402f12d0	2039				
1402f1ad0	FUN_1402f1ad0	115				
1402f1b50	FUN_1402f1b50	82				
1402f1bb0	FUN_1402f1bb0	279				
1402f1cd0	FUN_1402f1cd0	145				
1402f1d70	FUN_1402f1d70	187				
1402f1e30	FUN_1402f1e30	342				
1402f1f90	FUN_1402f1f90	286				
1402f20b0	FUN_1402f20b0	141				
1402f2140	FUN_1402f2140	124				
1402f21c0	FUN_1402f21c0	31				
1402f21e0	FUN_1402f21e0	61				
1402f2220	FUN_1402f2220	532				
1402f2440	FUN_1402f2440	157				
1402f24e0	FUN_1402f24e0	80				
1402f2530	FUN_1402f2530	391				
1402f26c0	FUN_1402f26c0	19				
1402f26e0	FUN_1402f26e0	184				
1402f27a0	FUN_1402f27a0	920				
1402f2b40	FUN_1402f2b40	184				
1402f2c00	FUN_1402f2c00	1096				
1402f3050	FUN_1402f3050	196				
1402f3120	FUN_1402f3120	615				
1402f3390	FUN_1402f3390	771				
1402f36a0	FUN_1402f36a0	228				
1402f3790	FUN_1402f3790	54				
1402f37d0	FUN_1402f37d0	102				
1402f3840	FUN_1402f3840	154				
1402f38e0	FUN_1402f38e0	1389				
1402f3e50	FUN_1402f3e50	1172				
1402f42f0	FUN_1402f42f0	24				
1402f4310	FUN_1402f4310	20				
1402f4330	FUN_1402f4330	588				
1402f4580	FUN_1402f4580	846				
1402f48d0	FUN_1402f48d0	644				
1402f4b60	FUN_1402f4b60	19				
1402f4b80	FUN_1402f4b80	97				
1402f4bf0	FUN_1402f4bf0	182				
1402f4cb0	FUN_1402f4cb0	282				
1402f4dd0	FUN_1402f4dd0	143				
1402f4e60	FUN_1402f4e60	141				
1402f4ef0	FUN_1402f4ef0	123				
1402f4f70	FUN_1402f4f70	65				
1402f4fc0	FUN_1402f4fc0	18				
1402f4fe0	FUN_1402f4fe0	286				
1402f5100	FUN_1402f5100	69				
1402f5150	FUN_1402f5150	53				
1402f5190	FUN_1402f5190	69				
1402f51e0	FUN_1402f51e0	27				
1402f5200	FUN_1402f5200	65				
1402f5250	FUN_1402f5250	67				
1402f52a0	FUN_1402f52a0	44				
1402f52d0	FUN_1402f52d0	44				
1402f5300	FUN_1402f5300	370				
1402f5480	FUN_1402f5480	25				
1402f54a0	FUN_1402f54a0	4				
1402f54b0	FUN_1402f54b0	115				
1402f5530	FUN_1402f5530	108				
1402f55a0	FUN_1402f55a0	111				
1402f5610	FUN_1402f5610	589				
1402f58c0	FUN_1402f58c0	162				
1402f5970	FUN_1402f5970	162				
1402f5a20	FUN_1402f5a20	147				
1402f5ac0	FUN_1402f5ac0	153				
1402f5b60	FUN_1402f5b60	153				
1402f5c00	FUN_1402f5c00	65				
1402f5c50	FUN_1402f5c50	62				
1402f5c90	FUN_1402f5c90	83				
1402f5cf0	FUN_1402f5cf0	120				
1402f5d70	FUN_1402f5d70	243				
1402f5e70	FUN_1402f5e70	441				
1402f6030	FUN_1402f6030	166				
1402f60e0	FUN_1402f60e0	154				
1402f6180	FUN_1402f6180	410				
1402f6320	FUN_1402f6320	1249				
1402f6810	FUN_1402f6810	423				
1402f69c0	FUN_1402f69c0	199				
1402f6a90	FUN_1402f6a90	511				
1402f6c90	FUN_1402f6c90	94				
1402f6cf0	FUN_1402f6cf0	264				
1402f6e00	FUN_1402f6e00	168				
1402f6eb0	FUN_1402f6eb0	61				
1402f6ef0	FUN_1402f6ef0	184				
1402f6fb0	FUN_1402f6fb0	196				
1402f7080	FUN_1402f7080	283				
1402f71a0	FUN_1402f71a0	93				
1402f7200	FUN_1402f7200	972				
1402f75d0	FUN_1402f75d0	118				
1402f7650	FUN_1402f7650	130				
1402f76e0	FUN_1402f76e0	28				
1402f7700	FUN_1402f7700	28				
1402f7720	FUN_1402f7720	99				
1402f7790	FUN_1402f7790	39				
1402f77c0	FUN_1402f77c0	153				
1402f7860	FUN_1402f7860	130				
1402f78f0	FUN_1402f78f0	19				
1402f7910	FUN_1402f7910	30				
1402f7930	FUN_1402f7930	305				
1402f7a70	FUN_1402f7a70	148				
1402f7b10	FUN_1402f7b10	896				
1402f7e90	FUN_1402f7e90	130				
1402f7f20	FUN_1402f7f20	105				
1402f7f90	FUN_1402f7f90	10				
1402f7fa0	FUN_1402f7fa0	67				
1402f7ff0	FUN_1402f7ff0	185				
1402f80b0	FUN_1402f80b0	126				
1402f8130	FUN_1402f8130	41				
1402f8160	FUN_1402f8160	128				
1402f81e0	FUN_1402f81e0	182				
1402f82a0	FUN_1402f82a0	2716				
1402f8d40	FUN_1402f8d40	260				
1402f8e60	FUN_1402f8e60	181				
1402f8f20	FUN_1402f8f20	87				
1402f8f80	FUN_1402f8f80	118				
1402f9000	FUN_1402f9000	255				
1402f9100	FUN_1402f9100	21				
1402f9120	FUN_1402f9120	32				
1402f9140	FUN_1402f9140	113				
1402f91c0	FUN_1402f91c0	440				
1402f93c0	FUN_1402f93c0	39				
1402f9420	FUN_1402f9420	819				
1402f9760	FUN_1402f9760	76				
1402f97b0	FUN_1402f97b0	521				
1402f99c0	FUN_1402f99c0	433				
1402f9b80	FUN_1402f9b80	313				
1402f9cc0	FUN_1402f9cc0	214				
1402f9da0	FUN_1402f9da0	697				
1402fa060	FUN_1402fa060	691				
1402fa320	FUN_1402fa320	237				
1402fa410	FUN_1402fa410	68				
1402fa460	FUN_1402fa460	527				
1402fa670	FUN_1402fa670	34				
1402fa6a0	FUN_1402fa6a0	207				
1402fa770	FUN_1402fa770	184				
1402fa830	FUN_1402fa830	440				
1402fa9f0	FUN_1402fa9f0	477				
1402fabd0	FUN_1402fabd0	1172				
1402fb0a0	FUN_1402fb0a0	390				
1402fb230	FUN_1402fb230	95				
1402fb290	FUN_1402fb290	40				
1402fb2c0	FUN_1402fb2c0	449			Map	
1402fb490	FUN_1402fb490	46				
1402fb4c0	FUN_1402fb4c0	37			Unmap	
1402fb4f0	FUN_1402fb4f0	99				
1402fb560	FUN_1402fb560	66				
1402fb670	FUN_1402fb670	65				
1402fb780	FUN_1402fb780	1645				
1402fbdf0	FUN_1402fbdf0	747				
1402fc0e0	FUN_1402fc0e0	554				
1402fc370	FUN_1402fc370	3				
1402fc380	FUN_1402fc380	232				
1402fc470	FUN_1402fc470	384				
1402fc5f0	FUN_1402fc5f0	70				
1402fc640	FUN_1402fc640	110				
1402fc6b0	FUN_1402fc6b0	557				
1402fc910	FUN_1402fc910	144				
1402fc9a0	FUN_1402fc9a0	316				
1402fcae0	FUN_1402fcae0	63				
1402fcb20	FUN_1402fcb20	631				
1402fcda0	FUN_1402fcda0	209				
1402fce80	FUN_1402fce80	467				
1402fd060	FUN_1402fd060	1250				
1402fd550	FUN_1402fd550	423				
1402fd700	FUN_1402fd700	1583				
1402fdd30	FUN_1402fdd30	190				
1402fddf0	FUN_1402fddf0	661				
1402fe090	FUN_1402fe090	277				
1402fe1b0	FUN_1402fe1b0	1150				
1402fe640	FUN_1402fe640	860				
1402fe9a0	FUN_1402fe9a0	456				
1402feb70	FUN_1402feb70	126				
1402febf0	FUN_1402febf0	956				
1402fefb0	FUN_1402fefb0	219				
1402ff090	FUN_1402ff090	380				
1402ff210	FUN_1402ff210	97				
1402ff280	FUN_1402ff280	97				
1402ff2f0	FUN_1402ff2f0	135				
1402ff380	FUN_1402ff380	135				
1402ff410	FUN_1402ff410	575				
1402ff660	FUN_1402ff660	586				
1402ff8b0	FUN_1402ff8b0	1195				
1402ffd60	FUN_1402ffd60	323				
1402ffeb0	FUN_1402ffeb0	1991				
140300680	FUN_140300680	422				
140300830	FUN_140300830	255				
140300940	FUN_140300940	129				
1403009d0	FUN_1403009d0	125				
140300a50	FUN_140300a50	737				
140300d40	FUN_140300d40	3041				
140301930	FUN_140301930	586				
140301b80	FUN_140301b80	1121				
140301ff0	FUN_140301ff0	2362				
140302930	FUN_140302930	508				
140302b30	FUN_140302b30	91				
140302b90	FUN_140302b90	91				
140302bf0	FUN_140302bf0	2972				
140303790	FUN_140303790	872				
140303b00	FUN_140303b00	1038				
140303f10	FUN_140303f10	417				
1403040c0	FUN_1403040c0	425				
140304270	FUN_140304270	536				
140304490	FUN_140304490	518				
1403046a0	FUN_1403046a0	1677				
140304d30	FUN_140304d30	530				
140304f50	FUN_140304f50	385				
1403050e0	FUN_1403050e0	414				
140305280	FUN_140305280	87				
1403052e0	FUN_1403052e0	87				
140305340	FUN_140305340	515				
140305550	FUN_140305550	1040				
140305960	FUN_140305960	424				
140305b10	FUN_140305b10	1100				
140305f60	FUN_140305f60	853				
1403062c0	FUN_1403062c0	195				
140306390	FUN_140306390	916				
140306730	FUN_140306730	180				
1403067f0	FUN_1403067f0	1294				
140306d00	FUN_140306d00	278				
140306f00	FUN_140306f00	322				
140307050	FUN_140307050	72				
1403070a0	FUN_1403070a0	298				
1403071d0	FUN_1403071d0	508				
1403073d0	FUN_1403073d0	1633				
140307a40	FUN_140307a40	248				
140307b40	FUN_140307b40	266				
140307c50	FUN_140307c50	64				
140307c90	FUN_140307c90	45				
140307ce0	FUN_140307ce0	358				
140307e50	FUN_140307e50	1423				
1403083e0	FUN_1403083e0	566				
140308620	FUN_140308620	575				
140308860	FUN_140308860	212				
140308940	FUN_140308940	71				
140308a10	FUN_140308a10	612				
140308c80	FUN_140308c80	207				
140308d50	FUN_140308d50	72				
140308da0	FUN_140308da0	52				
140308de0	FUN_140308de0	371				
140308f60	FUN_140308f60	82				
140308fc0	FUN_140308fc0	305				
1403091b0	FUN_1403091b0	109				
140309220	FUN_140309220	355				
1403093a0	FUN_1403093a0	53				
1403093e0	FUN_1403093e0	162				
140309490	FUN_140309490	172				
140309540	FUN_140309540	127				
140309660	FUN_140309660	336				
1403097b0	FUN_1403097b0	346				
140309910	FUN_140309910	113				
140309990	FUN_140309990	787				
140309cb0	FUN_140309cb0	704				
140309f70	FUN_140309f70	561				
14030a1b0	FUN_14030a1b0	420				
14030a360	FUN_14030a360	598				
14030a5c0	FUN_14030a5c0	670				
14030a860	FUN_14030a860	417				
14030aa10	FUN_14030aa10	494				
14030ac00	FUN_14030ac00	416				
14030ada0	FUN_14030ada0	423				
14030af50	FUN_14030af50	422				
14030b100	FUN_14030b100	214				
14030b1e0	FUN_14030b1e0	177				
14030b2a0	FUN_14030b2a0	148				
14030b340	FUN_14030b340	60				
14030b380	FUN_14030b380	77				
14030b440	FUN_14030b440	68				
14030b680	FUN_14030b680	94				
14030b6f0	FUN_14030b6f0	546				
14030b920	FUN_14030b920	624				
14030bb90	FUN_14030bb90	217				
14030bc70	FUN_14030bc70	1209				
14030c1d0	FUN_14030c1d0	970				
14030c5a0	FUN_14030c5a0	464				
14030c770	FUN_14030c770	594				
14030c9d0	FUN_14030c9d0	1082				
14030ce10	FUN_14030ce10	8908				
14030f330	FUN_14030f330	580				
14030f580	FUN_14030f580	2897				
1403100e0	FUN_1403100e0	60				
140310120	FUN_140310120	80				
140310180	FUN_140310180	575				
1403103c0	FUN_1403103c0	18				
1403103e0	FUN_1403103e0	226				
1403104d0	FUN_1403104d0	819				
140310830	FUN_140310830	722				
140310b10	FUN_140310b10	1031				
140310f20	FUN_140310f20	426				
1403110d0	FUN_1403110d0	660				
140311370	FUN_140311370	357				
1403114e0	FUN_1403114e0	370				
140311660	FUN_140311660	470				
140311840	FUN_140311840	709				
140311b10	FUN_140311b10	467				
140311cf0	FUN_140311cf0	684				
140311fa0	FUN_140311fa0	3261				
140312c60	FUN_140312c60	453				
140312e30	FUN_140312e30	452				
140313020	FUN_140313020	378				
1403131a0	FUN_1403131a0	1536				
1403137a0	FUN_1403137a0	374				
140313920	FUN_140313920	414				
140313ac0	FUN_140313ac0	265				
140313bd0	FUN_140313bd0	434				
140313d90	FUN_140313d90	567				
140313fd0	FUN_140313fd0	2174				
140314850	FUN_140314850	282				
140314970	FUN_140314970	1052				
140314d90	FUN_140314d90	526				
140314fa0	FUN_140314fa0	578				
1403151f0	FUN_1403151f0	117				
140315270	FUN_140315270	158				
140315310	FUN_140315310	142				
1403153a0	FUN_1403153a0	1346				
1403158f0	FUN_1403158f0	517				
140315b00	FUN_140315b00	79				
140315b70	FUN_140315b70	128				
140315bf0	FUN_140315bf0	645				
140315e80	FUN_140315e80	194				
140315f50	FUN_140315f50	474				
140316130	FUN_140316130	1308				
1403166d0	FUN_1403166d0	814				
140316a10	FUN_140316a10	182				
140316ad0	FUN_140316ad0	337				
140316c80	FUN_140316c80	201				
140316d50	FUN_140316d50	375				
140316ed0	FUN_140316ed0	444				
140317090	FUN_140317090	308				
1403171d0	FUN_1403171d0	142				
140317260	FUN_140317260	38				
140317290	FUN_140317290	76				
140317330	FUN_140317330	6				
1403173e0	FUN_1403173e0	2147				
140317db0	FUN_140317db0	416				
140317f50	FUN_140317f50	685				
140318200	FUN_140318200	604				
140318460	FUN_140318460	418				
140318610	FUN_140318610	38				
140318650	FUN_140318650	320				
140318790	FUN_140318790	1124				
140318c00	FUN_140318c00	866				
140318f70	FUN_140318f70	1564				
140319590	FUN_140319590	84				
1403195f0	FUN_1403195f0	1093				
140319a40	FUN_140319a40	542				
140319c60	FUN_140319c60	1556				
14031a280	FUN_14031a280	88				
14031a2e0	FUN_14031a2e0	546				
14031a510	FUN_14031a510	587				
14031a760	FUN_14031a760	200				
14031a850	FUN_14031a850	155				
14031a8f0	FUN_14031a8f0	195				
14031a9c0	FUN_14031a9c0	911				
14031ad50	FUN_14031ad50	492				
14031af40	FUN_14031af40	132				
14031afd0	FUN_14031afd0	330				
14031b140	FUN_14031b140	251				
14031b260	FUN_14031b260	603				
14031b4c0	FUN_14031b4c0	202				
14031b590	FUN_14031b590	68				
14031b5e0	FUN_14031b5e0	609				
14031b900	FUN_14031b900	103				
14031b970	FUN_14031b970	43				
14031b9e0	FUN_14031b9e0	444				
14031bba0	FUN_14031bba0	180				
14031bc60	FUN_14031bc60	676				
14031bf10	FUN_14031bf10	362				
14031c080	FUN_14031c080	86				
14031c0e0	FUN_14031c0e0	2544				
14031cad0	FUN_14031cad0	126				
14031cb60	FUN_14031cb60	240				
14031cc50	FUN_14031cc50	228				
14031cd40	FUN_14031cd40	264				
14031ce60	FUN_14031ce60	302				
14031cf90	FUN_14031cf90	373				
14031d110	FUN_14031d110	142				
14031d1a0	FUN_14031d1a0	149				
14031d240	FUN_14031d240	177				
14031d480	FUN_14031d480	100				
14031d4f0	FUN_14031d4f0	1055				
14031d910	FUN_14031d910	154				
14031d9b0	FUN_14031d9b0	125				
14031da30	FUN_14031da30	130				
14031dac0	FUN_14031dac0	120				
14031db40	FUN_14031db40	81				
14031dba0	FUN_14031dba0	246				
14031dca0	FUN_14031dca0	78				
14031dcf0	FUN_14031dcf0	817				
14031e030	FUN_14031e030	324				
14031e180	FUN_14031e180	784				
14031e490	FUN_14031e490	1032				
14031e8a0	FUN_14031e8a0	686				
14031eb50	FUN_14031eb50	1744				
14031f220	FUN_14031f220	94				
14031f280	FUN_14031f280	103				
14031f2f0	FUN_14031f2f0	461				
14031f4c0	FUN_14031f4c0	171				
14031f570	FUN_14031f570	519				
14031f780	FUN_14031f780	63				
14031f7c0	FUN_14031f7c0	396				
14031f950	FUN_14031f950	473				
14031fb30	FUN_14031fb30	417				
14031fce0	FUN_14031fce0	135				
14031fd70	FUN_14031fd70	193				
14031fe40	FUN_14031fe40	98				
14031feb0	FUN_14031feb0	893				
140320230	FUN_140320230	928				
140320650	FUN_140320650	2884				
1403211a0	FUN_1403211a0	209				
140321280	FUN_140321280	828				
1403215c0	FUN_1403215c0	176				
140321670	FUN_140321670	1275				
140321b70	FUN_140321b70	285				
140321c90	FUN_140321c90	127				
140321d10	FUN_140321d10	79				
140321d60	FUN_140321d60	117				
140321de0	FUN_140321de0	157				
140321e80	FUN_140321e80	135				
140321f10	FUN_140321f10	661				
1403221b0	FUN_1403221b0	466				
140322390	FUN_140322390	1118				
1403227f0	FUN_1403227f0	368				
140322960	FUN_140322960	222				
140322a40	FUN_140322a40	71				
140322b30	FUN_140322b30	55				
140322b80	FUN_140322b80	309				
140322cc0	FUN_140322cc0	690				
140322f80	FUN_140322f80	429				
140323130	FUN_140323130	1240				
140323610	FUN_140323610	493				
140323800	FUN_140323800	1053				
140323c20	FUN_140323c20	1057				
140324050	FUN_140324050	1113				
1403244b0	FUN_1403244b0	336				
140324600	FUN_140324600	584				
140324850	FUN_140324850	80				
1403248a0	FUN_1403248a0	124				
140324920	FUN_140324920	710				
140324cc0	FUN_140324cc0	195				
140324d90	FUN_140324d90	93				
140324e30	FUN_140324e30	156				
140324ee0	FUN_140324ee0	503				
1403250e0	FUN_1403250e0	129				
140325170	FUN_140325170	213				
140325250	FUN_140325250	399				
1403253e0	FUN_1403253e0	190				
1403254a0	FUN_1403254a0	104				
140325510	FUN_140325510	153				
1403255b0	FUN_1403255b0	684				
140325860	FUN_140325860	542				
140325a80	FUN_140325a80	1556				
1403260d0	FUN_1403260d0	638				
140326350	FUN_140326350	771				
140326660	FUN_140326660	410				
140326800	FUN_140326800	1566				
140326e20	FUN_140326e20	1474				
1403273f0	FUN_1403273f0	844				
140327740	FUN_140327740	413				
1403278e0	FUN_1403278e0	66				
140327930	FUN_140327930	100				
1403279a0	FUN_1403279a0	98				
140327a10	FUN_140327a10	63				
140327a50	FUN_140327a50	187				
140327b10	FUN_140327b10	441				
140327cf0	FUN_140327cf0	56				
140327d30	FUN_140327d30	138				
140327dd0	FUN_140327dd0	301				
140327f00	FUN_140327f00	1097				
140328350	FUN_140328350	1147				
1403287d0	FUN_1403287d0	1197				
140328c80	FUN_140328c80	903				
140329010	FUN_140329010	542				
140329230	FUN_140329230	436				
140329470	FUN_140329470	62				
1403294b0	FUN_1403294b0	889				
140329830	FUN_140329830	79				
140329880	FUN_140329880	232				
140329970	FUN_140329970	576				
140329c30	FUN_140329c30	1902				
14032a3a0	FUN_14032a3a0	126				
14032a420	FUN_14032a420	220				
14032a560	FUN_14032a560	175				
14032a610	FUN_14032a610	378				
14032a790	FUN_14032a790	466				
14032a970	FUN_14032a970	76				
14032a9c0	FUN_14032a9c0	217				
14032aaa0	FUN_14032aaa0	679				
14032ad50	FUN_14032ad50	78				
14032ade0	FUN_14032ade0	3				
14032adf0	FUN_14032adf0	130				
14032ae80	FUN_14032ae80	447				
14032b040	FUN_14032b040	519				
14032b250	FUN_14032b250	729				
14032b530	FUN_14032b530	149				
14032b5d0	FUN_14032b5d0	554				
14032b800	FUN_14032b800	888				
14032bb80	FUN_14032bb80	984				
14032bf60	FUN_14032bf60	1093	ERAGE_WIDTH			
14032c3b0	FUN_14032c3b0	624				
14032c640	FUN_14032c640	126				
14032c6c0	FUN_14032c6c0	149				
14032c760	FUN_14032c760	200				
14032c830	FUN_14032c830	2316	ERAGE_WIDTH;ERAGE_WIDTH_14043ff70;LT_CHAR;LT_CHAR_1404409f8			
14032d140	FUN_14032d140	71				
14032d190	FUN_14032d190	204				
14032d260	FUN_14032d260	347				
14032d3c0	FUN_14032d3c0	208				
14032d4c0	FUN_14032d4c0	169				
14032d570	FUN_14032d570	822				
14032d8b0	FUN_14032d8b0	156				
14032d950	FUN_14032d950	188				
14032da10	FUN_14032da10	116				
14032da90	FUN_14032da90	127				
14032db10	FUN_14032db10	476				
14032dcf0	FUN_14032dcf0	840				
14032e040	FUN_14032e040	426				
14032e1f0	FUN_14032e1f0	128				
14032e270	FUN_14032e270	1610				
14032e8c0	FUN_14032e8c0	394				
14032ea50	FUN_14032ea50	1444				
14032f040	FUN_14032f040	494				
14032f230	FUN_14032f230	70				
14032f2a0	FUN_14032f2a0	102				
14032f310	FUN_14032f310	35				
14032f340	FUN_14032f340	1374				
14032f950	FUN_14032f950	194				
14032fa20	FUN_14032fa20	257				
14032fb40	FUN_14032fb40	99				
14032fbb0	FUN_14032fbb0	91				
14032fc10	FUN_14032fc10	391				
14032fda0	FUN_14032fda0	453				
14032ff70	FUN_14032ff70	685				
140330220	FUN_140330220	1599				
140330880	FUN_140330880	350				
140330a40	FUN_140330a40	335				
140330c00	FUN_140330c00	382				
140330d80	FUN_140330d80	132				
140330e80	FUN_140330e80	196				
140330fb0	FUN_140330fb0	129				
140331040	FUN_140331040	173				
1403310f0	FUN_1403310f0	129				
140331180	FUN_140331180	323				
1403312d0	FUN_1403312d0	189				
140331390	FUN_140331390	212				
140331470	FUN_140331470	72				
1403314c0	FUN_1403314c0	134				
140331550	FUN_140331550	286				
140331670	FUN_140331670	113				
1403316f0	FUN_1403316f0	207				
1403317c0	FUN_1403317c0	465				
1403319a0	FUN_1403319a0	619				
140331c90	FUN_140331c90	966				
140332180	FUN_140332180	366				
1403322f0	FUN_1403322f0	121				
140332370	FUN_140332370	1046				
140332790	FUN_140332790	364				
140332900	FUN_140332900	285				
140332a40	FUN_140332a40	155				
140332ae0	FUN_140332ae0	161				
140332c70	FUN_140332c70	78				
140332cc0	FUN_140332cc0	79				
140332d30	FUN_140332d30	284				
140332e50	FUN_140332e50	633				
1403330d0	FUN_1403330d0	145				
140333170	FUN_140333170	565				
1403333f0	FUN_1403333f0	497				
1403335f0	FUN_1403335f0	752				
140333900	FUN_140333900	128				
140333980	FUN_140333980	100				
1403339f0	FUN_1403339f0	111				
140333a60	FUN_140333a60	119				
140333ae0	FUN_140333ae0	218				
140333bc0	FUN_140333bc0	1268				
1403340c0	FUN_1403340c0	312				
140334200	FUN_140334200	95				
140334260	FUN_140334260	28				
140334280	FUN_140334280	587				
1403344d0	FUN_1403344d0	584				
140334720	FUN_140334720	849				
140334a80	FUN_140334a80	554				
140334cb0	FUN_140334cb0	874				
140335020	FUN_140335020	78				
140335070	FUN_140335070	253				
140335170	FUN_140335170	123				
1403351f0	FUN_1403351f0	112				
140335260	FUN_140335260	591				
1403354b0	FUN_1403354b0	552				
1403356e0	FUN_1403356e0	529				
140335900	FUN_140335900	272				
140335a10	FUN_140335a10	429				
140335bc0	FUN_140335bc0	160				
140335c60	FUN_140335c60	175				
140335d10	FUN_140335d10	571				
140335f50	FUN_140335f50	717				
140336220	FUN_140336220	2311				
140336b30	FUN_140336b30	520				
140336d40	FUN_140336d40	243				
140336e40	FUN_140336e40	18243				
14033bea0	FUN_14033bea0	85				
14033bf00	FUN_14033bf00	76				
14033bf50	FUN_14033bf50	73				
14033c030	FUN_14033c030	207				
14033c100	FUN_14033c100	152				
14033c1a0	FUN_14033c1a0	340				
14033c310	FUN_14033c310	226				
14033c450	FUN_14033c450	378				
14033c5d0	FUN_14033c5d0	151				
14033c670	FUN_14033c670	129				
14033c700	FUN_14033c700	786				
14033ca20	FUN_14033ca20	1076				
14033cef0	FUN_14033cef0	183				
14033d060	FUN_14033d060	85				
14033d200	FUN_14033d200	435				
14033d3c0	FUN_14033d3c0	378				
14033d540	FUN_14033d540	178				
14033d600	FUN_14033d600	333				
14033d750	FUN_14033d750	1537				
14033dd60	FUN_14033dd60	113				
14033dde0	FUN_14033dde0	503				
14033dfe0	FUN_14033dfe0	155				
14033e080	FUN_14033e080	237				
14033e170	FUN_14033e170	158				
14033e210	FUN_14033e210	147				
14033e2b0	FUN_14033e2b0	126				
14033e330	FUN_14033e330	211				
14033e410	FUN_14033e410	503				
14033e610	FUN_14033e610	631				
14033e890	FUN_14033e890	468				
14033ea70	FUN_14033ea70	289				
14033ebe0	FUN_14033ebe0	731				
14033eec0	FUN_14033eec0	184				
14033ef80	FUN_14033ef80	135				
14033f010	FUN_14033f010	374				
14033f190	FUN_14033f190	843				
14033f4e0	FUN_14033f4e0	654				
14033f770	FUN_14033f770	616				
14033f9e0	FUN_14033f9e0	1109				
14033fe40	FUN_14033fe40	220				
14033ff20	FUN_14033ff20	486				
140340110	FUN_140340110	764				
140340450	FUN_140340450	90				
1403404d0	FUN_1403404d0	397				
140340680	FUN_140340680	197				
1403407a0	FUN_1403407a0	187				
140340880	FUN_140340880	743				
140340b70	FUN_140340b70	289				
140340ca0	FUN_140340ca0	317				
140340e20	FUN_140340e20	229				
140340f90	FUN_140340f90	207				
1403410e0	FUN_1403410e0	477				
1403412c0	FUN_1403412c0	26				
1403412e0	FUN_1403412e0	112				
140341390	FUN_140341390	461				
140341560	FUN_140341560	26				
140341580	FUN_140341580	112				
140341630	FUN_140341630	53				
1403416b0	FUN_1403416b0	949				
140341a90	FUN_140341a90	177				
140341b50	FUN_140341b50	209				
140341c30	FUN_140341c30	200				
140341d00	FUN_140341d00	331				
140341e50	FUN_140341e50	863				
1403421b0	FUN_1403421b0	76				
140342270	FUN_140342270	593				
1403424d0	FUN_1403424d0	190				
140342590	FUN_140342590	70				
1403425e0	FUN_1403425e0	97				
140342650	FUN_140342650	159				
1403426f0	FUN_1403426f0	891				
140342a70	FUN_140342a70	192				
140342b30	FUN_140342b30	131				
140342bc0	FUN_140342bc0	70				
140342c10	FUN_140342c10	223				
140342cf0	FUN_140342cf0	346				
140342e50	FUN_140342e50	70				
140342ea0	FUN_140342ea0	1342				
1403433e0	FUN_1403433e0	2654				
140343e40	FUN_140343e40	665				
1403440e0	FUN_1403440e0	583				
140344330	FUN_140344330	890				
1403446b0	FUN_1403446b0	49				
140344700	FUN_140344700	723				
1403449e0	FUN_1403449e0	629				
140344c60	FUN_140344c60	1222				
140345130	FUN_140345130	135				
1403451c0	FUN_1403451c0	339				
140345320	FUN_140345320	235				
140345410	FUN_140345410	1213				
1403458d0	FUN_1403458d0	216				
1403459b0	FUN_1403459b0	545				
140345be0	FUN_140345be0	322				
140345d30	FUN_140345d30	1187				
1403461e0	FUN_1403461e0	1263				
1403466d0	FUN_1403466d0	68				
1403467c0	FUN_1403467c0	372				
140346940	FUN_140346940	68				
140346990	FUN_140346990	737				
140346c80	FUN_140346c80	275				
140346da0	FUN_140346da0	145				
140346e40	FUN_140346e40	553				
140347090	FUN_140347090	549				
1403472c0	FUN_1403472c0	574				
140347500	FUN_140347500	114				
140347580	FUN_140347580	123				
140347600	FUN_140347600	524				
140347810	FUN_140347810	189				
1403479d0	FUN_1403479d0	71				
140347a20	FUN_140347a20	288				
140347b40	FUN_140347b40	186				
140347c00	FUN_140347c00	376				
140347d80	FUN_140347d80	136				
140347e30	FUN_140347e30	179				
140347f70	FUN_140347f70	599				
1403482b0	FUN_1403482b0	446				
1403484c0	FUN_1403484c0	1151				
140348940	FUN_140348940	465				
140348b20	FUN_140348b20	680				
140348dd0	FUN_140348dd0	456				
140348fc0	FUN_140348fc0	481				
1403491b0	FUN_1403491b0	275				
1403492d0	FUN_1403492d0	217				
1403493b0	FUN_1403493b0	283				
1403494d0	FUN_1403494d0	514				
1403496e0	FUN_1403496e0	459				
1403498b0	FUN_1403498b0	698				
140349bb0	FUN_140349bb0	86				
140349c10	FUN_140349c10	6955				
14034b740	FUN_14034b740	1983				
14034bf60	FUN_14034bf60	638				
14034c1e0	FUN_14034c1e0	39				
14034c210	FUN_14034c210	485				
14034c400	FUN_14034c400	275				
14034c520	FUN_14034c520	476				
14034c700	FUN_14034c700	224				
14034c7e0	FUN_14034c7e0	158				
14034c880	FUN_14034c880	155				
14034c920	FUN_14034c920	71				
14034c970	FUN_14034c970	102				
14034c9e0	FUN_14034c9e0	146				
14034ca80	FUN_14034ca80	258				
14034cb90	FUN_14034cb90	227				
14034cc80	FUN_14034cc80	1282				
14034d190	FUN_14034d190	283				
14034d2b0	FUN_14034d2b0	334				
14034d400	FUN_14034d400	703				
14034d6c0	FUN_14034d6c0	479				
14034d8a0	FUN_14034d8a0	593				
14034db00	FUN_14034db00	33				
14034db30	FUN_14034db30	150				
14034dbd0	FUN_14034dbd0	158				
14034dc70	FUN_14034dc70	579				
14034dec0	FUN_14034dec0	816				
14034e260	FUN_14034e260	456				
14034e430	FUN_14034e430	440				
14034e5f0	FUN_14034e5f0	1270				
14034eb40	FUN_14034eb40	1608				
14034f190	FUN_14034f190	67				
14034f1e0	FUN_14034f1e0	39				
14034f210	FUN_14034f210	32				
14034f230	FUN_14034f230	35				
14034f260	FUN_14034f260	524				
14034f470	FUN_14034f470	76				
14034f4e0	FUN_14034f4e0	88				
14034f560	FUN_14034f560	70				
14034f5b0	FUN_14034f5b0	1195				
14034fac0	FUN_14034fac0	137				
14034fb50	FUN_14034fb50	382				
14034fcd0	FUN_14034fcd0	681				
14034ff80	FUN_14034ff80	414				
140350120	FUN_140350120	656				
1403503b0	FUN_1403503b0	781				
1403506c0	FUN_1403506c0	129				
140350750	FUN_140350750	522				
1403509a0	FUN_1403509a0	537				
140350bc0	FUN_140350bc0	326				
140350d10	FUN_140350d10	32				
140350d30	FUN_140350d30	469				
140350f10	FUN_140350f10	362				
140351080	FUN_140351080	496				
140351270	FUN_140351270	602				
1403514d0	FUN_1403514d0	840				
140351820	FUN_140351820	954				
140351be0	FUN_140351be0	355				
140351d60	FUN_140351d60	167				
140351e10	FUN_140351e10	183				
140351ed0	FUN_140351ed0	195				
140351fa0	FUN_140351fa0	366				
140352110	FUN_140352110	260				
140352220	FUN_140352220	374				
1403523a0	FUN_1403523a0	486				
140352800	FUN_140352800	237				
1403528f0	FUN_1403528f0	201				
1403529f0	FUN_1403529f0	582				
140352c40	FUN_140352c40	479				
140352e20	FUN_140352e20	986				
140353200	FUN_140353200	161				
1403532b0	FUN_1403532b0	215				
140353390	FUN_140353390	406				
140353530	FUN_140353530	245				
140353630	FUN_140353630	3621				
140354460	FUN_140354460	639				
1403546e0	FUN_1403546e0	430				
140354890	FUN_140354890	656				
140354b20	FUN_140354b20	616				
140354d90	FUN_140354d90	1250				
140355280	FUN_140355280	1583				
1403558c0	FUN_1403558c0	567				
140355b00	FUN_140355b00	1546				
140356110	FUN_140356110	597				
140356370	FUN_140356370	216				
140356450	FUN_140356450	479				
140356630	FUN_140356630	610				
1403568a0	FUN_1403568a0	734				
140356b90	FUN_140356b90	54				
140356bd0	FUN_140356bd0	137				
140356c60	FUN_140356c60	278				
140356d80	FUN_140356d80	165				
140356e30	FUN_140356e30	86				
140356ea0	FUN_140356ea0	303				
140356fd0	FUN_140356fd0	686				
140357280	FUN_140357280	1206				
140357740	FUN_140357740	915				
140357ae0	FUN_140357ae0	242				
140357be0	FUN_140357be0	23				
140357c00	FUN_140357c00	366				
140357d70	FUN_140357d70	160				
140357e10	FUN_140357e10	292				
140357f40	FUN_140357f40	235				
140358030	FUN_140358030	326				
140358180	thunk_FUN_1402f7f90	5				
140358190	FUN_140358190	99				
140358210	FUN_140358210	269				
140359b30	FUN_140359b30	246				
140359c30	FUN_140359c30	1214				
14035a0f0	FUN_14035a0f0	1341				
14035a630	FUN_14035a630	531				
14035a850	FUN_14035a850	366				
14035a9c0	FUN_14035a9c0	203				
14035aaa0	FUN_14035aaa0	352				
14035ac00	FUN_14035ac00	970				
14035afd0	FUN_14035afd0	208				
14035b0a0	FUN_14035b0a0	212				
14035b180	FUN_14035b180	160				
14035b220	FUN_14035b220	424				
14035b400	FUN_14035b400	173				
14035b4c0	FUN_14035b4c0	171				
14035b570	FUN_14035b570	263				
14035b680	FUN_14035b680	612				
14035b900	FUN_14035b900	597				
14035bb60	FUN_14035bb60	495				
14035bd50	FUN_14035bd50	195				
14035be20	FUN_14035be20	336				
14035bf80	FUN_14035bf80	3609				
14035cdf0	FUN_14035cdf0	559				
14035d060	FUN_14035d060	287				
14035d1b0	FUN_14035d1b0	74				
14035d200	FUN_14035d200	2636				
14035dc50	FUN_14035dc50	980				
14035e030	FUN_14035e030	505				
14035e230	FUN_14035e230	206				
14035e300	FUN_14035e300	405				
14035e4a0	FUN_14035e4a0	112				
14035e520	FUN_14035e520	82				
14035e580	FUN_14035e580	182				
14035e640	FUN_14035e640	489				
14035e830	FUN_14035e830	347				
14035e990	FUN_14035e990	384				
14035eb10	FUN_14035eb10	96				
14035eb70	FUN_14035eb70	185				
14035ec30	FUN_14035ec30	154				
14035ecd0	FUN_14035ecd0	511				
14035eed0	FUN_14035eed0	96				
14035ef30	FUN_14035ef30	70				
14035ef80	FUN_14035ef80	196				
14035f050	FUN_14035f050	1005				
14035f460	FUN_14035f460	230				
14035f550	FUN_14035f550	235				
14035f650	FUN_14035f650	143				
14035f6e0	FUN_14035f6e0	259				
14035f840	FUN_14035f840	4				
14035f850	FUN_14035f850	202				
14035f930	FUN_14035f930	202				
14035fa00	FUN_14035fa00	315				
14035fb40	FUN_14035fb40	315				
14035fca0	FUN_14035fca0	307				
14035fde0	FUN_14035fde0	310				
14035ff20	FUN_14035ff20	549				
140360150	FUN_140360150	565				
140360390	FUN_140360390	106				
140360400	FUN_140360400	106				
140360480	FUN_140360480	174				
140360550	FUN_140360550	128				
140360640	FUN_140360640	375				
140360900	FUN_140360900	202				
140360a00	FUN_140360a00	151				
140360aa0	FUN_140360aa0	252				
140360ba0	FUN_140360ba0	863				
140360f00	FUN_140360f00	269				
140361010	FUN_140361010	58				
140361050	FUN_140361050	266				
140361160	FUN_140361160	415				
140361300	FUN_140361300	32				
140361320	FUN_140361320	1795				
140361a30	FUN_140361a30	652				
140361cc0	FUN_140361cc0	308				
140361e00	FUN_140361e00	396				
140361f90	FUN_140361f90	373				
140362110	FUN_140362110	201				
1403621e0	FUN_1403621e0	201				
1403622b0	FUN_1403622b0	370				
140362430	FUN_140362430	413				
1403625d0	FUN_1403625d0	461				
1403627a0	FUN_1403627a0	222				
140362880	FUN_140362880	352				
1403629e0	FUN_1403629e0	194				
140362ab0	FUN_140362ab0	326				
140362c00	FUN_140362c00	416				
140362da0	FUN_140362da0	484				
140362f90	FUN_140362f90	491				
140363180	FUN_140363180	425				
140363330	FUN_140363330	479				
140363510	FUN_140363510	529				
140363730	FUN_140363730	570				
140363970	FUN_140363970	699				
140363c30	FUN_140363c30	521				
140363e40	FUN_140363e40	494				
140364030	FUN_140364030	539				
140364250	FUN_140364250	401				
1403643f0	FUN_1403643f0	663				
140364690	FUN_140364690	384				
140364810	FUN_140364810	340				
140364970	FUN_140364970	413				
140364b10	FUN_140364b10	329				
140364c60	FUN_140364c60	314				
140364da0	FUN_140364da0	291				
140364ed0	FUN_140364ed0	140				
140364f60	FUN_140364f60	267				
140365070	FUN_140365070	178				
140365130	FUN_140365130	303				
140365260	FUN_140365260	111				
1403652d0	FUN_1403652d0	1252				
1403657c0	FUN_1403657c0	351				
140365920	FUN_140365920	1129				
140365d90	FUN_140365d90	1120				
1403661f0	FUN_1403661f0	1095				
140366640	FUN_140366640	977				
140366a20	FUN_140366a20	598				
140366c80	FUN_140366c80	857				
140366fe0	FUN_140366fe0	700				
1403672a0	FUN_1403672a0	1056				
1403676c0	FUN_1403676c0	504				
1403678c0	FUN_1403678c0	427				
140367a70	FUN_140367a70	495				
140367c60	FUN_140367c60	449				
140367e30	FUN_140367e30	433				
140367ff0	FUN_140367ff0	350				
140368150	FUN_140368150	273				
140368270	FUN_140368270	436				
140368430	FUN_140368430	282				
140368550	FUN_140368550	425				
140368700	FUN_140368700	247				
140368800	FUN_140368800	492				
1403689f0	FUN_1403689f0	748				
140368ce0	FUN_140368ce0	535				
140368f00	FUN_140368f00	686				
1403691b0	FUN_1403691b0	535				
1403693d0	FUN_1403693d0	922				
140369770	FUN_140369770	1140				
140369bf0	FUN_140369bf0	783				
140369f00	FUN_140369f00	858				
14036a260	FUN_14036a260	690				
14036a520	FUN_14036a520	836				
14036a870	FUN_14036a870	1363				
14036add0	FUN_14036add0	463				
14036afa0	FUN_14036afa0	466				
14036b180	FUN_14036b180	446				
14036b340	FUN_14036b340	463				
14036b510	FUN_14036b510	480				
14036b6f0	FUN_14036b6f0	526				
14036b900	FUN_14036b900	123				
14036b980	FUN_14036b980	1782				
14036c080	FUN_14036c080	1969				
14036c980	FUN_14036c980	387				
14036cb30	FUN_14036cb30	2047				
14036d340	FUN_14036d340	1523				
14036d940	FUN_14036d940	1844				
14036e080	FUN_14036e080	219				
14036e180	FUN_14036e180	2913				
14036ecf0	FUN_14036ecf0	247				
14036edf0	FUN_14036edf0	236				
14036eee0	FUN_14036eee0	236				
14036efd0	FUN_14036efd0	232				
14036f0c0	FUN_14036f0c0	230				
14036f1b0	FUN_14036f1b0	536				
14036f3d0	FUN_14036f3d0	429				
14036f580	FUN_14036f580	188				
14036f640	FUN_14036f640	468				
14036f820	FUN_14036f820	441				
14036f9e0	FUN_14036f9e0	290				
14036fb10	FUN_14036fb10	184				
14036fbd0	FUN_14036fbd0	197				
14036fca0	FUN_14036fca0	793				
14036fff0	FUN_14036fff0	628				
140370270	FUN_140370270	229				
140370360	FUN_140370360	1227				
140370860	FUN_140370860	370				
1403709e0	FUN_1403709e0	612				
140370c50	FUN_140370c50	516				
140370e60	FUN_140370e60	662				
140371100	FUN_140371100	566				
140371340	FUN_140371340	511				
140371540	FUN_140371540	596				
1403717a0	FUN_1403717a0	596				
140371a00	FUN_140371a00	583				
140371c50	FUN_140371c50	588				
140371ea0	FUN_140371ea0	508				
1403720a0	FUN_1403720a0	1597				
1403726e0	FUN_1403726e0	118				
140372760	FUN_140372760	425				
140372910	FUN_140372910	1301				
140372e30	FUN_140372e30	1327				
140373360	FUN_140373360	326				
1403734b0	FUN_1403734b0	336				
140373600	FUN_140373600	386				
140373790	FUN_140373790	196				
140373860	FUN_140373860	179				
140373920	FUN_140373920	179				
1403739e0	FUN_1403739e0	179				
140373aa0	FUN_140373aa0	179				
140373b60	FUN_140373b60	175				
140373c10	FUN_140373c10	174				
140373cc0	FUN_140373cc0	176				
140373d70	FUN_140373d70	176				
140373e20	FUN_140373e20	282				
140373f40	FUN_140373f40	413				
1403740e0	FUN_1403740e0	376				
140374260	FUN_140374260	174				
140374310	FUN_140374310	177				
1403743d0	FUN_1403743d0	402				
140374570	FUN_140374570	263				
140374680	FUN_140374680	220				
140374760	FUN_140374760	196				
140374830	FUN_140374830	349				
140374990	FUN_140374990	210				
140374a70	FUN_140374a70	194				
140374b40	FUN_140374b40	254				
140374c40	FUN_140374c40	252				
140374d40	FUN_140374d40	218				
140374e20	FUN_140374e20	176				
140374ed0	FUN_140374ed0	186				
140374f90	FUN_140374f90	355				
140375100	FUN_140375100	356				
140375270	FUN_140375270	231				
140375360	FUN_140375360	372				
1403754e0	FUN_1403754e0	280				
140375600	FUN_140375600	342				
140375760	FUN_140375760	194				
140375830	FUN_140375830	587				
140375aa0	FUN_140375aa0	303				
140375bd0	FUN_140375bd0	225				
140375cc0	FUN_140375cc0	784				
140375fd0	FUN_140375fd0	657				
140376270	FUN_140376270	498				
140376470	FUN_140376470	498				
140376670	FUN_140376670	732				
140376950	FUN_140376950	670				
140376bf0	FUN_140376bf0	670				
140376e90	FUN_140376e90	367				
140377000	FUN_140377000	599				
140377260	FUN_140377260	424				
140377410	FUN_140377410	774				
140377740	FUN_140377740	1026				
140377b70	FUN_140377b70	680				
140377e20	FUN_140377e20	567				
140378060	FUN_140378060	637				
140378310	FUN_140378310	183				
1403783d0	FUN_1403783d0	758				
1403786f0	FUN_1403786f0	1528				
140378d70	FUN_140378d70	888				
1403790f0	FUN_1403790f0	625				
140379370	FUN_140379370	626				
1403795f0	FUN_1403795f0	626				
140379870	FUN_140379870	445				
140379a30	FUN_140379a30	476				
140379c10	FUN_140379c10	675				
140379ec0	FUN_140379ec0	481				
14037a0b0	FUN_14037a0b0	3442				
14037aeb0	FUN_14037aeb0	1177				
14037b370	FUN_14037b370	513				
14037b580	FUN_14037b580	532				
14037b7a0	FUN_14037b7a0	1475				
14037bd90	FUN_14037bd90	645				
14037c020	FUN_14037c020	471				
14037c200	FUN_14037c200	446				
14037c3e0	FUN_14037c3e0	81				
14037c440	FUN_14037c440	592				
14037c690	FUN_14037c690	592				
14037c8e0	FUN_14037c8e0	2940				
14037d460	FUN_14037d460	3051				
14037e050	FUN_14037e050	5104				
14037f440	FUN_14037f440	4796				
140380700	FUN_140380700	3579				
140381500	FUN_140381500	3579				
140382300	FUN_140382300	3101				
140382f20	FUN_140382f20	2494				
1403838e0	FUN_1403838e0	2542				
1403842d0	FUN_1403842d0	2379				
140384c20	FUN_140384c20	3226				
1403858c0	FUN_1403858c0	2939				
140386440	FUN_140386440	546				
140386670	FUN_140386670	749				
140386970	FUN_140386970	195				
140386a40	FUN_140386a40	635				
140386cc0	FUN_140386cc0	159				
140386d60	FUN_140386d60	159				
140386e00	FUN_140386e00	159				
140386ea0	FUN_140386ea0	145				
140386f40	FUN_140386f40	496				
140387140	FUN_140387140	66				
1403871a0	FUN_1403871a0	38				
1403871d0	FUN_1403871d0	35				
140387200	FUN_140387200	162				
1403872b0	FUN_1403872b0	159				
140387350	FUN_140387350	114				
1403873d0	FUN_1403873d0	114				
140387450	FUN_140387450	121				
1403874d0	FUN_1403874d0	108				
140387540	FUN_140387540	108				
1403875b0	FUN_1403875b0	115				
140387630	FUN_140387630	4561				
140388810	FUN_140388810	5059				
140389be0	FUN_140389be0	2029				
14038a3d0	FUN_14038a3d0	74				
14038a420	FUN_14038a420	512				
14038a620	FUN_14038a620	555				
14038a850	FUN_14038a850	425				
14038ac70	FUN_14038ac70	538				
14038ae90	FUN_14038ae90	125				
14038af10	FUN_14038af10	101				
14038af80	FUN_14038af80	129				
14038b010	FUN_14038b010	251				
14038b110	FUN_14038b110	397				
14038b2a0	FUN_14038b2a0	422				
14038b450	FUN_14038b450	345				
14038b5b0	FUN_14038b5b0	490				
14038b7a0	FUN_14038b7a0	196				
14038b870	FUN_14038b870	480				
14038ba50	FUN_14038ba50	157				
14038baf0	FUN_14038baf0	179				
14038bbb0	FUN_14038bbb0	47				
14038bbe0	FUN_14038bbe0	330				
14038bd30	FUN_14038bd30	606				
14038bf90	FUN_14038bf90	330				
14038c0e0	FUN_14038c0e0	606				
14038c340	FUN_14038c340	215				
14038c420	FUN_14038c420	511				
14038c620	FUN_14038c620	435				
14038c7e0	FUN_14038c7e0	488				
14038c9d0	FUN_14038c9d0	1156				
14038ce60	FUN_14038ce60	701				
14038d120	FUN_14038d120	742				
14038d410	FUN_14038d410	363				
14038d580	FUN_14038d580	485				
14038d770	FUN_14038d770	1030				
14038db80	FUN_14038db80	158				
14038dc20	FUN_14038dc20	155				
14038dcc0	FUN_14038dcc0	550				
14038def0	FUN_14038def0	522				
14038e100	FUN_14038e100	305				
14038e240	FUN_14038e240	295				
14038e370	FUN_14038e370	306				
14038e4b0	FUN_14038e4b0	167				
14038e560	FUN_14038e560	152				
14038e600	FUN_14038e600	1212				
14038eac0	FUN_14038eac0	1212				
14038ef80	FUN_14038ef80	3504				
14038fd40	FUN_14038fd40	3009				
140390910	FUN_140390910	415				
140390ac0	FUN_140390ac0	1751				
1403911a0	FUN_1403911a0	489				
140391390	FUN_140391390	1121				
140391800	FUN_140391800	942				
140391bb0	FUN_140391bb0	1187				
140392060	FUN_140392060	1400				
1403925e0	FUN_1403925e0	657				
140392880	FUN_140392880	467				
140392a60	FUN_140392a60	648				
140392cf0	FUN_140392cf0	688				
140392fa0	FUN_140392fa0	467				
140393180	FUN_140393180	1716				
140393840	FUN_140393840	1213				
140393d00	FUN_140393d00	1119				
140394160	FUN_140394160	427				
140394310	FUN_140394310	186				
1403943d0	FUN_1403943d0	246				
1403944d0	FUN_1403944d0	908				
140394860	FUN_140394860	502				
140394a60	FUN_140394a60	487				
140394c50	FUN_140394c50	285				
140394db0	FUN_140394db0	732				
140395090	FUN_140395090	1335				
1403955d0	FUN_1403955d0	509				
1403957d0	FUN_1403957d0	242				
1403958d0	FUN_1403958d0	406				
140395a70	FUN_140395a70	783				
140395d80	FUN_140395d80	133				
140395e10	FUN_140395e10	208				
140395ee0	FUN_140395ee0	193				
140395fb0	FUN_140395fb0	91				
140396010	FUN_140396010	83				
140396070	FUN_140396070	94				
140396110	FUN_140396110	162				
1403961c0	FUN_1403961c0	54				
140396200	FUN_140396200	49				
140396240	FUN_140396240	49				
140396280	FUN_140396280	30				
1403962a0	FUN_1403962a0	371				
140396440	FUN_140396440	179				
140396500	FUN_140396500	137				
140396590	FUN_140396590	229				
140396680	FUN_140396680	285				
1403967a0	FUN_1403967a0	227				
140396890	FUN_140396890	179				
140396950	FUN_140396950	153				
1403969f0	FUN_1403969f0	479				
140396bd0	FUN_140396bd0	207				
140396ca0	FUN_140396ca0	155				
140396d40	FUN_140396d40	163				
140396df0	FUN_140396df0	56				
140396e30	FUN_140396e30	165				
140396ee0	FUN_140396ee0	41				
140396f10	FUN_140396f10	86				
140396f70	FUN_140396f70	49				
140396fb0	FUN_140396fb0	100				
140397060	FUN_140397060	145				
140397110	FUN_140397110	285				
140397240	FUN_140397240	94				
1403972a0	FUN_1403972a0	143				
140397330	FUN_140397330	186				
1403973f0	FUN_1403973f0	110				
140397460	FUN_140397460	118				
1403974e0	FUN_1403974e0	124				
140397560	FUN_140397560	84				
1403975d0	FUN_1403975d0	114				
140397650	FUN_140397650	22				
1403976a0	FUN_1403976a0	187				
140397760	FUN_140397760	61				
1403977a0	FUN_1403977a0	211				
140397880	FUN_140397880	134				
140397910	FUN_140397910	297				
140397a40	FUN_140397a40	315				
140397b80	FUN_140397b80	713				
140397e50	FUN_140397e50	114				
140397ed0	FUN_140397ed0	151				
140397f70	FUN_140397f70	151				
140398010	FUN_140398010	237				
140398100	FUN_140398100	234				
1403981f0	FUN_1403981f0	234				
1403982e0	FUN_1403982e0	151				
140398380	FUN_140398380	151				
140398420	FUN_140398420	237				
140398510	FUN_140398510	237				
140398600	FUN_140398600	151				
1403986a0	FUN_1403986a0	159				
140398740	FUN_140398740	237				
140398830	FUN_140398830	234				
140398920	FUN_140398920	237				
140398a10	FUN_140398a10	234				
140398b00	FUN_140398b00	148				
140398ba0	FUN_140398ba0	151				
140398c40	FUN_140398c40	234				
140398d30	FUN_140398d30	79				
140398d80	FUN_140398d80	140				
140398e10	FUN_140398e10	296				
140398f40	FUN_140398f40	231				
140399030	FUN_140399030	310				
140399170	FUN_140399170	100				
1403991e0	FUN_1403991e0	140				
140399270	FUN_140399270	140				
140399300	FUN_140399300	154				
1403993a0	FUN_1403993a0	113				
140399420	FUN_140399420	386				
1403995b0	FUN_1403995b0	368				
140399720	FUN_140399720	67				
140399770	FUN_140399770	52				
1403997b0	FUN_1403997b0	189				
140399870	FUN_140399870	66				
1403998c0	FUN_1403998c0	110				
140399930	FUN_140399930	597				
140399b90	FUN_140399b90	358				
140399d00	FUN_140399d00	13				
140399d10	FUN_140399d10	13				
140399d20	FUN_140399d20	9				
140399d30	FUN_140399d30	318				
140399e70	FUN_140399e70	208				
140399f40	FUN_140399f40	173				
140399ff0	FUN_140399ff0	9				
14039a000	FUN_14039a000	6				
14039a010	FUN_14039a010	18				
14039a030	FUN_14039a030	46				
14039a060	FUN_14039a060	33				
14039a090	FUN_14039a090	6				
14039a098	FUN_14039a098	9				
14039a0b0	FUN_14039a0b0	42				
14039a0e0	FUN_14039a0e0	42				
14039a110	FUN_14039a110	42				
14039a140	FUN_14039a140	42				
14039a16c	FUN_14039a16c	9				
14039a180	FUN_14039a180	184				
14039a240	FUN_14039a240	125				
14039a2e0	FUN_14039a2e0	328				
14039a430	FUN_14039a430	610				
14039a6a0	FUN_14039a6a0	466				
14039a880	FUN_14039a880	165				
14039a930	FUN_14039a930	130				
14039a9c0	FUN_14039a9c0	167				
14039aa70	FUN_14039aa70	123				
14039aaf0	FUN_14039aaf0	281				
14039ac10	FUN_14039ac10	332				
14039ad60	FUN_14039ad60	63				
14039ada0	FUN_14039ada0	705				
14039b070	FUN_14039b070	1206				
14039b530	FUN_14039b530	662				
14039b7d0	FUN_14039b7d0	35				
14039b800	FUN_14039b800	130				
14039b890	FUN_14039b890	146				
14039b930	FUN_14039b930	386				
14039bac0	FUN_14039bac0	538			Map;Unmap	
14039bd30	FUN_14039bd30	576				
14039bf70	FUN_14039bf70	430				
14039c120	FUN_14039c120	35				
14039c150	FUN_14039c150	420				
14039c300	FUN_14039c300	1411				
14039c890	FUN_14039c890	635				
14039cbb0	FUN_14039cbb0	150				
14039cc50	FUN_14039cc50	228				
14039cd40	FUN_14039cd40	263				
14039ce50	FUN_14039ce50	113				
14039ced0	FUN_14039ced0	348				
14039d030	FUN_14039d030	637				
14039d2d0	FUN_14039d2d0	271				
14039d3e0	FUN_14039d3e0	328				
14039d540	FUN_14039d540	47				
14039d570	FUN_14039d570	395				
14039d700	FUN_14039d700	198				
14039d7d0	FUN_14039d7d0	864				
14039db30	FUN_14039db30	153				
14039dbd0	FUN_14039dbd0	210				
14039dcb0	FUN_14039dcb0	250				
14039ddb0	FUN_14039ddb0	3469				
14039ecf0	FUN_14039ecf0	301				
14039ee40	FUN_14039ee40	352				
14039efb0	FUN_14039efb0	41			Unmap	
14039efe0	FUN_14039efe0	106				
14039f050	FUN_14039f050	1272				
14039f550	FUN_14039f550	930				
14039f930	FUN_14039f930	3078				
1403a05d0	FUN_1403a05d0	4572				
1403a1870	FUN_1403a1870	424				
1403a1a20	FUN_1403a1a20	409				
1403a1bc0	FUN_1403a1bc0	220				
1403a1ca0	FUN_1403a1ca0	373				
1403a1e20	FUN_1403a1e20	382				
1403a1fa0	FUN_1403a1fa0	384				
1403a2120	FUN_1403a2120	376				
1403a22a0	FUN_1403a22a0	591				
1403a24f0	FUN_1403a24f0	131				
1403a2580	FUN_1403a2580	282				
1403a26a0	FUN_1403a26a0	332				
1403a27f0	FUN_1403a27f0	167				
1403a28a0	FUN_1403a28a0	170				
1403a2950	FUN_1403a2950	72				
1403a29a0	FUN_1403a29a0	52				
1403a29e0	FUN_1403a29e0	169				
1403a2a90	FUN_1403a2a90	85				
1403a2af0	FUN_1403a2af0	477				
1403a2cd0	FUN_1403a2cd0	228				
1403a2dc0	FUN_1403a2dc0	887				
1403a3140	FUN_1403a3140	170				
1403a31f0	FUN_1403a31f0	156				
1403a3290	FUN_1403a3290	178				
1403a3350	FUN_1403a3350	320				
1403a3490	FUN_1403a3490	513				
1403a36a0	FUN_1403a36a0	879				
1403a3a10	FUN_1403a3a10	881				
1403a3d90	FUN_1403a3d90	1132				
1403a4200	FUN_1403a4200	881				
1403a4580	FUN_1403a4580	279				
1403a46a0	FUN_1403a46a0	279				
1403a47c0	FUN_1403a47c0	316				
1403a4900	FUN_1403a4900	289				
1403a4a30	FUN_1403a4a30	289				
1403a4b60	FUN_1403a4b60	279				
1403a4c80	FUN_1403a4c80	289				
1403a4db0	FUN_1403a4db0	278				
1403a4ed0	FUN_1403a4ed0	289				
1403a5000	FUN_1403a5000	279				
1403a5120	FUN_1403a5120	289				
1403a5250	FUN_1403a5250	264				
1403a5360	FUN_1403a5360	449				
1403a5530	FUN_1403a5530	768				
1403a5830	FUN_1403a5830	698				
1403a5af0	FUN_1403a5af0	263				
1403a5c00	FUN_1403a5c00	185				
1403a5cc0	FUN_1403a5cc0	3253				
1403a6980	FUN_1403a6980	244				
1403a6a80	FUN_1403a6a80	1124				
1403a6ef0	FUN_1403a6ef0	1047				
1403a7310	FUN_1403a7310	1252				
1403a7800	FUN_1403a7800	1558				
1403a7e20	FUN_1403a7e20	1387				
1403a8390	FUN_1403a8390	183				
1403a8450	FUN_1403a8450	1467				
1403a8a10	FUN_1403a8a10	1562				
1403a9030	FUN_1403a9030	1671				
1403a96c0	FUN_1403a96c0	217				
1403a97a0	FUN_1403a97a0	430				
1403a9950	FUN_1403a9950	790				
1403a9c70	FUN_1403a9c70	1350				
1403aa1c0	FUN_1403aa1c0	536				
1403aa3e0	FUN_1403aa3e0	86				
1403aa440	FUN_1403aa440	2996				
1403ab000	FUN_1403ab000	538				
1403ab220	FUN_1403ab220	176				
1403ab2d0	FUN_1403ab2d0	182				
1403ab390	FUN_1403ab390	701				
1403ab650	FUN_1403ab650	781				
1403ab960	FUN_1403ab960	402				
1403abb00	FUN_1403abb00	232				
1403abbf0	FUN_1403abbf0	2686				
1403ac670	FUN_1403ac670	1018				
1403aca70	FUN_1403aca70	2085				
1403ad2a0	FUN_1403ad2a0	197				
1403ad370	FUN_1403ad370	263				
1403ad480	FUN_1403ad480	463				
1403ad650	FUN_1403ad650	466				
1403ad830	FUN_1403ad830	7792				
1403af6a0	FUN_1403af6a0	944				
1403afa50	FUN_1403afa50	1011				
1403afe50	FUN_1403afe50	1036				
1403b0260	FUN_1403b0260	700				
1403b0520	FUN_1403b0520	1885				
1403b0c80	FUN_1403b0c80	1097				
1403b10d0	FUN_1403b10d0	191				
1403b1190	FUN_1403b1190	815				
1403b14c0	FUN_1403b14c0	759				
1403b17c0	FUN_1403b17c0	499				
1403b19c0	FUN_1403b19c0	1285				
1403b1ed0	FUN_1403b1ed0	964				
1403b22a0	FUN_1403b22a0	301				
1403b23d0	FUN_1403b23d0	148				
1403b2470	FUN_1403b2470	165				
1403b2520	FUN_1403b2520	868				
1403b2890	FUN_1403b2890	964				
1403b2c60	FUN_1403b2c60	364				
1403b2dd0	FUN_1403b2dd0	403				
1403b2f70	FUN_1403b2f70	517				
1403b3180	FUN_1403b3180	166				
1403b3230	FUN_1403b3230	120				
1403b32d0	FUN_1403b32d0	306				
1403b3410	FUN_1403b3410	434				
1403b35d0	FUN_1403b35d0	129				
1403b3660	FUN_1403b3660	194				
1403b3730	FUN_1403b3730	97				
1403b37a0	FUN_1403b37a0	52				
1403b37e0	FUN_1403b37e0	97				
1403b3850	FUN_1403b3850	51				
1403b3940	FUN_1403b3940	50				
1403b3990	FUN_1403b3990	577				
1403b3be0	FUN_1403b3be0	309				
1403b3d20	FUN_1403b3d20	316				
1403b3e60	FUN_1403b3e60	182				
1403b3f20	FUN_1403b3f20	440				
1403b40e0	FUN_1403b40e0	448				
1403b42a0	FUN_1403b42a0	908				
1403b4630	FUN_1403b4630	590				
1403b4880	FUN_1403b4880	56				
1403b48c0	FUN_1403b48c0	494				
1403b4b60	FUN_1403b4b60	2405				
1403b54d0	FUN_1403b54d0	2839				
1403b5ff0	FUN_1403b5ff0	2106				
1403b6830	FUN_1403b6830	626				
1403b6ab0	FUN_1403b6ab0	611				
1403b6d20	FUN_1403b6d20	65				
1403b6d70	FUN_1403b6d70	706				
1403b70d0	FUN_1403b70d0	2142				
1403b7930	FUN_1403b7930	623				
1403b7ba0	FUN_1403b7ba0	110				
1403b7c10	FUN_1403b7c10	655				
1403b7ea0	FUN_1403b7ea0	655				
1403b8130	FUN_1403b8130	632				
1403b83b0	FUN_1403b83b0	655				
1403b8640	FUN_1403b8640	777				
1403b8950	FUN_1403b8950	710				
1403b8c20	FUN_1403b8c20	655				
1403b8eb0	FUN_1403b8eb0	710				
1403b9180	FUN_1403b9180	655				
1403b9410	FUN_1403b9410	649				
1403b96a0	FUN_1403b96a0	604				
1403b9900	FUN_1403b9900	459				
1403b9ad0	FUN_1403b9ad0	710				
1403b9da0	FUN_1403b9da0	735				
1403ba080	FUN_1403ba080	912				
1403ba410	FUN_1403ba410	604				
1403ba670	FUN_1403ba670	630				
1403ba8f0	FUN_1403ba8f0	378				
1403baa70	FUN_1403baa70	1239				
1403baf50	FUN_1403baf50	1146				
1403bb3d0	FUN_1403bb3d0	456				
1403bb5a0	FUN_1403bb5a0	865				
1403bb910	FUN_1403bb910	1017				
1403bbd10	FUN_1403bbd10	456				
1403bbee0	FUN_1403bbee0	583				
1403bc130	FUN_1403bc130	908				
1403bc4c0	FUN_1403bc4c0	867				
1403bc830	FUN_1403bc830	119				
1403bc8b0	FUN_1403bc8b0	155				
1403bc950	FUN_1403bc950	445				
1403bcb10	FUN_1403bcb10	442				
1403bccd0	FUN_1403bccd0	440				
1403bce90	FUN_1403bce90	440				
1403bd060	FUN_1403bd060	301				
1403bd190	FUN_1403bd190	682				
1403bd440	FUN_1403bd440	737				
1403bd7c0	FUN_1403bd7c0	47				
1403bd7f0	FUN_1403bd7f0	169				
1403bd8a0	FUN_1403bd8a0	92				
1403bd900	FUN_1403bd900	573				
1403bdb40	FUN_1403bdb40	178				
1403bdc00	FUN_1403bdc00	261				
1403bdd10	FUN_1403bdd10	367				
1403bde80	FUN_1403bde80	137				
1403bdf20	FUN_1403bdf20	413				
1403be0c0	FUN_1403be0c0	146				
1403be160	FUN_1403be160	735				
1403be440	FUN_1403be440	1972				
1403bec00	FUN_1403bec00	579				
1403bee50	FUN_1403bee50	234				
1403bef40	FUN_1403bef40	173				
1403beff0	FUN_1403beff0	199				
1403bf0c0	FUN_1403bf0c0	217				
1403bf1a0	FUN_1403bf1a0	271				
1403bf2b0	FUN_1403bf2b0	155				
1403bf350	FUN_1403bf350	257				
1403bf460	FUN_1403bf460	361				
1403bf5d0	FUN_1403bf5d0	330				
1403bf740	FUN_1403bf740	99				
1403bf7b0	FUN_1403bf7b0	312				
1403bf8f0	FUN_1403bf8f0	241				
1403bf9f0	FUN_1403bf9f0	2520				
1403c03e0	FUN_1403c03e0	221				
1403c04c0	FUN_1403c04c0	263				
1403c05d0	FUN_1403c05d0	360				
1403c0740	FUN_1403c0740	1292				
1403c0ca0	FUN_1403c0ca0	855				
1403c1030	FUN_1403c1030	918				
1403c13f0	FUN_1403c13f0	4976				
1403c27d0	FUN_1403c27d0	111				
1403c2840	FUN_1403c2840	404				
1403c29e0	FUN_1403c29e0	86				
1403c2a40	FUN_1403c2a40	1379				
1403c2fb0	FUN_1403c2fb0	197				
1403c3080	FUN_1403c3080	403				
1403c3220	FUN_1403c3220	284				
1403c3340	FUN_1403c3340	851				
1403c36a0	FUN_1403c36a0	851				
1403c3a00	FUN_1403c3a00	852				
1403c3d60	FUN_1403c3d60	852				
1403c40c0	FUN_1403c40c0	654				
1403c4350	FUN_1403c4350	732				
1403c4630	FUN_1403c4630	654				
1403c48c0	FUN_1403c48c0	654				
1403c4b50	FUN_1403c4b50	89				
1403c4be0	FUN_1403c4be0	100				
1403c4e30	FUN_1403c4e30	151				
1403c4ed0	FUN_1403c4ed0	151				
1403c4f70	FUN_1403c4f70	151				
1403c5010	FUN_1403c5010	237				
1403c5100	FUN_1403c5100	237				
1403c51f0	FUN_1403c51f0	167				
1403c52a0	FUN_1403c52a0	151				
1403c5340	FUN_1403c5340	234				
1403c5430	FUN_1403c5430	148				
1403c54d0	FUN_1403c54d0	151				
1403c5570	FUN_1403c5570	151				
1403c5610	FUN_1403c5610	151				
1403c56b0	FUN_1403c56b0	151				
1403c5750	FUN_1403c5750	237				
1403c5840	FUN_1403c5840	148				
1403c58e0	FUN_1403c58e0	194				
1403c59b0	FUN_1403c59b0	580				
1403c5c00	FUN_1403c5c00	580				
1403c5e50	FUN_1403c5e50	413				
1403c5ff0	FUN_1403c5ff0	86				
1403c6050	FUN_1403c6050	710				
1403c6320	FUN_1403c6320	451				
1403c64f0	FUN_1403c64f0	203				
1403c65c0	FUN_1403c65c0	247				
1403c66c0	FUN_1403c66c0	189				
1403c6780	FUN_1403c6780	266				
1403c6890	FUN_1403c6890	171				
1403c6940	FUN_1403c6940	484				
1403c6b30	FUN_1403c6b30	234				
1403c6c20	FUN_1403c6c20	188				
1403c6ce0	FUN_1403c6ce0	824				
1403c7020	FUN_1403c7020	208				
1403c70f0	FUN_1403c70f0	121				
1403c7170	FUN_1403c7170	211				
1403c7250	FUN_1403c7250	226				
1403c7340	FUN_1403c7340	275				
1403c7460	FUN_1403c7460	232				
1403c7550	FUN_1403c7550	251				
1403c7650	FUN_1403c7650	854				
1403c79b0	FUN_1403c79b0	183				
1403c7a70	FUN_1403c7a70	634				
1403c7cf0	FUN_1403c7cf0	373				
1403c7e70	FUN_1403c7e70	761				
1403c8170	FUN_1403c8170	427				
1403c8320	FUN_1403c8320	290				
1403c8450	FUN_1403c8450	627				
1403c86d0	FUN_1403c86d0	441				
1403c8890	FUN_1403c8890	276				
1403c89b0	FUN_1403c89b0	328				
1403c8b00	FUN_1403c8b00	470				
1403c8ce0	FUN_1403c8ce0	175				
1403c8d90	FUN_1403c8d90	295				
1403c8f50	FUN_1403c8f50	126				
1403c8fd0	FUN_1403c8fd0	139				
1403c9060	FUN_1403c9060	497				
1403c91d0	FUN_1403c91d0	100				
1403c9240	FUN_1403c9240	65				
1403c9290	FUN_1403c9290	411				
1403c9430	FUN_1403c9430	564				
1403c96a0	FUN_1403c96a0	476				
1403c9880	FUN_1403c9880	286				
1403c99a0	FUN_1403c99a0	1775				
1403ca090	FUN_1403ca090	1174				
1403ca530	FUN_1403ca530	611				
1403ca7a0	FUN_1403ca7a0	124				
1403ca820	FUN_1403ca820	493				
1403caa10	FUN_1403caa10	229				
1403cab00	FUN_1403cab00	197				
1403cabd0	FUN_1403cabd0	372				
1403cad50	FUN_1403cad50	452				
1403caf20	FUN_1403caf20	139				
1403cafb0	FUN_1403cafb0	514				
1403cb1c0	FUN_1403cb1c0	165				
1403cb270	FUN_1403cb270	185				
1403cb330	FUN_1403cb330	185				
1403cb3f0	FUN_1403cb3f0	323				
1403cb540	FUN_1403cb540	393				
1403cb6d0	FUN_1403cb6d0	393				
1403cb860	FUN_1403cb860	472				
1403cba40	FUN_1403cba40	871				
1403cbdb0	FUN_1403cbdb0	4				
1403cbdc0	FUN_1403cbdc0	104				
1403cbe30	FUN_1403cbe30	102				
1403cbea0	FUN_1403cbea0	86				
1403cbf00	FUN_1403cbf00	113				
1403cbf80	FUN_1403cbf80	131				
1403cc010	FUN_1403cc010	16				
1403cc020	FUN_1403cc020	2140				
1403cc880	FUN_1403cc880	5536				
1403cde20	FUN_1403cde20	382				
1403cdfa0	FUN_1403cdfa0	848				
1403ce2f0	FUN_1403ce2f0	186				
1403ce3b0	FUN_1403ce3b0	156				
1403ce450	FUN_1403ce450	129				
1403ce4e0	FUN_1403ce4e0	370				
1403ce660	FUN_1403ce660	241				
1403ce760	FUN_1403ce760	242				
1403ce860	FUN_1403ce860	411			DWriteCreateFactory	
1403cea00	FUN_1403cea00	162				
1403ceab0	FUN_1403ceab0	522				
1403cecc0	FUN_1403cecc0	115				
1403ced40	FUN_1403ced40	1087				
1403cf180	FUN_1403cf180	543				
1403cf3a0	FUN_1403cf3a0	68				
1403cf3f0	FUN_1403cf3f0	652				
1403cf680	FUN_1403cf680	652				
1403cf910	FUN_1403cf910	296				
1403cfa40	FUN_1403cfa40	296				
1403cfb70	FUN_1403cfb70	427				
1403cfd30	FUN_1403cfd30	5				
1403cfd40	FUN_1403cfd40	212				
1403cfe20	FUN_1403cfe20	249				
1403cff20	FUN_1403cff20	275				
1403d0040	FUN_1403d0040	100				
1403d00b0	FUN_1403d00b0	167				
1403d0160	FUN_1403d0160	167				
1403d0210	FUN_1403d0210	690				
1403d04d0	FUN_1403d04d0	125				
1403d0550	FUN_1403d0550	118				
1403d05d0	FUN_1403d05d0	237				
1403d06c0	FUN_1403d06c0	1107				
1403d0b20	FUN_1403d0b20	84				
1403d0b80	FUN_1403d0b80	64				
1403d0bc0	FUN_1403d0bc0	383				
1403d0d40	FUN_1403d0d40	76				
1403d0d90	FUN_1403d0d90	66				
1403d0de0	FUN_1403d0de0	747				
1403d10d0	FUN_1403d10d0	504				
1403d12d0	FUN_1403d12d0	714				
1403d15a0	FUN_1403d15a0	520				
1403d17b0	FUN_1403d17b0	218				
1403d1890	FUN_1403d1890	313				
1403d19d0	FUN_1403d19d0	481				
1403d1bc0	FUN_1403d1bc0	439				
1403d1d80	FUN_1403d1d80	250				
1403d1e80	FUN_1403d1e80	327				
1403d20a0	FUN_1403d20a0	111				
1403d2210	FUN_1403d2210	410				
1403d23b0	FUN_1403d23b0	411				
1403d2550	FUN_1403d2550	167				
1403d2600	FUN_1403d2600	740				
1403d28f0	FUN_1403d28f0	287				
1403d2a10	FUN_1403d2a10	568				
1403d2c50	FUN_1403d2c50	129				
1403d2ce0	FUN_1403d2ce0	190				
1403d2da0	FUN_1403d2da0	314				
1403d2ee0	FUN_1403d2ee0	508				
1403d30e0	FUN_1403d30e0	211				
1403d31c0	FUN_1403d31c0	167				
1403d3270	FUN_1403d3270	92				
1403d32d0	FUN_1403d32d0	1658				
1403d3950	FUN_1403d3950	674				
1403d3c00	FUN_1403d3c00	180				
1403d3cc0	FUN_1403d3cc0	538				
1403d3ee0	FUN_1403d3ee0	2910				
1403d4a40	FUN_1403d4a40	1133				
1403d4eb0	FUN_1403d4eb0	547				
1403d50e0	FUN_1403d50e0	573				
1403d5320	FUN_1403d5320	602				
1403d5580	FUN_1403d5580	133				
1403d5610	FUN_1403d5610	1518				
1403d5c00	FUN_1403d5c00	289				
1403d5d30	FUN_1403d5d30	1566				
1403d6350	FUN_1403d6350	3204				
1403d6fe0	FUN_1403d6fe0	78				
1403d7030	FUN_1403d7030	272				
1403d7140	FUN_1403d7140	275				
1403d7260	FUN_1403d7260	352				
1403d73c0	FUN_1403d73c0	846				
1403d7710	FUN_1403d7710	533				
1403d7930	FUN_1403d7930	828				
1403d7c70	FUN_1403d7c70	808				
1403d8090	FUN_1403d8090	2656				
1403d8af0	FUN_1403d8af0	1002				
1403d8ee0	FUN_1403d8ee0	392				
1403d9070	FUN_1403d9070	574				
1403d92b0	FUN_1403d92b0	1647				
1403d9920	FUN_1403d9920	424				
1403d9c20	FUN_1403d9c20	707				
1403d9ef0	FUN_1403d9ef0	512				
1403da0f0	FUN_1403da0f0	10167				
1403dc910	FUN_1403dc910	857				
1403dcc70	FUN_1403dcc70	94				
1403dccd0	FUN_1403dccd0	147				
1403dcd70	FUN_1403dcd70	48				
1403dcda0	FUN_1403dcda0	48				
1403dcdd0	FUN_1403dcdd0	99				
1403dce40	FUN_1403dce40	111				
1403dcfa0	FUN_1403dcfa0	101				
1403dd010	FUN_1403dd010	111				
1403dd090	FUN_1403dd090	132				
1403dd130	FUN_1403dd130	256				
1403dd260	FUN_1403dd260	104				
1403dd2d0	FUN_1403dd2d0	58				
1403dd310	FUN_1403dd310	44				
1403dd340	FUN_1403dd340	484				
1403dd530	FUN_1403dd530	938				
1403dd8e0	FUN_1403dd8e0	795				
1403ddc10	FUN_1403ddc10	666				
1403ddeb0	FUN_1403ddeb0	173				
1403ddf60	FUN_1403ddf60	507				
1403de160	FUN_1403de160	240				
1403de250	FUN_1403de250	268				
1403de360	FUN_1403de360	384				
1403de550	FUN_1403de550	386				
1403dea20	FUN_1403dea20	551				
1403dec50	FUN_1403dec50	626				
1403deed0	FUN_1403deed0	551				
1403df100	FUN_1403df100	551				
1403df330	FUN_1403df330	738				
1403df620	FUN_1403df620	438				
1403df7e0	FUN_1403df7e0	732				
1403dfac0	FUN_1403dfac0	856				
1403dfe20	FUN_1403dfe20	835				
1403e0170	FUN_1403e0170	812				
1403e04a0	FUN_1403e04a0	880				
1403e0810	FUN_1403e0810	751				
1403e0b00	FUN_1403e0b00	3173				
1403e1770	FUN_1403e1770	1491				
1403e1d50	FUN_1403e1d50	3134				
1403e2990	FUN_1403e2990	2668				
1403e3400	FUN_1403e3400	584				
1403e3650	FUN_1403e3650	125				
1403e36d0	FUN_1403e36d0	273				
1403e37f0	FUN_1403e37f0	727				
1403e3ad0	FUN_1403e3ad0	171				
1403e3b80	FUN_1403e3b80	251				
1403e3c80	FUN_1403e3c80	804				
1403e3fb0	FUN_1403e3fb0	4026				
1403e4f90	FUN_1403e4f90	324				
1403e50e0	FUN_1403e50e0	406				
1403e5280	FUN_1403e5280	647				
1403e5510	FUN_1403e5510	647				
1403e57a0	FUN_1403e57a0	518				
1403e59b0	FUN_1403e59b0	396				
1403e5bb0	FUN_1403e5bb0	261				
1403e5cc0	FUN_1403e5cc0	437				
1403e5e80	FUN_1403e5e80	507				
1403e60f0	FUN_1403e60f0	667				
1403e6390	FUN_1403e6390	299				
1403e64c0	FUN_1403e64c0	223				
1403e65a0	FUN_1403e65a0	855				
1403e6900	FUN_1403e6900	279				
1403e6a40	FUN_1403e6a40	292				
1403e6b70	FUN_1403e6b70	7				
1403e6b80	FUN_1403e6b80	7				
1403e6b90	FUN_1403e6b90	169				
1403e6c40	FUN_1403e6c40	266				
1403e6d50	FUN_1403e6d50	1580				
1403e7380	FUN_1403e7380	1580				
1403e79b0	FUN_1403e79b0	1413				
1403e7f40	FUN_1403e7f40	1413				
1403e84d0	FUN_1403e84d0	1413				
1403e8a60	FUN_1403e8a60	1413				
1403e8ff0	FUN_1403e8ff0	1413				
1403e9580	FUN_1403e9580	1413				
1403e9b10	FUN_1403e9b10	1413				
1403ea0a0	FUN_1403ea0a0	1448				
1403ea650	FUN_1403ea650	345				
1403ea7b0	FUN_1403ea7b0	523				
1403ea9c0	FUN_1403ea9c0	927				
1403ead60	FUN_1403ead60	272				
1403eae70	FUN_1403eae70	252				
1403eaf70	FUN_1403eaf70	128				
1403eaff0	FUN_1403eaff0	239				
1403eb0e0	FUN_1403eb0e0	1750				
1403eb7c0	FUN_1403eb7c0	1886				
1403ebf20	FUN_1403ebf20	282				
1403ec040	FUN_1403ec040	3				
1403ec050	FUN_1403ec050	29				
1403ec070	FUN_1403ec070	65				
1403ec0c0	FUN_1403ec0c0	71				
1403ec110	FUN_1403ec110	62				
1403ec150	FUN_1403ec150	118				
1403ec1d0	FUN_1403ec1d0	6				
1403ec1e0	FUN_1403ec1e0	147				
1403ec280	FUN_1403ec280	356				
1403ec3f0	FUN_1403ec3f0	317				
1403ec530	FUN_1403ec530	46				
1403ec560	FUN_1403ec560	156				
1403ec600	FUN_1403ec600	398				
1403ec790	FUN_1403ec790	323				
1403ec8e0	FUN_1403ec8e0	297				
1403eca10	FUN_1403eca10	300				
1403ecb40	FUN_1403ecb40	164				
1403ecbf0	FUN_1403ecbf0	681				
1403ecea0	FUN_1403ecea0	301				
1403ecfd0	FUN_1403ecfd0	140				
1403ed060	FUN_1403ed060	128				
1403ed0e0	FUN_1403ed0e0	710				
1403ed3b0	FUN_1403ed3b0	130				
1403ed440	FUN_1403ed440	130				
1403ed4d0	FUN_1403ed4d0	134				
1403ed560	FUN_1403ed560	365				
1403ed6d0	FUN_1403ed6d0	161				
1403ed780	FUN_1403ed780	668				
1403eda20	FUN_1403eda20	668				
1403edcc0	FUN_1403edcc0	664				
1403edf60	FUN_1403edf60	664				
1403ee200	FUN_1403ee200	493				
1403ee3f0	FUN_1403ee3f0	493				
1403ee5e0	FUN_1403ee5e0	609				
1403ee850	FUN_1403ee850	1577				
1403eee80	FUN_1403eee80	748				
1403ef170	FUN_1403ef170	449				
1403ef340	FUN_1403ef340	393				
1403ef4d0	FUN_1403ef4d0	305				
1403ef610	FUN_1403ef610	351				
1403ef770	FUN_1403ef770	377				
1403ef8f0	FUN_1403ef8f0	344				
1403efa50	FUN_1403efa50	457				
1403efc20	FUN_1403efc20	276				
1403efd40	FUN_1403efd40	383				
1403efec0	FUN_1403efec0	448				
1403f0080	FUN_1403f0080	457				
1403f0250	FUN_1403f0250	160				
1403f02f0	FUN_1403f02f0	376				
1403f0470	FUN_1403f0470	611				
1403f06e0	FUN_1403f06e0	269				
1403f07f0	FUN_1403f07f0	100				
1403f0860	FUN_1403f0860	280				
1403f0980	FUN_1403f0980	755				
1403f0c80	FUN_1403f0c80	122				
1403f0d00	FUN_1403f0d00	45				
1403f0d30	FUN_1403f0d30	704				
1403f0ff0	FUN_1403f0ff0	61				
1403f1030	FUN_1403f1030	930				
1403f13e0	FUN_1403f13e0	1254				
1403f18e0	FUN_1403f18e0	202				
1403f19b0	FUN_1403f19b0	403				
1403f1b50	FUN_1403f1b50	466				
1403f1da0	FUN_1403f1da0	1120				
1403f2200	FUN_1403f2200	771				
1403f2510	FUN_1403f2510	1697				
1403f2d10	FUN_1403f2d10	1554				
1403f3480	FUN_1403f3480	1608				
1403f3c20	FUN_1403f3c20	1370				
1403f42e0	FUN_1403f42e0	496				
1403f45d0	FUN_1403f45d0	1017				
1403f4a60	FUN_1403f4a60	300				
1403f4b90	FUN_1403f4b90	707				
1403f4e60	FUN_1403f4e60	553				
1403f5090	FUN_1403f5090	111				
1403f5100	FUN_1403f5100	402				
1403f52a0	FUN_1403f52a0	277				
1403f53c0	FUN_1403f53c0	277				
1403f54e0	FUN_1403f54e0	158				
1403f5580	FUN_1403f5580	156				
1403f5620	FUN_1403f5620	313				
1403f5760	FUN_1403f5760	153				
1403f5800	FUN_1403f5800	175				
1403f58b0	FUN_1403f58b0	46				
1403f58e0	FUN_1403f58e0	222				
1403f59c0	FUN_1403f59c0	260				
1403f5ad0	FUN_1403f5ad0	175				
1403f5b80	FUN_1403f5b80	306				
1403f5cc0	FUN_1403f5cc0	120				
1403f5d40	FUN_1403f5d40	98				
1403f5db0	FUN_1403f5db0	1076				
1403f61f0	FUN_1403f61f0	646				
1403f6480	FUN_1403f6480	1070				
1403f68b0	FUN_1403f68b0	1059				
1403f6ce0	FUN_1403f6ce0	179				
1403f6da0	FUN_1403f6da0	225				
1403f6e90	FUN_1403f6e90	129				
1403f6f20	FUN_1403f6f20	77				
1403f6f70	FUN_1403f6f70	340				
1403f70d0	FUN_1403f70d0	145				
1403f7170	FUN_1403f7170	690				
1403f7430	FUN_1403f7430	84				
1403f7490	FUN_1403f7490	112				
1403f7500	FUN_1403f7500	636				
1403f7780	FUN_1403f7780	304				
1403f78b0	FUN_1403f78b0	290				
1403f79e0	FUN_1403f79e0	587				
1403f7c30	FUN_1403f7c30	272				
1403f7d40	FUN_1403f7d40	236				
1403f7e30	FUN_1403f7e30	137				
1403f7ec0	FUN_1403f7ec0	230				
1403f7fb0	FUN_1403f7fb0	179				
1403f8070	FUN_1403f8070	1198				
1403f8520	FUN_1403f8520	167				
1403f85d0	FUN_1403f85d0	99				
1403f8640	FUN_1403f8640	129				
1403f86d0	FUN_1403f86d0	106				
1403f8740	FUN_1403f8740	217				
1403f8820	FUN_1403f8820	141				
1403f88b0	FUN_1403f88b0	430				
1403f8a60	FUN_1403f8a60	696				
1403f8d20	FUN_1403f8d20	125				
1403f8da0	FUN_1403f8da0	195				
1403f8e70	FUN_1403f8e70	276				
1403f8f90	FUN_1403f8f90	1065				
1403f93c0	FUN_1403f93c0	939				
1403f9770	FUN_1403f9770	1071				
1403f9ba0	FUN_1403f9ba0	926				
1403f9f40	FUN_1403f9f40	390				
1403fa0d0	FUN_1403fa0d0	511				
1403fa2d0	FUN_1403fa2d0	390				
1403fa460	FUN_1403fa460	488				
1403fa650	FUN_1403fa650	766				
1403fa950	FUN_1403fa950	477				
1403fab30	FUN_1403fab30	760				
1403fae30	FUN_1403fae30	863				
1403fb190	FUN_1403fb190	147				
1403fb230	FUN_1403fb230	576				
1403fb470	FUN_1403fb470	630				
1403fb6f0	FUN_1403fb6f0	915				
1403fba90	FUN_1403fba90	524				
1403fbca0	FUN_1403fbca0	379				
1403fbe20	FUN_1403fbe20	352				
1403fbf80	FUN_1403fbf80	763				
1403fc280	FUN_1403fc280	996				
1403fc670	FUN_1403fc670	606				
1403fc8d0	FUN_1403fc8d0	454				
1403fcaa0	FUN_1403fcaa0	454				
1403fcc70	FUN_1403fcc70	518				
1403fce80	FUN_1403fce80	996				
1403fd270	FUN_1403fd270	1129				
1403fd6e0	FUN_1403fd6e0	996				
1403fdad0	FUN_1403fdad0	710				
1403fdda0	FUN_1403fdda0	930				
1403fe170	FUN_1403fe170	914				
1403fe530	FUN_1403fe530	1215				
1403fea20	FUN_1403fea20	914				
1403fede0	FUN_1403fede0	456				
1403fefb0	FUN_1403fefb0	401				
1403ff150	FUN_1403ff150	422				
1403ff300	FUN_1403ff300	134				
1403ff390	FUN_1403ff390	134				
1403ff420	FUN_1403ff420	483				
1403ff610	FUN_1403ff610	753				
1403ff910	FUN_1403ff910	483				
1403ffb00	FUN_1403ffb00	1185				
1403fffb0	FUN_1403fffb0	1201				
140400470	FUN_140400470	943				
140400820	FUN_140400820	1052				
140400c40	FUN_140400c40	878				
140400fb0	FUN_140400fb0	565				
1404011f0	FUN_1404011f0	494				
1404013e0	FUN_1404013e0	484				
1404015d0	FUN_1404015d0	409				
140401770	FUN_140401770	466				
140401950	FUN_140401950	711				
140401c20	FUN_140401c20	618				
140401e90	FUN_140401e90	508				
140402090	FUN_140402090	526				
1404022a0	FUN_1404022a0	651				
140402530	FUN_140402530	449				
140402700	FUN_140402700	1041				
140402b50	FUN_140402b50	535				
140402d70	FUN_140402d70	774				
140403080	FUN_140403080	646				
140403310	FUN_140403310	484				
140403500	FUN_140403500	650				
140403790	FUN_140403790	160				
140403830	FUN_140403830	256				
140403930	FUN_140403930	635				
140403bb0	FUN_140403bb0	463				
140403d80	FUN_140403d80	424				
140403f30	FUN_140403f30	497				
140404130	FUN_140404130	395				
1404042c0	FUN_1404042c0	747				
1404045b0	FUN_1404045b0	179				
140404670	FUN_140404670	409				
140404810	FUN_140404810	395				
1404049a0	FUN_1404049a0	527				
140404bb0	FUN_140404bb0	595				
140404e10	FUN_140404e10	179				
140404ed0	FUN_140404ed0	238				
140404fc0	FUN_140404fc0	238				
1404050b0	FUN_1404050b0	238				
1404051a0	FUN_1404051a0	238				
140405290	FUN_140405290	134				
140405320	FUN_140405320	427				
1404054d0	FUN_1404054d0	398				
140405660	FUN_140405660	447				
140405820	FUN_140405820	486				
140405a10	FUN_140405a10	385				
140405ba0	FUN_140405ba0	530				
140405dc0	FUN_140405dc0	397				
140405f50	FUN_140405f50	563				
140406190	FUN_140406190	570				
1404063d0	FUN_1404063d0	500				
1404065d0	FUN_1404065d0	526				
1404067e0	FUN_1404067e0	462				
1404069b0	FUN_1404069b0	459				
140406b80	FUN_140406b80	800				
140406ea0	FUN_140406ea0	461				
140407070	FUN_140407070	334				
1404071c0	FUN_1404071c0	371				
140407340	FUN_140407340	341				
1404074a0	FUN_1404074a0	323				
1404075f0	FUN_1404075f0	333				
140407740	FUN_140407740	363				
1404078b0	FUN_1404078b0	338				
140407a10	FUN_140407a10	325				
140407b60	FUN_140407b60	339				
140407cc0	FUN_140407cc0	374				
140407e40	FUN_140407e40	341				
140407fa0	FUN_140407fa0	372				
140408120	FUN_140408120	370				
1404082a0	FUN_1404082a0	372				
140408420	FUN_140408420	330				
140408570	FUN_140408570	339				
1404086d0	FUN_1404086d0	374				
140408850	FUN_140408850	369				
1404089d0	FUN_1404089d0	341				
140408b30	FUN_140408b30	369				
140408cb0	FUN_140408cb0	339				
140408e10	FUN_140408e10	370				
140408f90	FUN_140408f90	370				
140409110	FUN_140409110	338				
140409270	FUN_140409270	345				
1404093d0	FUN_1404093d0	202				
1404094a0	FUN_1404094a0	213				
140409580	FUN_140409580	224				
140409660	FUN_140409660	231				
140409750	FUN_140409750	235				
140409840	FUN_140409840	234				
140409930	FUN_140409930	235				
140409a20	FUN_140409a20	235				
140409b10	FUN_140409b10	226				
140409c00	FUN_140409c00	226				
140409cf0	FUN_140409cf0	226				
140409de0	FUN_140409de0	347				
140409f40	FUN_140409f40	426				
14040a0f0	FUN_14040a0f0	271				
14040a200	FUN_14040a200	595				
14040a460	FUN_14040a460	248				
14040a560	FUN_14040a560	389				
14040a6f0	FUN_14040a6f0	256				
14040a7f0	FUN_14040a7f0	862				
14040ab50	FUN_14040ab50	862				
14040aeb0	FUN_14040aeb0	323				
14040b000	FUN_14040b000	432				
14040b1b0	FUN_14040b1b0	549				
14040b3e0	FUN_14040b3e0	124				
14040b460	FUN_14040b460	88				
14040b4c0	FUN_14040b4c0	192				
14040b580	FUN_14040b580	280				
14040b6a0	FUN_14040b6a0	280				
14040b7c0	FUN_14040b7c0	280				
14040b8e0	FUN_14040b8e0	483				
14040bad0	FUN_14040bad0	761				
14040bdf0	FUN_14040bdf0	164				
14040bea0	FUN_14040bea0	164				
14040bf50	FUN_14040bf50	117				
14040bfd0	FUN_14040bfd0	290				
14040c100	FUN_14040c100	297				
14040c230	FUN_14040c230	219				
14040c310	FUN_14040c310	245				
14040c410	FUN_14040c410	273				
14040c550	FUN_14040c550	710				
14040c820	FUN_14040c820	135				
14040c8b0	FUN_14040c8b0	80				
14040c900	FUN_14040c900	105				
14040c970	FUN_14040c970	292				
14040caa0	FUN_14040caa0	516				
14040ccb0	FUN_14040ccb0	837				
14040d000	FUN_14040d000	517				
14040d210	FUN_14040d210	647				
14040d4a0	FUN_14040d4a0	727				
14040d780	FUN_14040d780	1952				
14040df20	FUN_14040df20	1049				
14040e340	FUN_14040e340	1119				
14040e7a0	FUN_14040e7a0	786				
14040eac0	FUN_14040eac0	215				
14040eba0	FUN_14040eba0	353				
14040ed10	FUN_14040ed10	288				
14040ee30	FUN_14040ee30	184				
14040eef0	FUN_14040eef0	126				
14040ef70	FUN_14040ef70	224				
14040f050	FUN_14040f050	558				
14040f280	FUN_14040f280	142				
14040f310	FUN_14040f310	500				
14040f510	FUN_14040f510	3160				
140410170	FUN_140410170	1494				
140410750	FUN_140410750	3103				
140411370	FUN_140411370	2669				
140411de0	FUN_140411de0	835				
140412130	FUN_140412130	811				
140412460	FUN_140412460	880				
1404127d0	FUN_1404127d0	747				
140412ac0	FUN_140412ac0	738				
140412db0	FUN_140412db0	428				
140412f60	FUN_140412f60	732				
140413240	FUN_140413240	856				
1404135a0	FUN_1404135a0	260				
1404136b0	FUN_1404136b0	383				
140413830	FUN_140413830	165				
1404138e0	FUN_1404138e0	331				
140413a30	FUN_140413a30	173				
140413ae0	FUN_140413ae0	887				
140413e60	FUN_140413e60	67				
140413eb0	FUN_140413eb0	220				
140413f90	FUN_140413f90	442				
140414150	FUN_140414150	130				
1404141e0	thunk_FUN_14038a420	5				
1404141f0	thunk_FUN_14038a620	5				
140414200	FUN_140414200	631				
140414480	FUN_140414480	105				
1404144f0	FUN_1404144f0	115				
140414570	FUN_140414570	107				
1404145e0	FUN_1404145e0	154				
140414680	FUN_140414680	530				
1404148a0	FUN_1404148a0	15				
1404148b0	FUN_1404148b0	106				
140414920	FUN_140414920	4				
140414930	FUN_140414930	185				
1404149f0	FUN_1404149f0	813				
140414d20	FUN_140414d20	194				
140414df0	FUN_140414df0	116				
140414e70	FUN_140414e70	305				
140414fb0	FUN_140414fb0	278				
1404150d0	FUN_1404150d0	468				
1404152b0	FUN_1404152b0	835				
140415600	FUN_140415600	519				
140415810	FUN_140415810	360				
140415980	FUN_140415980	626				
140415c00	FUN_140415c00	12				
140415c10	FUN_140415c10	12				
140415c20	FUN_140415c20	350				
140415d80	FUN_140415d80	318				
140415ec0	FUN_140415ec0	272				
140415fd0	FUN_140415fd0	227				
1404160c0	FUN_1404160c0	847				
140416410	FUN_140416410	5				
140416420	FUN_140416420	32				
140416440	FUN_140416440	316				
140416580	FUN_140416580	912				
140416910	FUN_140416910	405				
140416ab0	FUN_140416ab0	443				
140416c70	FUN_140416c70	86				
140416cd0	FUN_140416cd0	150				
140416d70	FUN_140416d70	792				
140417090	FUN_140417090	518				
1404172a0	FUN_1404172a0	823				
1404175e0	FUN_1404175e0	89				
140417640	FUN_140417640	779				
140417950	FUN_140417950	272				
140417a60	FUN_140417a60	1181				
140417f00	FUN_140417f00	1688				
1404185a0	FUN_1404185a0	738				
140418890	FUN_140418890	198				
140418960	FUN_140418960	756				
140418c60	FUN_140418c60	454				
140418e30	FUN_140418e30	138				
140418ec0	FUN_140418ec0	107				
140418f30	FUN_140418f30	17				
140418f50	FUN_140418f50	21				
140418f70	FUN_140418f70	153				
140419010	FUN_140419010	23				
140419030	FUN_140419030	650				
1404192c0	FUN_1404192c0	444				
140419480	FUN_140419480	1378				
1404199f0	FUN_1404199f0	159				
140419a90	FUN_140419a90	273				
140419bb0	FUN_140419bb0	111				
140419c1f	RtlUnwind	6				
140419c30	FUN_140419c30	40				
140419c60	FUN_140419c60	318				
140419da0	FUN_140419da0	22				
140419dc0	FUN_140419dc0	473				
140419fa0	FUN_140419fa0	141				
14041a040	FUN_14041a040	631				
14041a2e0	FUN_14041a2e0	502				
14041a500	FUN_14041a500	183				
14041a5c0	FUN_14041a5c0	135				
14041a650	FUN_14041a650	803				
14041a9c0	FUN_14041a9c0	785				
14041ad10	FUN_14041ad10	155				
14041adb0	FUN_14041adb0	770				
14041b0d0	FUN_14041b0d0	722				
14041b3b0	FUN_14041b3b0	430				
14041b560	FUN_14041b560	323				
14041b6b0	FUN_14041b6b0	483				
14041b8a0	FUN_14041b8a0	119				
14041b920	FUN_14041b920	18				
14041b940	FUN_14041b940	140				
14041b9d0	FUN_14041b9d0	18				
14041b9f0	FUN_14041b9f0	174				
14041baa0	FUN_14041baa0	140				
14041bb30	FUN_14041bb30	140				
14041bbc0	__remainder_piby2d2f_forC	387				
14041bd50	FUN_14041bd50	19				
14041bd70	FUN_14041bd70	9				
14041bd80	FUN_14041bd80	113				
14041be00	FUN_14041be00	117				
14041be80	FUN_14041be80	90				
14041bee0	FUN_14041bee0	94				
14041bf60	FUN_14041bf60	22				
14041bf80	FUN_14041bf80	671				
14041c220	FUN_14041c220	22				
14041c240	FUN_14041c240	540				
14041c460	FUN_14041c460	22				
14041c480	FUN_14041c480	1018				
14041c880	FUN_14041c880	1339				
14041ce00	FUN_14041ce00	651				
14041d0c0	FUN_14041d0c0	856				
14041d420	FUN_14041d420	850				
14041d780	FUN_14041d780	432				
14041d940	FUN_14041d940	441				
14041db10	FUN_14041db10	22				
14041db30	FUN_14041db30	2068				
14041e350	FUN_14041e350	3443				
14041f210	FUN_14041f210	1277				
14041f780	FUN_14041f780	184				
14041f840	FUN_14041f840	628				
14041fac0	FUN_14041fac0	508				
14041fcc0	FUN_14041fcc0	987				
1404200a0	FUN_1404200a0	510				
1404202b0	FUN_1404202b0	1932				
140420a40	FUN_140420a40	61				
140420a80	FUN_140420a80	47				
140420ab0	FUN_140420ab0	81				
140420b10	FUN_140420b10	55				
140420b50	FUN_140420b50	74				
140420ba0	FUN_140420ba0	17				
140420bc0	FUN_140420bc0	330				
140420d40	_guard_dispatch_icall	2				
140420d60	_guard_dispatch_icall	6				
140420d80	_guard_dispatch_icall	6				
140420da0	FUN_140420da0	235				
140420eb0	FUN_140420eb0	144				
140420f50	FUN_140420f50	144				
140420ff0	memcmp	198				
1404210e0	FUN_1404210e0	16				
1404210f0	FUN_1404210f0	1369				
140421790	FUN_140421790	16				
1404217a0	FUN_1404217a0	725				
140421b40	strncat	404				
140421cf0	strncmp	125				
140421d80	strcmp	103				
140421e00	strlen	168				
140421ec0	strncpy	354				
140422040	FUN_140422040	144				
1404220e0	FUN_1404220e0	183				
1404221a0	FUN_1404221a0	23				
1404221c0	FUN_1404221c0	29				
1404221e0	FUN_1404221e0	29				
140422220	FUN_140422220	29				
140422260	FUN_140422260	45				
140422340	FUN_140422340	38				
140422370	FUN_140422370	38				
1404223a0	FUN_1404223a0	38				
1404223d0	FUN_1404223d0	38				
140422400	FUN_140422400	128				
140422490	FUN_140422490	514				
1404226a0	FUN_1404226a0	38				
140422770	FUN_140422770	29				
140422880	FUN_140422880	32				
1404228a0	FUN_1404228a0	32				
1404228c0	FUN_1404228c0	41				
140422960	FUN_140422960	32				
140422980	FUN_140422980	32				
1404229a0	FUN_1404229a0	32				
1404229c0	FUN_1404229c0	44				
140422a00	FUN_140422a00	32				
140422a20	FUN_140422a20	32				
140422a40	FUN_140422a40	32				
140422a80	FUN_140422a80	41				
140422ac0	FUN_140422ac0	41				
140422af0	FUN_140422af0	41				
140422b20	FUN_140422b20	41				
140422b50	FUN_140422b50	41				
140422b80	FUN_140422b80	41				
140422bf0	FUN_140422bf0	41				
140422c20	FUN_140422c20	41				
140422c50	FUN_140422c50	41				
140422c80	FUN_140422c80	41				
140422cb0	FUN_140422cb0	41				
140422d30	FUN_140422d30	29				
140422d50	FUN_140422d50	29				
140422ee0	FUN_140422ee0	38				
140422f10	FUN_140422f10	38				
140422f50	FUN_140422f50	41				
140422f80	FUN_140422f80	41				
140422fb0	FUN_140422fb0	41				
140422fe0	FUN_140422fe0	41				
140423010	FUN_140423010	41				
1404230c0	FUN_1404230c0	144				
140423160	FUN_140423160	172				
140423210	FUN_140423210	186				
1404232d0	FUN_1404232d0	27				
1404232f0	FUN_1404232f0	32				
140423311	FUN_140423311	130				
1404233a0	FUN_1404233a0	36				
1404233c5	FUN_1404233c5	141				
140423460	FUN_140423460	21				
140423476	FUN_140423476	34				
1404234a0	FUN_1404234a0	21				
1404234b6	FUN_1404234b6	34				
1404234d9	FUN_1404234d9	26				
1404234f4	FUN_1404234f4	23				
14042350c	FUN_14042350c	23				
140423524	FUN_140423524	29				
140423542	FUN_140423542	28				
14042355f	FUN_14042355f	23				
140423577	FUN_140423577	25				
140423591	FUN_140423591	23				
1404235a9	FUN_1404235a9	25				
1404235d0	FUN_1404235d0	21				
1404235e6	FUN_1404235e6	21				
1404235fc	FUN_1404235fc	25				
140423616	FUN_140423616	44				
140423643	FUN_140423643	25				
14042365d	FUN_14042365d	32				
14042367e	FUN_14042367e	42				
1404236a9	FUN_1404236a9	24				
1404236c2	FUN_1404236c2	32				
1404236e3	FUN_1404236e3	24				
1404236fc	FUN_1404236fc	25				
140423720	FUN_140423720	44				
14042374d	FUN_14042374d	22				
140423764	FUN_140423764	22				
14042377b	FUN_14042377b	24				
140423794	FUN_140423794	25				
1404237ae	FUN_1404237ae	24				
1404237c7	FUN_1404237c7	24				
1404237e0	FUN_1404237e0	119				
140423858	FUN_140423858	24				
140423871	FUN_140423871	24				
140423890	_ctrlfp$filt$0	45				
1404238c0	FUN_1404238c0	31				
140423be0	FUN_140423be0	42				
140423c30	FUN_140423c30	45				
140423c70	FUN_140423c70	29				
140423cf0	FUN_140423cf0	29				
140423e30	FUN_140423e30	43				
140423e60	FUN_140423e60	43				
140423e90	FUN_140423e90	89				
140423f50	FUN_140423f50	32				
140423f70	FUN_140423f70	32				
140423f90	FUN_140423f90	118				
140424010	FUN_140424010	118				
140424090	FUN_140424090	118				
140424140	FUN_140424140	315				
140424280	FUN_140424280	141				
140424310	FUN_140424310	141				
1404243a0	FUN_1404243a0	141				
140424430	FUN_140424430	107				
1404244a0	FUN_1404244a0	107				
140424510	FUN_140424510	115				
140424590	FUN_140424590	32				
1404245b0	FUN_1404245b0	32				
1404245d0	FUN_1404245d0	107				
140424640	FUN_140424640	44				
140424670	FUN_140424670	32				
140424690	FUN_140424690	62				
1404246e0	FUN_1404246e0	32				
140424700	FUN_140424700	32				
140424720	FUN_140424720	32				
140424750	FUN_140424750	61				
140424790	FUN_140424790	210				
140424870	FUN_140424870	84				
1404248d0	FUN_1404248d0	32				
140424910	FUN_140424910	107				
140424980	FUN_140424980	32				
1404249b0	FUN_1404249b0	32				
1404249d0	FUN_1404249d0	32				
1404249f0	FUN_1404249f0	32				
140424a10	FUN_140424a10	32				
140424a30	FUN_140424a30	32				
140424a80	FUN_140424a80	32				
140424aa0	FUN_140424aa0	32				
140424ac0	FUN_140424ac0	32				
140424ae0	FUN_140424ae0	32				
140424b00	FUN_140424b00	32				
140424b20	FUN_140424b20	44				
140424b50	FUN_140424b50	56				
140424b90	FUN_140424b90	56				
140424bd0	FUN_140424bd0	56				
140424c20	FUN_140424c20	107				
140424ca0	FUN_140424ca0	107				
140424d10	FUN_140424d10	107				
140424d80	FUN_140424d80	107				
140424e00	FUN_140424e00	32				
140424e20	FUN_140424e20	32				
140424e50	FUN_140424e50	32				
140424e70	FUN_140424e70	56				
140424ed0	FUN_140424ed0	56				
140424ff0	FUN_140424ff0	108				
140425060	FUN_140425060	56				
1404250a0	FUN_1404250a0	56				
1404250e0	FUN_1404250e0	23				
140425100	FUN_140425100	32				
140425120	FUN_140425120	56				
140425160	FUN_140425160	56				
1404251a0	FUN_1404251a0	32				
1404251c0	FUN_1404251c0	56				
140425200	FUN_140425200	56				
140425240	FUN_140425240	44				
140425270	FUN_140425270	56				
1404252b0	FUN_1404252b0	61				
1404252f0	FUN_1404252f0	56				
140425330	FUN_140425330	56				
140425370	FUN_140425370	56				
1404253b0	FUN_1404253b0	56				
1404253f0	FUN_1404253f0	56				
140425430	FUN_140425430	56				
140425470	FUN_140425470	61				
1404254b0	FUN_1404254b0	44				
1404254e0	FUN_1404254e0	44				
140425510	FUN_140425510	32				
140425530	FUN_140425530	56				
140425570	FUN_140425570	68				
1404255c0	FUN_1404255c0	56				
140425600	FUN_140425600	56				
140425640	FUN_140425640	56				
140425680	FUN_140425680	118				
140425700	FUN_140425700	80				
140425750	FUN_140425750	96				
1404257b0	FUN_1404257b0	67				
140425800	FUN_140425800	84				
1404258a0	FUN_1404258a0	82				
